Type,POS,Headword,Rank,Freq,Range,NormFreq,NormRange
hám, conjunction,hám,1,378,1,21854.764,1.000
menen			2	197	1	11389.917	1.000
ol		pronoun ol	3	148	1	8556.892	1.000
bul		pronoun bul	4	146	1	8441.258	1.000
bir			5	129	1	7458.372	1.000
bolıp			6	111	1	6417.669	1.000
onıń	pronoun	ol	7	98	1	5666.050	1.000
da			8	86	1	4972.248	1.000
jılı	noun	jıl	8	86	1	4972.248	1.000
bolǵan			10	82	1	4740.981	1.000
óz	pronoun 		10	82	1	4740.981	1.000
ázerbayjan			12	76	1	4394.080	1.000
dep			13	71	1	4104.995	1.000
eń			14	67	1	3873.728	1.000
ushın			15	66	1	3815.911	1.000
degen			16	54	1	3122.109	1.000
penen			17	53	1	3064.292	1.000
belgili			18	52	1	3006.475	1.000
qaraqalpaq			19	50	1	2890.842	1.000
basqa			20	47	1	2717.391	1.000
boladı			21	46	1	2659.574	1.000
ájiniyaz			21	46	1	2659.574	1.000
xalıq			23	45	1	2601.758	1.000
bar			24	43	1	2486.124	1.000
al			25	42	1	2428.307	1.000
edi			26	41	1	2370.490	1.000
shayır			27	40	1	2312.673	1.000
kóp			28	39	1	2254.857	1.000
de			29	38	1	2197.040	1.000
title			29	38	1	2197.040	1.000
kórkem			31	37	1	2139.223	1.000
payda			31	37	1	2139.223	1.000
biraq			33	36	1	2081.406	1.000
eki			34	35	1	2023.589	1.000
úlken			34	35	1	2023.589	1.000
biri			36	34	1	1965.772	1.000
boldı			37	33	1	1907.956	1.000
haqqında			37	33	1	1907.956	1.000
sonıń			37	33	1	1907.956	1.000
tárepinen			37	33	1	1907.956	1.000
adam			41	32	1	1850.139	1.000
bolsa			42	31	1	1792.322	1.000
keyin			42	31	1	1792.322	1.000
jıl			44	30	1	1734.505	1.000
sol			44	30	1	1734.505	1.000
usı			44	30	1	1734.505	1.000
óziniń			44	30	1	1734.505	1.000
m			48	29	1	1676.688	1.000
berdaq			49	28	1	1618.871	1.000
boyınsha			49	28	1	1618.871	1.000
esaplanadı			49	28	1	1618.871	1.000
jaqsı			49	28	1	1618.871	1.000
aq			53	27	1	1561.055	1.000
arab			53	27	1	1561.055	1.000
arasında			53	27	1	1561.055	1.000
b			53	27	1	1561.055	1.000
iye			53	27	1	1561.055	1.000
nawayı			53	27	1	1561.055	1.000
yamasa			53	27	1	1561.055	1.000
ǵana			53	27	1	1561.055	1.000
birinshi			61	26	1	1503.238	1.000
jámiyettiń			61	26	1	1503.238	1.000
rus			61	26	1	1503.238	1.000
sıyaqlı			61	26	1	1503.238	1.000
baslap			65	25	1	1445.421	1.000
shayırdıń			65	25	1	1445.421	1.000
emes			67	24	1	1387.604	1.000
hár			67	24	1	1387.604	1.000
olar			67	24	1	1387.604	1.000
áyyemgi			67	24	1	1387.604	1.000
aral			71	23	1	1329.787	1.000
bolıwı			71	23	1	1329.787	1.000
házirgi			71	23	1	1329.787	1.000
jazǵan			71	23	1	1329.787	1.000
onı			71	23	1	1329.787	1.000
ulı			71	23	1	1329.787	1.000
alıp			77	21	1	1214.154	1.000
etip			77	21	1	1214.154	1.000
jańa			77	21	1	1214.154	1.000
qız			77	21	1	1214.154	1.000
tili			77	21	1	1214.154	1.000
a			82	20	1	1156.337	1.000
birge			82	20	1	1156.337	1.000
jaylasqan			82	20	1	1156.337	1.000
jerde			82	20	1	1156.337	1.000
júdá			82	20	1	1156.337	1.000
kóplegen			82	20	1	1156.337	1.000
orta			82	20	1	1156.337	1.000
pushkin			82	20	1	1156.337	1.000
qosıqları			82	20	1	1156.337	1.000
suw			82	20	1	1156.337	1.000
sóz			82	20	1	1156.337	1.000
xix			82	20	1	1156.337	1.000
beredi			94	19	1	1098.520	1.000
e			94	19	1	1098.520	1.000
xalqınıń			94	19	1	1098.520	1.000
ásirdiń			94	19	1	1098.520	1.000
arqalı			98	18	1	1040.703	1.000
dúnya			98	18	1	1040.703	1.000
km			98	18	1	1040.703	1.000
olardıń			98	18	1	1040.703	1.000
teńizi			98	18	1	1040.703	1.000
ullı			98	18	1	1040.703	1.000
ásirde			98	18	1	1040.703	1.000
aladı			105	17	1	982.886	1.000
bunnan			105	17	1	982.886	1.000
jazıp			105	17	1	982.886	1.000
shıǵarmaları			105	17	1	982.886	1.000
tek			105	17	1	982.886	1.000
tiyisli			105	17	1	982.886	1.000
tiykarǵı			105	17	1	982.886	1.000
turadı			105	17	1	982.886	1.000
ustavlıq			105	17	1	982.886	1.000
ájiniyazdıń			105	17	1	982.886	1.000
ásir			105	17	1	982.886	1.000
ásirlerde			105	17	1	982.886	1.000
ay			117	16	1	925.069	1.000
jılları			117	16	1	925.069	1.000
múmkin			117	16	1	925.069	1.000
qubla			117	16	1	925.069	1.000
qıylı			117	16	1	925.069	1.000
sh			117	16	1	925.069	1.000
shayırı			117	16	1	925.069	1.000
shekem			117	16	1	925.069	1.000
t			117	16	1	925.069	1.000
ulıwma			117	16	1	925.069	1.000
ákesi			117	16	1	925.069	1.000
úsh			117	16	1	925.069	1.000
abay			129	15	1	867.253	1.000
alıw			129	15	1	867.253	1.000
jasaydı			129	15	1	867.253	1.000
jer			129	15	1	867.253	1.000
qazaq			129	15	1	867.253	1.000
solay			129	15	1	867.253	1.000
tilinde			129	15	1	867.253	1.000
adamlar			136	14	1	809.436	1.000
alınǵan			136	14	1	809.436	1.000
atı			136	14	1	809.436	1.000
barlıq			136	14	1	809.436	1.000
etedi			136	14	1	809.436	1.000
ishinde			136	14	1	809.436	1.000
jazılǵan			136	14	1	809.436	1.000
jolı			136	14	1	809.436	1.000
kategoriya			136	14	1	809.436	1.000
kelip			136	14	1	809.436	1.000
mámleketlik			136	14	1	809.436	1.000
nizamiy			136	14	1	809.436	1.000
qosıqlar			136	14	1	809.436	1.000
tiykarınan			136	14	1	809.436	1.000
yaǵnıy			136	14	1	809.436	1.000
ózine			136	14	1	809.436	1.000
ashıq			152	13	1	751.619	1.000
az			152	13	1	751.619	1.000
bahalı			152	13	1	751.619	1.000
baku			152	13	1	751.619	1.000
bet			152	13	1	751.619	1.000
ekenligin			152	13	1	751.619	1.000
hesh			152	13	1	751.619	1.000
ibarat			152	13	1	751.619	1.000
ilimiy			152	13	1	751.619	1.000
iran			152	13	1	751.619	1.000
jaman			152	13	1	751.619	1.000
jaqın			152	13	1	751.619	1.000
joqarı			152	13	1	751.619	1.000
keledi			152	13	1	751.619	1.000
kórnekli			152	13	1	751.619	1.000
mıń			152	13	1	751.619	1.000
n			152	13	1	751.619	1.000
patsha			152	13	1	751.619	1.000
qara			152	13	1	751.619	1.000
qaraǵanda			152	13	1	751.619	1.000
qosıq			152	13	1	751.619	1.000
sebebi			152	13	1	751.619	1.000
sıpatında			152	13	1	751.619	1.000
tiykarında			152	13	1	751.619	1.000
ámiwdárya			152	13	1	751.619	1.000
ózbek			152	13	1	751.619	1.000
alisher			178	12	1	693.802	1.000
antarktika			178	12	1	693.802	1.000
atındaǵı			178	12	1	693.802	1.000
aytıs			178	12	1	693.802	1.000
baylanıslı			178	12	1	693.802	1.000
ekinshi			178	12	1	693.802	1.000
haqqındaǵı			178	12	1	693.802	1.000
joq			178	12	1	693.802	1.000
jámiyet			178	12	1	693.802	1.000
meńesh			178	12	1	693.802	1.000
qanday			178	12	1	693.802	1.000
rayonı			178	12	1	693.802	1.000
s			178	12	1	693.802	1.000
shayırlar			178	12	1	693.802	1.000
tariyxıy			178	12	1	693.802	1.000
waqıtta			178	12	1	693.802	1.000
xx			178	12	1	693.802	1.000
ózi			178	12	1	693.802	1.000
akciyalardıń			196	11	1	635.985	1.000
arqa			196	11	1	635.985	1.000
aytadı			196	11	1	635.985	1.000
biologiya			196	11	1	635.985	1.000
dástanı			196	11	1	635.985	1.000
etken			196	11	1	635.985	1.000
islep			196	11	1	635.985	1.000
jasaǵan			196	11	1	635.985	1.000
jaǵınan			196	11	1	635.985	1.000
juwap			196	11	1	635.985	1.000
járdem			196	11	1	635.985	1.000
mámleket			196	11	1	635.985	1.000
neshe			196	11	1	635.985	1.000
násiyat			196	11	1	635.985	1.000
parsı			196	11	1	635.985	1.000
qaytıs			196	11	1	635.985	1.000
satıp			196	11	1	635.985	1.000
sonday			196	11	1	635.985	1.000
teatrı			196	11	1	635.985	1.000
tiri			196	11	1	635.985	1.000
tán			196	11	1	635.985	1.000
túrk			196	11	1	635.985	1.000
xalıqlar			196	11	1	635.985	1.000
ádebiyat			196	11	1	635.985	1.000
ádewir			196	11	1	635.985	1.000
atalǵan			221	10	1	578.168	1.000
atası			221	10	1	578.168	1.000
aziya			221	10	1	578.168	1.000
balası			221	10	1	578.168	1.000
balıq			221	10	1	578.168	1.000
basqalar			221	10	1	578.168	1.000
benen			221	10	1	578.168	1.000
dawamında			221	10	1	578.168	1.000
einstein			221	10	1	578.168	1.000
h			221	10	1	578.168	1.000
jámiy			221	10	1	578.168	1.000
kelgen			221	10	1	578.168	1.000
kiredi			221	10	1	578.168	1.000
kópshilik			221	10	1	578.168	1.000
mısalı			221	10	1	578.168	1.000
nawayınıń			221	10	1	578.168	1.000
neft			221	10	1	578.168	1.000
nókis			221	10	1	578.168	1.000
oǵan			221	10	1	578.168	1.000
qabıl			221	10	1	578.168	1.000
qalasında			221	10	1	578.168	1.000
qalǵan			221	10	1	578.168	1.000
qatar			221	10	1	578.168	1.000
qosıbay			221	10	1	578.168	1.000
qızı			221	10	1	578.168	1.000
rejissyor			221	10	1	578.168	1.000
respublikası			221	10	1	578.168	1.000
rústem			221	10	1	578.168	1.000
tabıladı			221	10	1	578.168	1.000
usınday			221	10	1	578.168	1.000
xalıqaralıq			221	10	1	578.168	1.000
ótti			221	10	1	578.168	1.000
adamlardıń			253	9	1	520.352	1.000
alǵan			253	9	1	520.352	1.000
ashıp			253	9	1	520.352	1.000
atlı			253	9	1	520.352	1.000
awızeki			253	9	1	520.352	1.000
ayapbergen			253	9	1	520.352	1.000
ayrıqsha			253	9	1	520.352	1.000
balalar			253	9	1	520.352	1.000
baslanadı			253	9	1	520.352	1.000
baslaydı			253	9	1	520.352	1.000
basında			253	9	1	520.352	1.000
basıp			253	9	1	520.352	1.000
etiw			253	9	1	520.352	1.000
háreket			253	9	1	520.352	1.000
iri			253	9	1	520.352	1.000
jas			253	9	1	520.352	1.000
jazadı			253	9	1	520.352	1.000
jeti			253	9	1	520.352	1.000
kerek			253	9	1	520.352	1.000
ketedi			253	9	1	520.352	1.000
kórsetedi			253	9	1	520.352	1.000
kún			253	9	1	520.352	1.000
muzıka			253	9	1	520.352	1.000
mádeniy			253	9	1	520.352	1.000
mártebe			253	9	1	520.352	1.000
ne			253	9	1	520.352	1.000
okeanı			253	9	1	520.352	1.000
pútkil			253	9	1	520.352	1.000
qol			253	9	1	520.352	1.000
qosımsha			253	9	1	520.352	1.000
qosıqlarınıń			253	9	1	520.352	1.000
quraydı			253	9	1	520.352	1.000
rossiya			253	9	1	520.352	1.000
shekemgi			253	9	1	520.352	1.000
shıqqan			253	9	1	520.352	1.000
shıǵarmalar			253	9	1	520.352	1.000
shıǵıs			253	9	1	520.352	1.000
sońınan			253	9	1	520.352	1.000
teńiz			253	9	1	520.352	1.000
tórt			253	9	1	520.352	1.000
xamsa			253	9	1	520.352	1.000
ádebiyatınıń			253	9	1	520.352	1.000
ásirese			253	9	1	520.352	1.000
ómir			253	9	1	520.352	1.000
adamnıń			297	8	1	462.535	1.000
afrika			297	8	1	462.535	1.000
akcionerlik			297	8	1	462.535	1.000
ala			297	8	1	462.535	1.000
ataladı			297	8	1	462.535	1.000
awıl			297	8	1	462.535	1.000
axmed			297	8	1	462.535	1.000
aytıp			297	8	1	462.535	1.000
aytıstıń			297	8	1	462.535	1.000
bunda			297	8	1	462.535	1.000
bunday			297	8	1	462.535	1.000
dawam			297	8	1	462.535	1.000
eger			297	8	1	462.535	1.000
eski			297	8	1	462.535	1.000
evropa			297	8	1	462.535	1.000
fizuliy			297	8	1	462.535	1.000
huqıqıy			297	8	1	462.535	1.000
i			297	8	1	462.535	1.000
ishine			297	8	1	462.535	1.000
iskender			297	8	1	462.535	1.000
jazba			297	8	1	462.535	1.000
jigit			297	8	1	462.535	1.000
júz			297	8	1	462.535	1.000
jıldan			297	8	1	462.535	1.000
jılǵa			297	8	1	462.535	1.000
kavkaz			297	8	1	462.535	1.000
keyingi			297	8	1	462.535	1.000
keń			297	8	1	462.535	1.000
kitabı			297	8	1	462.535	1.000
materiallıq			297	8	1	462.535	1.000
materik			297	8	1	462.535	1.000
muwsa			297	8	1	462.535	1.000
málim			297	8	1	462.535	1.000
on			297	8	1	462.535	1.000
q			297	8	1	462.535	1.000
qatarda			297	8	1	462.535	1.000
qazaqstan			297	8	1	462.535	1.000
retinde			297	8	1	462.535	1.000
shıǵarmaların			297	8	1	462.535	1.000
shıǵarıw			297	8	1	462.535	1.000
sońǵı			297	8	1	462.535	1.000
teatr			297	8	1	462.535	1.000
teńizdiń			297	8	1	462.535	1.000
tiliniń			297	8	1	462.535	1.000
tolıq			297	8	1	462.535	1.000
u			297	8	1	462.535	1.000
ushında			297	8	1	462.535	1.000
variantı			297	8	1	462.535	1.000
xalqı			297	8	1	462.535	1.000
yugnakiy			297	8	1	462.535	1.000
ájayıp			297	8	1	462.535	1.000
akcionerlerdiń			348	7	1	404.718	1.000
akciyalardı			348	7	1	404.718	1.000
aldına			348	7	1	404.718	1.000
aldında			348	7	1	404.718	1.000
alpamıs			348	7	1	404.718	1.000
apsheron			348	7	1	404.718	1.000
aqıl			348	7	1	404.718	1.000
atap			348	7	1	404.718	1.000
bala			348	7	1	404.718	1.000
baqsı			348	7	1	404.718	1.000
barıp			348	7	1	404.718	1.000
basladı			348	7	1	404.718	1.000
baslaǵan			348	7	1	404.718	1.000
belgilengen			348	7	1	404.718	1.000
berdaqtıń			348	7	1	404.718	1.000
birden			348	7	1	404.718	1.000
bolǵanı			348	7	1	404.718	1.000
burın			348	7	1	404.718	1.000
bólegi			348	7	1	404.718	1.000
bólimi			348	7	1	404.718	1.000
den			348	7	1	404.718	1.000
durıs			348	7	1	404.718	1.000
dáslepki			348	7	1	404.718	1.000
dástan			348	7	1	404.718	1.000
eramızǵa			348	7	1	404.718	1.000
etiledi			348	7	1	404.718	1.000
hawa			348	7	1	404.718	1.000
háyiw			348	7	1	404.718	1.000
ilim			348	7	1	404.718	1.000
jasında			348	7	1	404.718	1.000
jawın			348	7	1	404.718	1.000
jaǵdayda			348	7	1	404.718	1.000
jerlerde			348	7	1	404.718	1.000
jáne			348	7	1	404.718	1.000
jıllar			348	7	1	404.718	1.000
jırawdan			348	7	1	404.718	1.000
kaspiy			348	7	1	404.718	1.000
keldi			348	7	1	404.718	1.000
ketken			348	7	1	404.718	1.000
keyinirek			348	7	1	404.718	1.000
kishkene			348	7	1	404.718	1.000
kub			348	7	1	404.718	1.000
kóbirek			348	7	1	404.718	1.000
kózge			348	7	1	404.718	1.000
milliy			348	7	1	404.718	1.000
mingechaur			348	7	1	404.718	1.000
molla			348	7	1	404.718	1.000
mámleketler			348	7	1	404.718	1.000
máselen			348	7	1	404.718	1.000
nájep			348	7	1	404.718	1.000
olardı			348	7	1	404.718	1.000
onnan			348	7	1	404.718	1.000
oǵada			348	7	1	404.718	1.000
pushkinniń			348	7	1	404.718	1.000
qaladı			348	7	1	404.718	1.000
qay			348	7	1	404.718	1.000
qaytıp			348	7	1	404.718	1.000
qazaqstanda			348	7	1	404.718	1.000
qaǵaz			348	7	1	404.718	1.000
qosıqların			348	7	1	404.718	1.000
qurǵaq			348	7	1	404.718	1.000
qıtay			348	7	1	404.718	1.000
rawajlanǵan			348	7	1	404.718	1.000
sheshim			348	7	1	404.718	1.000
shıǵarılǵan			348	7	1	404.718	1.000
sotsiallıq			348	7	1	404.718	1.000
talantlı			348	7	1	404.718	1.000
tap			348	7	1	404.718	1.000
tariyxında			348	7	1	404.718	1.000
teńizine			348	7	1	404.718	1.000
turǵan			348	7	1	404.718	1.000
tuwılǵan			348	7	1	404.718	1.000
tájik			348	7	1	404.718	1.000
tásir			348	7	1	404.718	1.000
túri			348	7	1	404.718	1.000
tısqarı			348	7	1	404.718	1.000
vi			348	7	1	404.718	1.000
waqıtları			348	7	1	404.718	1.000
ádebiyatı			348	7	1	404.718	1.000
ádette			348	7	1	404.718	1.000
áhmiyetli			348	7	1	404.718	1.000
ásirdegi			348	7	1	404.718	1.000
ómiri			348	7	1	404.718	1.000
úshinshi			348	7	1	404.718	1.000
adamları			432	6	1	346.901	1.000
akademiyası			432	6	1	346.901	1.000
arnalǵan			432	6	1	346.901	1.000
at			432	6	1	346.901	1.000
ata			432	6	1	346.901	1.000
ataǵan			432	6	1	346.901	1.000
avesto			432	6	1	346.901	1.000
aytısı			432	6	1	346.901	1.000
ayırım			432	6	1	346.901	1.000
ańızlar			432	6	1	346.901	1.000
bahalaw			432	6	1	346.901	1.000
bakteriya			432	6	1	346.901	1.000
bakteriyalar			432	6	1	346.901	1.000
bakuda			432	6	1	346.901	1.000
balanıń			432	6	1	346.901	1.000
baylanısta			432	6	1	346.901	1.000
bes			432	6	1	346.901	1.000
bola			432	6	1	346.901	1.000
bolsada			432	6	1	346.901	1.000
bunıń			432	6	1	346.901	1.000
buǵan			432	6	1	346.901	1.000
bılay			432	6	1	346.901	1.000
diniy			432	6	1	346.901	1.000
dáslep			432	6	1	346.901	1.000
dáwirde			432	6	1	346.901	1.000
dúnyaǵa			432	6	1	346.901	1.000
dúzildi			432	6	1	346.901	1.000
el			432	6	1	346.901	1.000
etti			432	6	1	346.901	1.000
f			432	6	1	346.901	1.000
ferdawsiy			432	6	1	346.901	1.000
filosofiyalıq			432	6	1	346.901	1.000
g			432	6	1	346.901	1.000
haywanlar			432	6	1	346.901	1.000
hind			432	6	1	346.901	1.000
iyeleydi			432	6	1	346.901	1.000
jaqsıraq			432	6	1	346.901	1.000
jeke			432	6	1	346.901	1.000
jol			432	6	1	346.901	1.000
ketti			432	6	1	346.901	1.000
kisi			432	6	1	346.901	1.000
kletkalılar			432	6	1	346.901	1.000
kura			432	6	1	346.901	1.000
kóbeytiw			432	6	1	346.901	1.000
kóz			432	6	1	346.901	1.000
láyli			432	6	1	346.901	1.000
marafon			432	6	1	346.901	1.000
mazmunı			432	6	1	346.901	1.000
maǵlıwmatlar			432	6	1	346.901	1.000
mektebi			432	6	1	346.901	1.000
mektep			432	6	1	346.901	1.000
miynet			432	6	1	346.901	1.000
názerde			432	6	1	346.901	1.000
qalası			432	6	1	346.901	1.000
qaldı			432	6	1	346.901	1.000
qarsı			432	6	1	346.901	1.000
qıyın			432	6	1	346.901	1.000
qızıl			432	6	1	346.901	1.000
r			432	6	1	346.901	1.000
rawajlanıwına			432	6	1	346.901	1.000
sanaatı			432	6	1	346.901	1.000
sebepli			432	6	1	346.901	1.000
shaxnama			432	6	1	346.901	1.000
shayırlardıń			432	6	1	346.901	1.000
shıǵadı			432	6	1	346.901	1.000
shıǵarma			432	6	1	346.901	1.000
tiline			432	6	1	346.901	1.000
ts			432	6	1	346.901	1.000
tuwralı			432	6	1	346.901	1.000
túrkiy			432	6	1	346.901	1.000
túrli			432	6	1	346.901	1.000
v			432	6	1	346.901	1.000
waqıt			432	6	1	346.901	1.000
waqıttaǵı			432	6	1	346.901	1.000
yaki			432	6	1	346.901	1.000
yarım			432	6	1	346.901	1.000
ádebiyatında			432	6	1	346.901	1.000
álbent			432	6	1	346.901	1.000
álbette			432	6	1	346.901	1.000
ápiwayı			432	6	1	346.901	1.000
ásirler			432	6	1	346.901	1.000
óner			432	6	1	346.901	1.000
ózgerisler			432	6	1	346.901	1.000
úles			432	6	1	346.901	1.000
ǵarǵabaydıń			432	6	1	346.901	1.000
adamdı			517	5	1	289.084	1.000
akciya			517	5	1	289.084	1.000
aldı			517	5	1	289.084	1.000
aldın			517	5	1	289.084	1.000
anası			517	5	1	289.084	1.000
antarktikanıń			517	5	1	289.084	1.000
anıq			517	5	1	289.084	1.000
aqırı			517	5	1	289.084	1.000
arake			517	5	1	289.084	1.000
arasınan			517	5	1	289.084	1.000
arasındaǵı			517	5	1	289.084	1.000
artıq			517	5	1	289.084	1.000
ashar			517	5	1	289.084	1.000
ashardıń			517	5	1	289.084	1.000
ashıldı			517	5	1	289.084	1.000
aytıladı			517	5	1	289.084	1.000
aytısta			517	5	1	289.084	1.000
azaytıw			517	5	1	289.084	1.000
bahasın			517	5	1	289.084	1.000
baslarında			517	5	1	289.084	1.000
beretuǵın			517	5	1	289.084	1.000
bergen			517	5	1	289.084	1.000
besik			517	5	1	289.084	1.000
bilim			517	5	1	289.084	1.000
bolmaǵan			517	5	1	289.084	1.000
derlik			517	5	1	289.084	1.000
dini			517	5	1	289.084	1.000
dostı			517	5	1	289.084	1.000
dárya			517	5	1	289.084	1.000
dáwirinde			517	5	1	289.084	1.000
dóretiwshiligi			517	5	1	289.084	1.000
dóretiwshilik			517	5	1	289.084	1.000
dúnyanıń			517	5	1	289.084	1.000
ekonomikalıq			517	5	1	289.084	1.000
er			517	5	1	289.084	1.000
evrey			517	5	1	289.084	1.000
filosofiyası			517	5	1	289.084	1.000
ga			517	5	1	289.084	1.000
ganjaviy			517	5	1	289.084	1.000
gaz			517	5	1	289.084	1.000
geyde			517	5	1	289.084	1.000
haywanlardıń			517	5	1	289.084	1.000
hindistan			517	5	1	289.084	1.000
húkimet			517	5	1	289.084	1.000
islam			517	5	1	289.084	1.000
j			517	5	1	289.084	1.000
jasaw			517	5	1	289.084	1.000
jazıw			517	5	1	289.084	1.000
jaǵdaylar			517	5	1	289.084	1.000
jep			517	5	1	289.084	1.000
jetim			517	5	1	289.084	1.000
jetip			517	5	1	289.084	1.000
jumıs			517	5	1	289.084	1.000
jámiyetlik			517	5	1	289.084	1.000
júzege			517	5	1	289.084	1.000
kapitaldı			517	5	1	289.084	1.000
kem			517	5	1	289.084	1.000
keńesi			517	5	1	289.084	1.000
kórip			517	5	1	289.084	1.000
kúnde			517	5	1	289.084	1.000
kúshli			517	5	1	289.084	1.000
materiya			517	5	1	289.084	1.000
medicina			517	5	1	289.084	1.000
mektepte			517	5	1	289.084	1.000
minez			517	5	1	289.084	1.000
mln			517	5	1	289.084	1.000
moynaq			517	5	1	289.084	1.000
mádeniyat			517	5	1	289.084	1.000
mádeniyatı			517	5	1	289.084	1.000
májbúr			517	5	1	289.084	1.000
mámleketi			517	5	1	289.084	1.000
naxichevan			517	5	1	289.084	1.000
nominal			517	5	1	289.084	1.000
noyabr			517	5	1	289.084	1.000
onda			517	5	1	289.084	1.000
oqıp			517	5	1	289.084	1.000
oqıw			517	5	1	289.084	1.000
organizmler			517	5	1	289.084	1.000
ortasha			517	5	1	289.084	1.000
partiyası			517	5	1	289.084	1.000
pedagogikalıq			517	5	1	289.084	1.000
poemaları			517	5	1	289.084	1.000
poeması			517	5	1	289.084	1.000
pútkilley			517	5	1	289.084	1.000
qala			517	5	1	289.084	1.000
qaldırǵan			517	5	1	289.084	1.000
qaraqalpaqstan			517	5	1	289.084	1.000
qayta			517	5	1	289.084	1.000
qosıǵında			517	5	1	289.084	1.000
qońırat			517	5	1	289.084	1.000
qunanbay			517	5	1	289.084	1.000
qıladı			517	5	1	289.084	1.000
qırǵa			517	5	1	289.084	1.000
qızına			517	5	1	289.084	1.000
rawajlandı			517	5	1	289.084	1.000
rawajlanıw			517	5	1	289.084	1.000
rawajlanıwı			517	5	1	289.084	1.000
ret			517	5	1	289.084	1.000
ruqsat			517	5	1	289.084	1.000
saxara			517	5	1	289.084	1.000
saz			517	5	1	289.084	1.000
shıǵaradı			517	5	1	289.084	1.000
shıǵarmalarında			517	5	1	289.084	1.000
siyasiy			517	5	1	289.084	1.000
sonda			517	5	1	289.084	1.000
sumgait			517	5	1	289.084	1.000
sózlerdi			517	5	1	289.084	1.000
súwretlengen			517	5	1	289.084	1.000
tabriziy			517	5	1	289.084	1.000
tariyxın			517	5	1	289.084	1.000
tereń			517	5	1	289.084	1.000
tilge			517	5	1	289.084	1.000
tiyis			517	5	1	289.084	1.000
turıp			517	5	1	289.084	1.000
tutılǵan			517	5	1	289.084	1.000
tuwısqan			517	5	1	289.084	1.000
tásiri			517	5	1	289.084	1.000
túrki			517	5	1	289.084	1.000
túser			517	5	1	289.084	1.000
túsip			517	5	1	289.084	1.000
vedalıq			517	5	1	289.084	1.000
waqıya			517	5	1	289.084	1.000
xii			517	5	1	289.084	1.000
xiratqa			517	5	1	289.084	1.000
xojalıq			517	5	1	289.084	1.000
xızmet			517	5	1	289.084	1.000
ádebiy			517	5	1	289.084	1.000
ásirden			517	5	1	289.084	1.000
ázerbayjanda			517	5	1	289.084	1.000
óneri			517	5	1	289.084	1.000
ósken			517	5	1	289.084	1.000
ózbekstan			517	5	1	289.084	1.000
úylenedi			517	5	1	289.084	1.000
ılayıq			517	5	1	289.084	1.000
ǵarǵabay			517	5	1	289.084	1.000
akciyalar			652	4	1	231.267	1.000
aleksandr			652	4	1	231.267	1.000
altı			652	4	1	231.267	1.000
alımlar			652	4	1	231.267	1.000
alınıp			652	4	1	231.267	1.000
antarktikada			652	4	1	231.267	1.000
aqırında			652	4	1	231.267	1.000
aralıǵında			652	4	1	231.267	1.000
arnawlı			652	4	1	231.267	1.000
astı			652	4	1	231.267	1.000
atawları			652	4	1	231.267	1.000
atırǵan			652	4	1	231.267	1.000
avtor			652	4	1	231.267	1.000
awdarılǵan			652	4	1	231.267	1.000
awdarǵan			652	4	1	231.267	1.000
awqamı			652	4	1	231.267	1.000
aymaǵında			652	4	1	231.267	1.000
aytqanda			652	4	1	231.267	1.000
aytısqan			652	4	1	231.267	1.000
aytıw			652	4	1	231.267	1.000
azia			652	4	1	231.267	1.000
ańlatadı			652	4	1	231.267	1.000
baradı			652	4	1	231.267	1.000
bas			652	4	1	231.267	1.000
baslı			652	4	1	231.267	1.000
bay			652	4	1	231.267	1.000
bazar			652	4	1	231.267	1.000
beriw			652	4	1	231.267	1.000
bilimlendiriw			652	4	1	231.267	1.000
bilimli			652	4	1	231.267	1.000
biologiyası			652	4	1	231.267	1.000
birgelikte			652	4	1	231.267	1.000
biy			652	4	1	231.267	1.000
bizge			652	4	1	231.267	1.000
biziń			652	4	1	231.267	1.000
bolıw			652	4	1	231.267	1.000
bozataw			652	4	1	231.267	1.000
burınnan			652	4	1	231.267	1.000
bólegin			652	4	1	231.267	1.000
bólim			652	4	1	231.267	1.000
di			652	4	1	231.267	1.000
din			652	4	1	231.267	1.000
dizimge			652	4	1	231.267	1.000
dárejesi			652	4	1	231.267	1.000
dástanınıń			652	4	1	231.267	1.000
dáwir			652	4	1	231.267	1.000
dáwirine			652	4	1	231.267	1.000
dáwiriniń			652	4	1	231.267	1.000
dáwqaraev			652	4	1	231.267	1.000
dóretpeleriniń			652	4	1	231.267	1.000
dúzilgen			652	4	1	231.267	1.000
dıqqatqa			652	4	1	231.267	1.000
eken			652	4	1	231.267	1.000
ekenin			652	4	1	231.267	1.000
elektr			652	4	1	231.267	1.000
ganja			652	4	1	231.267	1.000
haqıyqıy			652	4	1	231.267	1.000
huqıqına			652	4	1	231.267	1.000
hámme			652	4	1	231.267	1.000
hámmesi			652	4	1	231.267	1.000
hárbir			652	4	1	231.267	1.000
hújjet			652	4	1	231.267	1.000
ilimpaz			652	4	1	231.267	1.000
iyeleriniń			652	4	1	231.267	1.000
izertlew			652	4	1	231.267	1.000
jan			652	4	1	231.267	1.000
janrı			652	4	1	231.267	1.000
jaslarınan			652	4	1	231.267	1.000
jaylastırıw			652	4	1	231.267	1.000
jazıwǵa			652	4	1	231.267	1.000
jaǵdaylarda			652	4	1	231.267	1.000
jeriniń			652	4	1	231.267	1.000
jigirma			652	4	1	231.267	1.000
jolda			652	4	1	231.267	1.000
joqarǵı			652	4	1	231.267	1.000
jumısları			652	4	1	231.267	1.000
júrek			652	4	1	231.267	1.000
júrgen			652	4	1	231.267	1.000
jıllarda			652	4	1	231.267	1.000
jıllarında			652	4	1	231.267	1.000
jıllı			652	4	1	231.267	1.000
jılına			652	4	1	231.267	1.000
jıynalısında			652	4	1	231.267	1.000
jıynalǵan			652	4	1	231.267	1.000
kapitalı			652	4	1	231.267	1.000
kapitalın			652	4	1	231.267	1.000
kartasında			652	4	1	231.267	1.000
kartaǵa			652	4	1	231.267	1.000
keliwi			652	4	1	231.267	1.000
kemnen			652	4	1	231.267	1.000
keńnen			652	4	1	231.267	1.000
kim			652	4	1	231.267	1.000
kirip			652	4	1	231.267	1.000
kisiniń			652	4	1	231.267	1.000
kletkalılardıń			652	4	1	231.267	1.000
konferenciya			652	4	1	231.267	1.000
kópshiligi			652	4	1	231.267	1.000
kórgen			652	4	1	231.267	1.000
kórsetilgen			652	4	1	231.267	1.000
kórsetken			652	4	1	231.267	1.000
kózi			652	4	1	231.267	1.000
lirikalıq			652	4	1	231.267	1.000
materiallar			652	4	1	231.267	1.000
metrge			652	4	1	231.267	1.000
mirza			652	4	1	231.267	1.000
miyras			652	4	1	231.267	1.000
mol			652	4	1	231.267	1.000
muǵdarı			652	4	1	231.267	1.000
nájip			652	4	1	231.267	1.000
nátiyjesinde			652	4	1	231.267	1.000
obrazı			652	4	1	231.267	1.000
operaǵa			652	4	1	231.267	1.000
oqıwǵa			652	4	1	231.267	1.000
oyın			652	4	1	231.267	1.000
poetikalıq			652	4	1	231.267	1.000
pul			652	4	1	231.267	1.000
qalalar			652	4	1	231.267	1.000
qalasına			652	4	1	231.267	1.000
qalay			652	4	1	231.267	1.000
qaraqalpaqlar			652	4	1	231.267	1.000
qatarları			652	4	1	231.267	1.000
qattı			652	4	1	231.267	1.000
qayda			652	4	1	231.267	1.000
qazaqstannıń			652	4	1	231.267	1.000
qoljazba			652	4	1	231.267	1.000
qosqan			652	4	1	231.267	1.000
qosıp			652	4	1	231.267	1.000
qurap			652	4	1	231.267	1.000
qurıldı			652	4	1	231.267	1.000
qálegen			652	4	1	231.267	1.000
qısqa			652	4	1	231.267	1.000
realistlik			652	4	1	231.267	1.000
sankt			652	4	1	231.267	1.000
saqlanǵan			652	4	1	231.267	1.000
sarayı			652	4	1	231.267	1.000
sebepshi			652	4	1	231.267	1.000
shamalas			652	4	1	231.267	1.000
shaxnamanıń			652	4	1	231.267	1.000
shayırları			652	4	1	231.267	1.000
sheber			652	4	1	231.267	1.000
shártnama			652	4	1	231.267	1.000
shólkemlestirildi			652	4	1	231.267	1.000
shıǵarıp			652	4	1	231.267	1.000
shıǵıp			652	4	1	231.267	1.000
sonnan			652	4	1	231.267	1.000
soń			652	4	1	231.267	1.000
suhrab			652	4	1	231.267	1.000
sóyleytuǵın			652	4	1	231.267	1.000
súwret			652	4	1	231.267	1.000
tas			652	4	1	231.267	1.000
taw			652	4	1	231.267	1.000
tawları			652	4	1	231.267	1.000
te			652	4	1	231.267	1.000
tez			652	4	1	231.267	1.000
tilles			652	4	1	231.267	1.000
tirishilik			652	4	1	231.267	1.000
turmıstıń			652	4	1	231.267	1.000
tálim			652	4	1	231.267	1.000
túrin			652	4	1	231.267	1.000
túrkiyanıń			652	4	1	231.267	1.000
túrkstan			652	4	1	231.267	1.000
túsedi			652	4	1	231.267	1.000
túsirgen			652	4	1	231.267	1.000
tınısh			652	4	1	231.267	1.000
ul			652	4	1	231.267	1.000
universitetinde			652	4	1	231.267	1.000
ustaz			652	4	1	231.267	1.000
usılı			652	4	1	231.267	1.000
uzın			652	4	1	231.267	1.000
uzınlıǵı			652	4	1	231.267	1.000
vedalar			652	4	1	231.267	1.000
xannıń			652	4	1	231.267	1.000
xi			652	4	1	231.267	1.000
xiv			652	4	1	231.267	1.000
xiywa			652	4	1	231.267	1.000
xojalıǵı			652	4	1	231.267	1.000
xusayn			652	4	1	231.267	1.000
xvi			652	4	1	231.267	1.000
xvii			652	4	1	231.267	1.000
xısıraw			652	4	1	231.267	1.000
yadtan			652	4	1	231.267	1.000
yarımında			652	4	1	231.267	1.000
yugnak			652	4	1	231.267	1.000
zaman			652	4	1	231.267	1.000
zat			652	4	1	231.267	1.000
ábilqasım			652	4	1	231.267	1.000
ásbapları			652	4	1	231.267	1.000
äjiniyaz			652	4	1	231.267	1.000
ótken			652	4	1	231.267	1.000
ótkir			652	4	1	231.267	1.000
ózgesheligi			652	4	1	231.267	1.000
ózleriniń			652	4	1	231.267	1.000
úlesi			652	4	1	231.267	1.000
adamlardı			845	3	1	173.451	1.000
advokatlar			845	3	1	173.451	1.000
advokatura			845	3	1	173.451	1.000
afrikada			845	3	1	173.451	1.000
afrikanıń			845	3	1	173.451	1.000
albert			845	3	1	173.451	1.000
almadı			845	3	1	173.451	1.000
almay			845	3	1	173.451	1.000
almaydı			845	3	1	173.451	1.000
alındı			845	3	1	173.451	1.000
alıwı			845	3	1	173.451	1.000
appaǵım			845	3	1	173.451	1.000
aqlıq			845	3	1	173.451	1.000
aqsh			845	3	1	173.451	1.000
aqıbetinde			845	3	1	173.451	1.000
arablar			845	3	1	173.451	1.000
arnap			845	3	1	173.451	1.000
arshin			845	3	1	173.451	1.000
arxitektorı			845	3	1	173.451	1.000
arxitekturalıq			845	3	1	173.451	1.000
aslam			845	3	1	173.451	1.000
ataqlı			845	3	1	173.451	1.000
ataydı			845	3	1	173.451	1.000
atqarılatuǵın			845	3	1	173.451	1.000
awqat			845	3	1	173.451	1.000
awılda			845	3	1	173.451	1.000
awıllıq			845	3	1	173.451	1.000
axundov			845	3	1	173.451	1.000
aytatuǵın			845	3	1	173.451	1.000
aytqan			845	3	1	173.451	1.000
aytılıwı			845	3	1	173.451	1.000
aytısları			845	3	1	173.451	1.000
ayırılıp			845	3	1	173.451	1.000
azaytıwǵa			845	3	1	173.451	1.000
azıq			845	3	1	173.451	1.000
aǵartıwshılıq			845	3	1	173.451	1.000
baha			845	3	1	173.451	1.000
bahası			845	3	1	173.451	1.000
bakteriyanıń			845	3	1	173.451	1.000
balaları			845	3	1	173.451	1.000
baqlaw			845	3	1	173.451	1.000
bardı			845	3	1	173.451	1.000
barıwı			845	3	1	173.451	1.000
barǵan			845	3	1	173.451	1.000
baspa			845	3	1	173.451	1.000
baspadan			845	3	1	173.451	1.000
basqarıw			845	3	1	173.451	1.000
bastırıp			845	3	1	173.451	1.000
batır			845	3	1	173.451	1.000
baǵdarda			845	3	1	173.451	1.000
baǵıshlanǵan			845	3	1	173.451	1.000
berdi			845	3	1	173.451	1.000
berdimurat			845	3	1	173.451	1.000
berildi			845	3	1	173.451	1.000
berilgen			845	3	1	173.451	1.000
bilgen			845	3	1	173.451	1.000
bilimin			845	3	1	173.451	1.000
biologlar			845	3	1	173.451	1.000
birew			845	3	1	173.451	1.000
birin			845	3	1	173.451	1.000
birlikte			845	3	1	173.451	1.000
bizler			845	3	1	173.451	1.000
bolgan			845	3	1	173.451	1.000
bolıwına			845	3	1	173.451	1.000
bolǵanlıǵı			845	3	1	173.451	1.000
bulardıń			845	3	1	173.451	1.000
bunı			845	3	1	173.451	1.000
butakov			845	3	1	173.451	1.000
bólimde			845	3	1	173.451	1.000
bólimin			845	3	1	173.451	1.000
bóliminde			845	3	1	173.451	1.000
bólip			845	3	1	173.451	1.000
degende			845	3	1	173.451	1.000
deregi			845	3	1	173.451	1.000
dáwirdiń			845	3	1	173.451	1.000
dáwirindegi			845	3	1	173.451	1.000
dáwirlerde			845	3	1	173.451	1.000
dóretiwshiligine			845	3	1	173.451	1.000
dóretken			845	3	1	173.451	1.000
dúziw			845	3	1	173.451	1.000
dıqqat			845	3	1	173.451	1.000
edim			845	3	1	173.451	1.000
ele			845	3	1	173.451	1.000
elge			845	3	1	173.451	1.000
eline			845	3	1	173.451	1.000
elmurat			845	3	1	173.451	1.000
ertekleri			845	3	1	173.451	1.000
esaplaw			845	3	1	173.451	1.000
ese			845	3	1	173.451	1.000
eskertkish			845	3	1	173.451	1.000
et			845	3	1	173.451	1.000
etildi			845	3	1	173.451	1.000
evgeniy			845	3	1	173.451	1.000
eynshteyn			845	3	1	173.451	1.000
farhad			845	3	1	173.451	1.000
folklordaǵı			845	3	1	173.451	1.000
folklorı			845	3	1	173.451	1.000
folklorǵa			845	3	1	173.451	1.000
ge			845	3	1	173.451	1.000
geyparaları			845	3	1	173.451	1.000
gretsiyada			845	3	1	173.451	1.000
hafız			845	3	1	173.451	1.000
haqıyqatlar			845	3	1	173.451	1.000
haqıyqatında			845	3	1	173.451	1.000
hayalı			845	3	1	173.451	1.000
hayalınan			845	3	1	173.451	1.000
hojibekov			845	3	1	173.451	1.000
huqıqı			845	3	1	173.451	1.000
huqıqın			845	3	1	173.451	1.000
hárbiri			845	3	1	173.451	1.000
háreketi			845	3	1	173.451	1.000
ilimge			845	3	1	173.451	1.000
ilimler			845	3	1	173.451	1.000
in			845	3	1	173.451	1.000
institutında			845	3	1	173.451	1.000
ishki			845	3	1	173.451	1.000
islewi			845	3	1	173.451	1.000
isleydi			845	3	1	173.451	1.000
istanbul			845	3	1	173.451	1.000
izbe			845	3	1	173.451	1.000
jamanlıq			845	3	1	173.451	1.000
jana			845	3	1	173.451	1.000
jaqtan			845	3	1	173.451	1.000
jaqtılıq			845	3	1	173.451	1.000
jasap			845	3	1	173.451	1.000
jasawshı			845	3	1	173.451	1.000
jaslayınan			845	3	1	173.451	1.000
jaslıǵınan			845	3	1	173.451	1.000
jasıl			845	3	1	173.451	1.000
jaza			845	3	1	173.451	1.000
jazdı			845	3	1	173.451	1.000
jazıwshı			845	3	1	173.451	1.000
jańadan			845	3	1	173.451	1.000
jergilikli			845	3	1	173.451	1.000
jerler			845	3	1	173.451	1.000
jerlerge			845	3	1	173.451	1.000
jeńiske			845	3	1	173.451	1.000
jiberilgen			845	3	1	173.451	1.000
jolın			845	3	1	173.451	1.000
jumısın			845	3	1	173.451	1.000
juwırıw			845	3	1	173.451	1.000
jámiydiń			845	3	1	173.451	1.000
jámiyetti			845	3	1	173.451	1.000
járdeminde			845	3	1	173.451	1.000
júrip			845	3	1	173.451	1.000
júzi			845	3	1	173.451	1.000
jılday			845	3	1	173.451	1.000
jıldıń			845	3	1	173.451	1.000
jıllardaǵı			845	3	1	173.451	1.000
jıllardıń			845	3	1	173.451	1.000
jırı			845	3	1	173.451	1.000
jıynaǵı			845	3	1	173.451	1.000
k			845	3	1	173.451	1.000
karakalpak			845	3	1	173.451	1.000
kelgende			845	3	1	173.451	1.000
kelgennen			845	3	1	173.451	1.000
kelinshek			845	3	1	173.451	1.000
keyninde			845	3	1	173.451	1.000
kishi			845	3	1	173.451	1.000
kitaplar			845	3	1	173.451	1.000
kitaplardı			845	3	1	173.451	1.000
kitaptı			845	3	1	173.451	1.000
klassikalıq			845	3	1	173.451	1.000
konservatoriya			845	3	1	173.451	1.000
kosmos			845	3	1	173.451	1.000
kól			845	3	1	173.451	1.000
kóre			845	3	1	173.451	1.000
kórinedi			845	3	1	173.451	1.000
kórsetti			845	3	1	173.451	1.000
kóship			845	3	1	173.451	1.000
kóshirilgen			845	3	1	173.451	1.000
kóshpeli			845	3	1	173.451	1.000
kúnshıǵıs			845	3	1	173.451	1.000
kúsheydi			845	3	1	173.451	1.000
l			845	3	1	173.451	1.000
majnun			845	3	1	173.451	1.000
maqset			845	3	1	173.451	1.000
maqul			845	3	1	173.451	1.000
maydanı			845	3	1	173.451	1.000
mediresede			845	3	1	173.451	1.000
medireselerinde			845	3	1	173.451	1.000
mediresesinde			845	3	1	173.451	1.000
mektepke			845	3	1	173.451	1.000
men			845	3	1	173.451	1.000
metr			845	3	1	173.451	1.000
meyli			845	3	1	173.451	1.000
meńeshtiń			845	3	1	173.451	1.000
mikroskop			845	3	1	173.451	1.000
mimansa			845	3	1	173.451	1.000
mine			845	3	1	173.451	1.000
ministrler			845	3	1	173.451	1.000
minnetlemesi			845	3	1	173.451	1.000
miynetiń			845	3	1	173.451	1.000
mm			845	3	1	173.451	1.000
muhammed			845	3	1	173.451	1.000
muwapıq			845	3	1	173.451	1.000
muz			845	3	1	173.451	1.000
muzeyi			845	3	1	173.451	1.000
muzlı			845	3	1	173.451	1.000
májnúń			845	3	1	173.451	1.000
mámleketke			845	3	1	173.451	1.000
mámleketlerde			845	3	1	173.451	1.000
mánisi			845	3	1	173.451	1.000
máseleleri			845	3	1	173.451	1.000
máńgi			845	3	1	173.451	1.000
múyten			845	3	1	173.451	1.000
nawayını			845	3	1	173.451	1.000
negizinen			845	3	1	173.451	1.000
nájepti			845	3	1	173.451	1.000
nıń			845	3	1	173.451	1.000
obraz			845	3	1	173.451	1.000
olimpiada			845	3	1	173.451	1.000
olon			845	3	1	173.451	1.000
onegin			845	3	1	173.451	1.000
oqıwı			845	3	1	173.451	1.000
oqıwın			845	3	1	173.451	1.000
oqıydı			845	3	1	173.451	1.000
oqıǵan			845	3	1	173.451	1.000
orayında			845	3	1	173.451	1.000
orındı			845	3	1	173.451	1.000
orınǵa			845	3	1	173.451	1.000
otırǵan			845	3	1	173.451	1.000
oylap			845	3	1	173.451	1.000
parıq			845	3	1	173.451	1.000
patshalıǵı			845	3	1	173.451	1.000
patshanıń			845	3	1	173.451	1.000
paydalanıw			845	3	1	173.451	1.000
paydası			845	3	1	173.451	1.000
paytaxtı			845	3	1	173.451	1.000
pikir			845	3	1	173.451	1.000
pikirdi			845	3	1	173.451	1.000
pikirler			845	3	1	173.451	1.000
poeziyası			845	3	1	173.451	1.000
poeziyasınıń			845	3	1	173.451	1.000
pıshıq			845	3	1	173.451	1.000
qaharmanlıq			845	3	1	173.451	1.000
qalaları			845	3	1	173.451	1.000
qalasınıń			845	3	1	173.451	1.000
qalıp			845	3	1	173.451	1.000
qalıwı			845	3	1	173.451	1.000
qamıs			845	3	1	173.451	1.000
qamıslıqlar			845	3	1	173.451	1.000
qarabaǵ			845	3	1	173.451	1.000
qarajan			845	3	1	173.451	1.000
qarap			845	3	1	173.451	1.000
qaraqalpaqlardıń			845	3	1	173.451	1.000
qash			845	3	1	173.451	1.000
qashıp			845	3	1	173.451	1.000
qatarına			845	3	1	173.451	1.000
qatnas			845	3	1	173.451	1.000
qaysı			845	3	1	173.451	1.000
qollanıladı			845	3	1	173.451	1.000
qollanılatuǵın			845	3	1	173.451	1.000
qolına			845	3	1	173.451	1.000
qonıp			845	3	1	173.451	1.000
qorshalǵan			845	3	1	173.451	1.000
quliyev			845	3	1	173.451	1.000
qunt			845	3	1	173.451	1.000
qurallı			845	3	1	173.451	1.000
quramına			845	3	1	173.451	1.000
quraǵan			845	3	1	173.451	1.000
quyǵan			845	3	1	173.451	1.000
qızdıń			845	3	1	173.451	1.000
qızlar			845	3	1	173.451	1.000
rayı			845	3	1	173.451	1.000
respublika			845	3	1	173.451	1.000
reńli			845	3	1	173.451	1.000
rossiyanıń			845	3	1	173.451	1.000
ruwxıy			845	3	1	173.451	1.000
rásmiy			845	3	1	173.451	1.000
saadiy			845	3	1	173.451	1.000
sanaat			845	3	1	173.451	1.000
saqlanadı			845	3	1	173.451	1.000
saqlanıp			845	3	1	173.451	1.000
saray			845	3	1	173.451	1.000
sarayında			845	3	1	173.451	1.000
satıw			845	3	1	173.451	1.000
saǵan			845	3	1	173.451	1.000
sen			845	3	1	173.451	1.000
sentyabr			845	3	1	173.451	1.000
sezip			845	3	1	173.451	1.000
shah			845	3	1	173.451	1.000
shashın			845	3	1	173.451	1.000
shawlıqları			845	3	1	173.451	1.000
shayx			845	3	1	173.451	1.000
shayırlarınıń			845	3	1	173.451	1.000
shayırlıq			845	3	1	173.451	1.000
shańaraǵı			845	3	1	173.451	1.000
shańaraǵınan			845	3	1	173.451	1.000
shet			845	3	1	173.451	1.000
shirvaniy			845	3	1	173.451	1.000
shiyrin			845	3	1	173.451	1.000
shiyriń			845	3	1	173.451	1.000
shuǵıllanadı			845	3	1	173.451	1.000
shól			845	3	1	173.451	1.000
shınında			845	3	1	173.451	1.000
shıqtı			845	3	1	173.451	1.000
soraydı			845	3	1	173.451	1.000
subtropikalıq			845	3	1	173.451	1.000
suwınıń			845	3	1	173.451	1.000
sánege			845	3	1	173.451	1.000
sózdiń			845	3	1	173.451	1.000
sózi			845	3	1	173.451	1.000
sózine			845	3	1	173.451	1.000
sózler			845	3	1	173.451	1.000
súrginde			845	3	1	173.451	1.000
súwretlew			845	3	1	173.451	1.000
sırdárya			845	3	1	173.451	1.000
sırtqı			845	3	1	173.451	1.000
sıylıǵı			845	3	1	173.451	1.000
tabılǵan			845	3	1	173.451	1.000
talap			845	3	1	173.451	1.000
tapqan			845	3	1	173.451	1.000
tariyxı			845	3	1	173.451	1.000
tawlı			845	3	1	173.451	1.000
taza			845	3	1	173.451	1.000
temir			845	3	1	173.451	1.000
temuriy			845	3	1	173.451	1.000
teoriyalar			845	3	1	173.451	1.000
teoriyaları			845	3	1	173.451	1.000
teń			845	3	1	173.451	1.000
teńizin			845	3	1	173.451	1.000
thumb			845	3	1	173.451	1.000
tilde			845	3	1	173.451	1.000
tilin			845	3	1	173.451	1.000
tillerinde			845	3	1	173.451	1.000
tiykarlanǵan			845	3	1	173.451	1.000
tolı			845	3	1	173.451	1.000
toy			845	3	1	173.451	1.000
turan			845	3	1	173.451	1.000
turmıs			845	3	1	173.451	1.000
tuwrı			845	3	1	173.451	1.000
tuwrısında			845	3	1	173.451	1.000
tuwıladı			845	3	1	173.451	1.000
táliymatı			845	3	1	173.451	1.000
tárip			845	3	1	173.451	1.000
tólew			845	3	1	173.451	1.000
tómendegi			845	3	1	173.451	1.000
tómengi			845	3	1	173.451	1.000
túr			845	3	1	173.451	1.000
túrdegi			845	3	1	173.451	1.000
túrleri			845	3	1	173.451	1.000
túsinedi			845	3	1	173.451	1.000
ulama			845	3	1	173.451	1.000
ulınıń			845	3	1	173.451	1.000
universiteti			845	3	1	173.451	1.000
ural			845	3	1	173.451	1.000
ushırasadı			845	3	1	173.451	1.000
ustavına			845	3	1	173.451	1.000
ustazları			845	3	1	173.451	1.000
uyqasıp			845	3	1	173.451	1.000
uzaq			845	3	1	173.451	1.000
waqtında			845	3	1	173.451	1.000
waqıtlarınan			845	3	1	173.451	1.000
waqıyalar			845	3	1	173.451	1.000
xalıqları			845	3	1	173.451	1.000
xalıqtı			845	3	1	173.451	1.000
xalıqtıń			845	3	1	173.451	1.000
xamsada			845	3	1	173.451	1.000
xan			845	3	1	173.451	1.000
xiii			845	3	1	173.451	1.000
ximiya			845	3	1	173.451	1.000
xojalıǵınıń			845	3	1	173.451	1.000
xorasan			845	3	1	173.451	1.000
xorezmiy			845	3	1	173.451	1.000
xv			845	3	1	173.451	1.000
xızmetkerleri			845	3	1	173.451	1.000
yan			845	3	1	173.451	1.000
yu			845	3	1	173.451	1.000
yumor			845	3	1	173.451	1.000
zakavkazye			845	3	1	173.451	1.000
zamanlası			845	3	1	173.451	1.000
zatlardıń			845	3	1	173.451	1.000
ábúw			845	3	1	173.451	1.000
ádalatlı			845	3	1	173.451	1.000
ádebiyattıń			845	3	1	173.451	1.000
áhmiyeti			845	3	1	173.451	1.000
ámiwdáryanıń			845	3	1	173.451	1.000
ásirge			845	3	1	173.451	1.000
átirapına			845	3	1	173.451	1.000
áyyemnen			845	3	1	173.451	1.000
ázerbayjannıń			845	3	1	173.451	1.000
ómirinde			845	3	1	173.451	1.000
óneriniń			845	3	1	173.451	1.000
ósedi			845	3	1	173.451	1.000
ósimlikler			845	3	1	173.451	1.000
ótew			845	3	1	173.451	1.000
ótkennen			845	3	1	173.451	1.000
ózgeshe			845	3	1	173.451	1.000
ózin			845	3	1	173.451	1.000
ózleri			845	3	1	173.451	1.000
úlgileri			845	3	1	173.451	1.000
ústine			845	3	1	173.451	1.000
úyrengen			845	3	1	173.451	1.000
úyreniwshi			845	3	1	173.451	1.000
úzliksiz			845	3	1	173.451	1.000
şairi			845	3	1	173.451	1.000
abaydıń			1242	2	1	115.634	1.000
abdiraxman			1242	2	1	115.634	1.000
abrar			1242	2	1	115.634	1.000
absolyut			1242	2	1	115.634	1.000
abu			1242	2	1	115.634	1.000
adamlarǵa			1242	2	1	115.634	1.000
adamzat			1242	2	1	115.634	1.000
adamzattıń			1242	2	1	115.634	1.000
adamǵa			1242	2	1	115.634	1.000
adeb			1242	2	1	115.634	1.000
adjiva			1242	2	1	115.634	1.000
advokatlıq			1242	2	1	115.634	1.000
advokaturanıń			1242	2	1	115.634	1.000
afina			1242	2	1	115.634	1.000
afinaǵa			1242	2	1	115.634	1.000
afrikası			1242	2	1	115.634	1.000
ajayıbat			1242	2	1	115.634	1.000
ajıraladı			1242	2	1	115.634	1.000
akcioner			1242	2	1	115.634	1.000
akcionerler			1242	2	1	115.634	1.000
akciyaların			1242	2	1	115.634	1.000
aktivler			1242	2	1	115.634	1.000
albaniya			1242	2	1	115.634	1.000
alekperov			1242	2	1	115.634	1.000
aleksandrovskiyge			1242	2	1	115.634	1.000
almasıw			1242	2	1	115.634	1.000
altın			1242	2	1	115.634	1.000
altınkúkirt			1242	2	1	115.634	1.000
alunit			1242	2	1	115.634	1.000
alyuminiy			1242	2	1	115.634	1.000
alım			1242	2	1	115.634	1.000
alımı			1242	2	1	115.634	1.000
alǵanda			1242	2	1	115.634	1.000
amerika			1242	2	1	115.634	1.000
amirovtıń			1242	2	1	115.634	1.000
anasınan			1242	2	1	115.634	1.000
anasınıń			1242	2	1	115.634	1.000
anatomiya			1242	2	1	115.634	1.000
ankara			1242	2	1	115.634	1.000
antarktikaǵa			1242	2	1	115.634	1.000
aprel			1242	2	1	115.634	1.000
aprelde			1242	2	1	115.634	1.000
aqqala			1242	2	1	115.634	1.000
aqsha			1242	2	1	115.634	1.000
aqshaǵa			1242	2	1	115.634	1.000
aqıllı			1242	2	1	115.634	1.000
ara			1242	2	1	115.634	1.000
arablardıń			1242	2	1	115.634	1.000
arada			1242	2	1	115.634	1.000
aradan			1242	2	1	115.634	1.000
aralap			1242	2	1	115.634	1.000
aralda			1242	2	1	115.634	1.000
aralıǵın			1242	2	1	115.634	1.000
aralıǵına			1242	2	1	115.634	1.000
aristokrat			1242	2	1	115.634	1.000
armeniya			1242	2	1	115.634	1.000
arqasında			1242	2	1	115.634	1.000
arsha			1242	2	1	115.634	1.000
artıqmashlı			1242	2	1	115.634	1.000
arxeologiyalıq			1242	2	1	115.634	1.000
arxitekturası			1242	2	1	115.634	1.000
ashamaylı			1242	2	1	115.634	1.000
ashkóz			1242	2	1	115.634	1.000
ashılıp			1242	2	1	115.634	1.000
ashıqlar			1242	2	1	115.634	1.000
asim			1242	2	1	115.634	1.000
astana			1242	2	1	115.634	1.000
astına			1242	2	1	115.634	1.000
astında			1242	2	1	115.634	1.000
atalatuǵın			1242	2	1	115.634	1.000
ataldı			1242	2	1	115.634	1.000
atamasındaǵı			1242	2	1	115.634	1.000
ataqqa			1242	2	1	115.634	1.000
atlantika			1242	2	1	115.634	1.000
atqaradı			1242	2	1	115.634	1.000
atın			1242	2	1	115.634	1.000
avgustta			1242	2	1	115.634	1.000
awdarılıp			1242	2	1	115.634	1.000
awqatlanıp			1242	2	1	115.634	1.000
awılında			1242	2	1	115.634	1.000
awılınıń			1242	2	1	115.634	1.000
awır			1242	2	1	115.634	1.000
awırıw			1242	2	1	115.634	1.000
awız			1242	2	1	115.634	1.000
axmet			1242	2	1	115.634	1.000
axun			1242	2	1	115.634	1.000
ayaq			1242	2	1	115.634	1.000
aylanadı			1242	2	1	115.634	1.000
aylandırǵan			1242	2	1	115.634	1.000
aylanıp			1242	2	1	115.634	1.000
aymaqlıq			1242	2	1	115.634	1.000
aymaǵınan			1242	2	1	115.634	1.000
aymaǵınıń			1242	2	1	115.634	1.000
ayrılıp			1242	2	1	115.634	1.000
ayrıqshı			1242	2	1	115.634	1.000
aytılǵan			1242	2	1	115.634	1.000
aytısadı			1242	2	1	115.634	1.000
aytıslar			1242	2	1	115.634	1.000
aytısqa			1242	2	1	115.634	1.000
aytıstan			1242	2	1	115.634	1.000
aytıstı			1242	2	1	115.634	1.000
aytısın			1242	2	1	115.634	1.000
aytıwı			1242	2	1	115.634	1.000
azap			1242	2	1	115.634	1.000
azat			1242	2	1	115.634	1.000
azizbekov			1242	2	1	115.634	1.000
azərbaycan			1242	2	1	115.634	1.000
ańsat			1242	2	1	115.634	1.000
aǵa			1242	2	1	115.634	1.000
aǵash			1242	2	1	115.634	1.000
aǵzaları			1242	2	1	115.634	1.000
aǵısı			1242	2	1	115.634	1.000
babur			1242	2	1	115.634	1.000
bahram			1242	2	1	115.634	1.000
balaların			1242	2	1	115.634	1.000
balalarınıń			1242	2	1	115.634	1.000
balanı			1242	2	1	115.634	1.000
balasın			1242	2	1	115.634	1.000
balasınıń			1242	2	1	115.634	1.000
balpań			1242	2	1	115.634	1.000
baltabay			1242	2	1	115.634	1.000
balzam			1242	2	1	115.634	1.000
balıqshılıq			1242	2	1	115.634	1.000
balıqtıń			1242	2	1	115.634	1.000
baqlaydı			1242	2	1	115.634	1.000
baqsılarınıń			1242	2	1	115.634	1.000
baqsıshılıq			1242	2	1	115.634	1.000
baqsısı			1242	2	1	115.634	1.000
baraban			1242	2	1	115.634	1.000
barmaqta			1242	2	1	115.634	1.000
barıladı			1242	2	1	115.634	1.000
barǵanında			1242	2	1	115.634	1.000
baslandı			1242	2	1	115.634	1.000
baslanǵan			1242	2	1	115.634	1.000
baslıǵı			1242	2	1	115.634	1.000
basqınshılıǵınan			1242	2	1	115.634	1.000
basshılıq			1242	2	1	115.634	1.000
bastan			1242	2	1	115.634	1.000
bası			1242	2	1	115.634	1.000
basıldı			1242	2	1	115.634	1.000
basılıp			1242	2	1	115.634	1.000
basılǵan			1242	2	1	115.634	1.000
basındaǵı			1242	2	1	115.634	1.000
batısta			1242	2	1	115.634	1.000
bayqara			1242	2	1	115.634	1.000
bayqaranıń			1242	2	1	115.634	1.000
baǵıshlaǵan			1242	2	1	115.634	1.000
bekkem			1242	2	1	115.634	1.000
belgilenedi			1242	2	1	115.634	1.000
belgilerin			1242	2	1	115.634	1.000
belgileydi			1242	2	1	115.634	1.000
berdaqtı			1242	2	1	115.634	1.000
berdimurattıń			1242	2	1	115.634	1.000
berer			1242	2	1	115.634	1.000
beriwge			1242	2	1	115.634	1.000
beriwshi			1242	2	1	115.634	1.000
bermeydi			1242	2	1	115.634	1.000
besten			1242	2	1	115.634	1.000
biledi			1242	2	1	115.634	1.000
bilimsiz			1242	2	1	115.634	1.000
bilip			1242	2	1	115.634	1.000
biraqta			1242	2	1	115.634	1.000
birdey			1242	2	1	115.634	1.000
birewlerdi			1242	2	1	115.634	1.000
birigip			1242	2	1	115.634	1.000
birigiwi			1242	2	1	115.634	1.000
birine			1242	2	1	115.634	1.000
birinshisi			1242	2	1	115.634	1.000
birlesken			1242	2	1	115.634	1.000
birligi			1242	2	1	115.634	1.000
birneshe			1242	2	1	115.634	1.000
biyik			1242	2	1	115.634	1.000
biz			1242	2	1	115.634	1.000
boku			1242	2	1	115.634	1.000
bolar			1242	2	1	115.634	1.000
bolatuǵının			1242	2	1	115.634	1.000
bolmasa			1242	2	1	115.634	1.000
bolmasın			1242	2	1	115.634	1.000
bolmay			1242	2	1	115.634	1.000
bolmaydı			1242	2	1	115.634	1.000
bolsań			1242	2	1	115.634	1.000
bolsın			1242	2	1	115.634	1.000
bolıwın			1242	2	1	115.634	1.000
bolıwında			1242	2	1	115.634	1.000
bolıwınıń			1242	2	1	115.634	1.000
bolıwǵa			1242	2	1	115.634	1.000
bolǵanda			1242	2	1	115.634	1.000
bolǵanday			1242	2	1	115.634	1.000
bolǵannan			1242	2	1	115.634	1.000
boris			1242	2	1	115.634	1.000
bos			1242	2	1	115.634	1.000
boylap			1242	2	1	115.634	1.000
boyı			1242	2	1	115.634	1.000
boyında			1242	2	1	115.634	1.000
boyındaǵı			1242	2	1	115.634	1.000
buddizm			1242	2	1	115.634	1.000
bular			1242	2	1	115.634	1.000
bulbul			1242	2	1	115.634	1.000
bulshıq			1242	2	1	115.634	1.000
buxaranıń			1242	2	1	115.634	1.000
buxgalteriya			1242	2	1	115.634	1.000
bóget			1242	2	1	115.634	1.000
bóleginde			1242	2	1	115.634	1.000
bólek			1242	2	1	115.634	1.000
bóleklengen			1242	2	1	115.634	1.000
bólimindegi			1242	2	1	115.634	1.000
bólinedi			1242	2	1	115.634	1.000
bólinip			1242	2	1	115.634	1.000
cikli			1242	2	1	115.634	1.000
d			1242	2	1	115.634	1.000
dalalarında			1242	2	1	115.634	1.000
danası			1242	2	1	115.634	1.000
danıshpan			1242	2	1	115.634	1.000
danıshpanlıq			1242	2	1	115.634	1.000
dańqın			1242	2	1	115.634	1.000
degendi			1242	2	1	115.634	1.000
degenniń			1242	2	1	115.634	1.000
dekabr			1242	2	1	115.634	1.000
dem			1242	2	1	115.634	1.000
dene			1242	2	1	115.634	1.000
deneni			1242	2	1	115.634	1.000
denesi			1242	2	1	115.634	1.000
derekler			1242	2	1	115.634	1.000
desedi			1242	2	1	115.634	1.000
desek			1242	2	1	115.634	1.000
dexleviy			1242	2	1	115.634	1.000
deyin			1242	2	1	115.634	1.000
didaktikalıq			1242	2	1	115.634	1.000
dinge			1242	2	1	115.634	1.000
diyqan			1242	2	1	115.634	1.000
diyqanlar			1242	2	1	115.634	1.000
doslıq			1242	2	1	115.634	1.000
drama			1242	2	1	115.634	1.000
dramaturg			1242	2	1	115.634	1.000
dramaturglarınıń			1242	2	1	115.634	1.000
duelde			1242	2	1	115.634	1.000
duzilgen			1242	2	1	115.634	1.000
duzlılıǵı			1242	2	1	115.634	1.000
dáramattıń			1242	2	1	115.634	1.000
dárejede			1242	2	1	115.634	1.000
dáryası			1242	2	1	115.634	1.000
dáryasında			1242	2	1	115.634	1.000
dástanlarǵa			1242	2	1	115.634	1.000
dástanın			1242	2	1	115.634	1.000
dáste			1242	2	1	115.634	1.000
dástúr			1242	2	1	115.634	1.000
dástúri			1242	2	1	115.634	1.000
dáwirdegi			1242	2	1	115.634	1.000
dáwirden			1242	2	1	115.634	1.000
dáwirler			1242	2	1	115.634	1.000
dóregen			1242	2	1	115.634	1.000
dóretiwshiliginde			1242	2	1	115.634	1.000
dóretiwshilikke			1242	2	1	115.634	1.000
dóretiwshisi			1242	2	1	115.634	1.000
dóretpe			1242	2	1	115.634	1.000
dóretpeleri			1242	2	1	115.634	1.000
dóretpelerinde			1242	2	1	115.634	1.000
dóretti			1242	2	1	115.634	1.000
dúnyada			1242	2	1	115.634	1.000
dúnyadaǵı			1242	2	1	115.634	1.000
dúnyanı			1242	2	1	115.634	1.000
dúnyası			1242	2	1	115.634	1.000
dúrkinindegi			1242	2	1	115.634	1.000
einsteindi			1242	2	1	115.634	1.000
ekenligi			1242	2	1	115.634	1.000
ekenligine			1242	2	1	115.634	1.000
ekinshisi			1242	2	1	115.634	1.000
ekspeditsiya			1242	2	1	115.634	1.000
ekspeditsiyalar			1242	2	1	115.634	1.000
ekvator			1242	2	1	115.634	1.000
eldi			1242	2	1	115.634	1.000
eldiń			1242	2	1	115.634	1.000
elementlerden			1242	2	1	115.634	1.000
ellerdiń			1242	2	1	115.634	1.000
ellerim			1242	2	1	115.634	1.000
endi			1242	2	1	115.634	1.000
energiya			1242	2	1	115.634	1.000
epikalıq			1242	2	1	115.634	1.000
epos			1242	2	1	115.634	1.000
erise			1242	2	1	115.634	1.000
eristi			1242	2	1	115.634	1.000
erkin			1242	2	1	115.634	1.000
erte			1242	2	1	115.634	1.000
erteden			1242	2	1	115.634	1.000
ertek			1242	2	1	115.634	1.000
esabınan			1242	2	1	115.634	1.000
esabında			1242	2	1	115.634	1.000
esap			1242	2	1	115.634	1.000
esaplaǵan			1242	2	1	115.634	1.000
eshki			1242	2	1	115.634	1.000
estelikleri			1242	2	1	115.634	1.000
etetuǵın			1242	2	1	115.634	1.000
etika			1242	2	1	115.634	1.000
etilgen			1242	2	1	115.634	1.000
etiwi			1242	2	1	115.634	1.000
evropada			1242	2	1	115.634	1.000
evropadan			1242	2	1	115.634	1.000
farxad			1242	2	1	115.634	1.000
fevral			1242	2	1	115.634	1.000
filialınıń			1242	2	1	115.634	1.000
filmler			1242	2	1	115.634	1.000
filmlerin			1242	2	1	115.634	1.000
filosofiya			1242	2	1	115.634	1.000
filosofiyanıń			1242	2	1	115.634	1.000
finans			1242	2	1	115.634	1.000
fizuliydiń			1242	2	1	115.634	1.000
folklordıń			1242	2	1	115.634	1.000
folklorlıq			1242	2	1	115.634	1.000
folklorın			1242	2	1	115.634	1.000
fondın			1242	2	1	115.634	1.000
formalanıwı			1242	2	1	115.634	1.000
formaları			1242	2	1	115.634	1.000
forması			1242	2	1	115.634	1.000
francuz			1242	2	1	115.634	1.000
franklin			1242	2	1	115.634	1.000
funkciyaları			1242	2	1	115.634	1.000
ganjadaǵı			1242	2	1	115.634	1.000
gannibal			1242	2	1	115.634	1.000
gazeta			1242	2	1	115.634	1.000
genjeqarabek			1242	2	1	115.634	1.000
gezleme			1242	2	1	115.634	1.000
godunov			1242	2	1	115.634	1.000
grafikası			1242	2	1	115.634	1.000
grek			1242	2	1	115.634	1.000
guwası			1242	2	1	115.634	1.000
gá			1242	2	1	115.634	1.000
góruǵlı			1242	2	1	115.634	1.000
gósh			1242	2	1	115.634	1.000
gúldir			1242	2	1	115.634	1.000
gúres			1242	2	1	115.634	1.000
gúresiw			1242	2	1	115.634	1.000
halda			1242	2	1	115.634	1.000
hallı			1242	2	1	115.634	1.000
haqınıń			1242	2	1	115.634	1.000
haqıyqatlıqtıń			1242	2	1	115.634	1.000
has			1242	2	1	115.634	1.000
hayal			1242	2	1	115.634	1.000
hindistanda			1242	2	1	115.634	1.000
hindistannıń			1242	2	1	115.634	1.000
hojibekovtıń			1242	2	1	115.634	1.000
há			1242	2	1	115.634	1.000
hádden			1242	2	1	115.634	1.000
hájibten			1242	2	1	115.634	1.000
hákimiyattı			1242	2	1	115.634	1.000
hámmesinde			1242	2	1	115.634	1.000
háreketin			1242	2	1	115.634	1.000
háribi			1242	2	1	115.634	1.000
hátte			1242	2	1	115.634	1.000
húkimranlıq			1242	2	1	115.634	1.000
húrliman			1242	2	1	115.634	1.000
húrmet			1242	2	1	115.634	1.000
húrmetine			1242	2	1	115.634	1.000
ibn			1242	2	1	115.634	1.000
ibrayım			1242	2	1	115.634	1.000
ibrohimov			1242	2	1	115.634	1.000
ideyalardı			1242	2	1	115.634	1.000
ideyası			1242	2	1	115.634	1.000
ii			1242	2	1	115.634	1.000
ikramlılıq			1242	2	1	115.634	1.000
ilimniń			1242	2	1	115.634	1.000
ilimpazi			1242	2	1	115.634	1.000
ilimpazlarǵa			1242	2	1	115.634	1.000
imarat			1242	2	1	115.634	1.000
imaratlar			1242	2	1	115.634	1.000
imaratı			1242	2	1	115.634	1.000
imkaniyat			1242	2	1	115.634	1.000
inaq			1242	2	1	115.634	1.000
insan			1242	2	1	115.634	1.000
institutı			1242	2	1	115.634	1.000
irandaǵı			1242	2	1	115.634	1.000
irileri			1242	2	1	115.634	1.000
is			1242	2	1	115.634	1.000
iship			1242	2	1	115.634	1.000
island			1242	2	1	115.634	1.000
islegen			1242	2	1	115.634	1.000
islengen			1242	2	1	115.634	1.000
ismayıl			1242	2	1	115.634	1.000
itibar			1242	2	1	115.634	1.000
iv			1242	2	1	115.634	1.000
ix			1242	2	1	115.634	1.000
iyesi			1242	2	1	115.634	1.000
iyesiniń			1242	2	1	115.634	1.000
iz			1242	2	1	115.634	1.000
izertlewler			1242	2	1	115.634	1.000
izlep			1242	2	1	115.634	1.000
izlik			1242	2	1	115.634	1.000
izrail			1242	2	1	115.634	1.000
izraildiń			1242	2	1	115.634	1.000
i̇men			1242	2	1	115.634	1.000
i̇ndualizmniń			1242	2	1	115.634	1.000
i̇nv			1242	2	1	115.634	1.000
jalpı			1242	2	1	115.634	1.000
jalǵız			1242	2	1	115.634	1.000
jamalov			1242	2	1	115.634	1.000
janrlar			1242	2	1	115.634	1.000
janrın			1242	2	1	115.634	1.000
jansız			1242	2	1	115.634	1.000
janında			1242	2	1	115.634	1.000
jaqtı			1242	2	1	115.634	1.000
jaratqan			1242	2	1	115.634	1.000
jarattı			1242	2	1	115.634	1.000
jaratıldı			1242	2	1	115.634	1.000
jaratılǵan			1242	2	1	115.634	1.000
jarlı			1242	2	1	115.634	1.000
jasalǵan			1242	2	1	115.634	1.000
jasawı			1242	2	1	115.634	1.000
jasawǵa			1242	2	1	115.634	1.000
jaslarında			1242	2	1	115.634	1.000
jasqa			1242	2	1	115.634	1.000
jasına			1242	2	1	115.634	1.000
jasınan			1242	2	1	115.634	1.000
jasıńa			1242	2	1	115.634	1.000
jaylastırılatuǵın			1242	2	1	115.634	1.000
jazdım			1242	2	1	115.634	1.000
jazıwdı			1242	2	1	115.634	1.000
jazıwshılar			1242	2	1	115.634	1.000
jaǵa			1242	2	1	115.634	1.000
jaǵalawlarında			1242	2	1	115.634	1.000
jaǵasında			1242	2	1	115.634	1.000
jaǵday			1242	2	1	115.634	1.000
jerdiń			1242	2	1	115.634	1.000
jerge			1242	2	1	115.634	1.000
jerinde			1242	2	1	115.634	1.000
jerlerinde			1242	2	1	115.634	1.000
jetedi			1242	2	1	115.634	1.000
jetekshi			1242	2	1	115.634	1.000
jetilisip			1242	2	1	115.634	1.000
jetistiriledi			1242	2	1	115.634	1.000
jetken			1242	2	1	115.634	1.000
jewge			1242	2	1	115.634	1.000
jez			1242	2	1	115.634	1.000
jeńil			1242	2	1	115.634	1.000
jiberiledi			1242	2	1	115.634	1.000
jigitler			1242	2	1	115.634	1.000
jil			1242	2	1	115.634	1.000
jili			1242	2	1	115.634	1.000
jolında			1242	2	1	115.634	1.000
jumısqa			1242	2	1	115.634	1.000
jurt			1242	2	1	115.634	1.000
jurtına			1242	2	1	115.634	1.000
juwaptan			1242	2	1	115.634	1.000
juwmaq			1242	2	1	115.634	1.000
juwsan			1242	2	1	115.634	1.000
juwıp			1242	2	1	115.634	1.000
juwırıp			1242	2	1	115.634	1.000
jámiyetinde			1242	2	1	115.634	1.000
jámiyetke			1242	2	1	115.634	1.000
járdemlesedi			1242	2	1	115.634	1.000
járiyalanǵan			1242	2	1	115.634	1.000
jún			1242	2	1	115.634	1.000
júzbe			1242	2	1	115.634	1.000
júzlik			1242	2	1	115.634	1.000
jılan			1242	2	1	115.634	1.000
jıllıq			1242	2	1	115.634	1.000
jırında			1242	2	1	115.634	1.000
kamalov			1242	2	1	115.634	1.000
kanalı			1242	2	1	115.634	1.000
kapital			1242	2	1	115.634	1.000
kapitaldıń			1242	2	1	115.634	1.000
karam			1242	2	1	115.634	1.000
karmanıń			1242	2	1	115.634	1.000
kashtan			1242	2	1	115.634	1.000
keleshegi			1242	2	1	115.634	1.000
keleshegin			1242	2	1	115.634	1.000
keleshekke			1242	2	1	115.634	1.000
kelinshekler			1242	2	1	115.634	1.000
keltirgen			1242	2	1	115.634	1.000
keltirip			1242	2	1	115.634	1.000
kerekligin			1242	2	1	115.634	1.000
keshiretuǵın			1242	2	1	115.634	1.000
keshte			1242	2	1	115.634	1.000
keskin			1242	2	1	115.634	1.000
ketetuǵın			1242	2	1	115.634	1.000
ketiwge			1242	2	1	115.634	1.000
ketiwi			1242	2	1	115.634	1.000
ketiwinen			1242	2	1	115.634	1.000
keyinshelik			1242	2	1	115.634	1.000
kirdi			1242	2	1	115.634	1.000
kirgizildi			1242	2	1	115.634	1.000
kirgizilgen			1242	2	1	115.634	1.000
kirgizip			1242	2	1	115.634	1.000
kirgiziw			1242	2	1	115.634	1.000
kitap			1242	2	1	115.634	1.000
kitapları			1242	2	1	115.634	1.000
kitaptan			1242	2	1	115.634	1.000
kitapxanası			1242	2	1	115.634	1.000
kitapxanasında			1242	2	1	115.634	1.000
kiyatırǵan			1242	2	1	115.634	1.000
klassigi			1242	2	1	115.634	1.000
klassik			1242	2	1	115.634	1.000
klassikleri			1242	2	1	115.634	1.000
klassikleriniń			1242	2	1	115.634	1.000
kletka			1242	2	1	115.634	1.000
kletkadan			1242	2	1	115.634	1.000
kletkalı			1242	2	1	115.634	1.000
kombinatları			1242	2	1	115.634	1.000
kombinatı			1242	2	1	115.634	1.000
kompleksi			1242	2	1	115.634	1.000
koncert			1242	2	1	115.634	1.000
koreya			1242	2	1	115.634	1.000
kosıbay			1242	2	1	115.634	1.000
krestyanlar			1242	2	1	115.634	1.000
kurortları			1242	2	1	115.634	1.000
kv			1242	2	1	115.634	1.000
kánleri			1242	2	1	115.634	1.000
kárwan			1242	2	1	115.634	1.000
kóbinese			1242	2	1	115.634	1.000
kók			1242	2	1	115.634	1.000
kólemi			1242	2	1	115.634	1.000
kóli			1242	2	1	115.634	1.000
kóplep			1242	2	1	115.634	1.000
kópshilikke			1242	2	1	115.634	1.000
kórer			1242	2	1	115.634	1.000
kórgizbe			1242	2	1	115.634	1.000
kóringen			1242	2	1	115.634	1.000
kórinip			1242	2	1	115.634	1.000
kórinisi			1242	2	1	115.634	1.000
kórinisin			1242	2	1	115.634	1.000
kórisi			1242	2	1	115.634	1.000
kóriwge			1242	2	1	115.634	1.000
kórkemlik			1242	2	1	115.634	1.000
kórsetip			1242	2	1	115.634	1.000
kórsetse			1242	2	1	115.634	1.000
kóterildi			1242	2	1	115.634	1.000
kóterilisi			1242	2	1	115.634	1.000
kúlreń			1242	2	1	115.634	1.000
kúndelikli			1242	2	1	115.634	1.000
kúsh			1242	2	1	115.634	1.000
kúshi			1242	2	1	115.634	1.000
kútip			1242	2	1	115.634	1.000
legizm			1242	2	1	115.634	1.000
lenkoran			1242	2	1	115.634	1.000
lirik			1242	2	1	115.634	1.000
logikalıq			1242	2	1	115.634	1.000
lokayatanıń			1242	2	1	115.634	1.000
mal			1242	2	1	115.634	1.000
mansur			1242	2	1	115.634	1.000
maqsetinde			1242	2	1	115.634	1.000
maqsetov			1242	2	1	115.634	1.000
maqtımqulınıń			1242	2	1	115.634	1.000
maroǵiy			1242	2	1	115.634	1.000
mart			1242	2	1	115.634	1.000
mashinasazlıq			1242	2	1	115.634	1.000
massa			1242	2	1	115.634	1.000
mavzoleyi			1242	2	1	115.634	1.000
mayda			1242	2	1	115.634	1.000
maǵlıwmat			1242	2	1	115.634	1.000
mediresesi			1242	2	1	115.634	1.000
mediresesin			1242	2	1	115.634	1.000
mediresesine			1242	2	1	115.634	1.000
megzer			1242	2	1	115.634	1.000
mektepler			1242	2	1	115.634	1.000
meni			1242	2	1	115.634	1.000
menshik			1242	2	1	115.634	1.000
meshit			1242	2	1	115.634	1.000
metallsazlıq			1242	2	1	115.634	1.000
minayım			1242	2	1	115.634	1.000
miniatyura			1242	2	1	115.634	1.000
minimal			1242	2	1	115.634	1.000
miyman			1242	2	1	115.634	1.000
miynetleri			1242	2	1	115.634	1.000
ml			1242	2	1	115.634	1.000
modaǵa			1242	2	1	115.634	1.000
molibden			1242	2	1	115.634	1.000
muxabbat			1242	2	1	115.634	1.000
muzey			1242	2	1	115.634	1.000
muzıkalı			1242	2	1	115.634	1.000
mádeniyatına			1242	2	1	115.634	1.000
mámleketiniń			1242	2	1	115.634	1.000
mámleketten			1242	2	1	115.634	1.000
mámlekettiń			1242	2	1	115.634	1.000
mánisin			1242	2	1	115.634	1.000
mápin			1242	2	1	115.634	1.000
máńgilik			1242	2	1	115.634	1.000
múlkti			1242	2	1	115.634	1.000
múmkinshilik			1242	2	1	115.634	1.000
músinshilik			1242	2	1	115.634	1.000
mınaday			1242	2	1	115.634	1.000
mınaw			1242	2	1	115.634	1.000
mırza			1242	2	1	115.634	1.000
mırzanıń			1242	2	1	115.634	1.000
mıńınshı			1242	2	1	115.634	1.000
naqıl			1242	2	1	115.634	1.000
nargiz			1242	2	1	115.634	1.000
nasimiy			1242	2	1	115.634	1.000
nawayının			1242	2	1	115.634	1.000
naǵız			1242	2	1	115.634	1.000
negizinde			1242	2	1	115.634	1.000
nikolay			1242	2	1	115.634	1.000
nizamiydiń			1242	2	1	115.634	1.000
nova			1242	2	1	115.634	1.000
nusqa			1242	2	1	115.634	1.000
nusqası			1242	2	1	115.634	1.000
nájib			1242	2	1	115.634	1.000
nárseden			1242	2	1	115.634	1.000
nárselerdi			1242	2	1	115.634	1.000
nárselerdiń			1242	2	1	115.634	1.000
nátiyjede			1242	2	1	115.634	1.000
názer			1242	2	1	115.634	1.000
nókiske			1242	2	1	115.634	1.000
nızam			1242	2	1	115.634	1.000
nızamshılıq			1242	2	1	115.634	1.000
o			1242	2	1	115.634	1.000
oazis			1242	2	1	115.634	1.000
obektlerin			1242	2	1	115.634	1.000
of			1242	2	1	115.634	1.000
oktyabrde			1242	2	1	115.634	1.000
oktyabrden			1242	2	1	115.634	1.000
okus			1242	2	1	115.634	1.000
olimpiyada			1242	2	1	115.634	1.000
opera			1242	2	1	115.634	1.000
oqımıslı			1242	2	1	115.634	1.000
orap			1242	2	1	115.634	1.000
organizm			1242	2	1	115.634	1.000
organizmlerdiń			1242	2	1	115.634	1.000
orkestr			1242	2	1	115.634	1.000
orkestri			1242	2	1	115.634	1.000
orın			1242	2	1	115.634	1.000
ot			1242	2	1	115.634	1.000
otır			1242	2	1	115.634	1.000
oy			1242	2	1	115.634	1.000
oylaǵan			1242	2	1	115.634	1.000
oymashılıǵı			1242	2	1	115.634	1.000
oypatlıqlarda			1242	2	1	115.634	1.000
oyınları			1242	2	1	115.634	1.000
oyınlarınıń			1242	2	1	115.634	1.000
p			1242	2	1	115.634	1.000
parra			1242	2	1	115.634	1.000
patshalar			1242	2	1	115.634	1.000
patshası			1242	2	1	115.634	1.000
paydalanıwı			1242	2	1	115.634	1.000
paydalanıwǵa			1242	2	1	115.634	1.000
paydalanǵan			1242	2	1	115.634	1.000
paydalı			1242	2	1	115.634	1.000
peterburgta			1242	2	1	115.634	1.000
petro			1242	2	1	115.634	1.000
peyzaj			1242	2	1	115.634	1.000
pikiri			1242	2	1	115.634	1.000
pikirinshe			1242	2	1	115.634	1.000
pikirleri			1242	2	1	115.634	1.000
poemalarda			1242	2	1	115.634	1.000
poemalardı			1242	2	1	115.634	1.000
portret			1242	2	1	115.634	1.000
praktikalıq			1242	2	1	115.634	1.000
prezentaciyası			1242	2	1	115.634	1.000
prezidenti			1242	2	1	115.634	1.000
problemalarına			1242	2	1	115.634	1.000
processinde			1242	2	1	115.634	1.000
prozalıq			1242	2	1	115.634	1.000
psixologiyalıq			1242	2	1	115.634	1.000
puqaralarǵa			1242	2	1	115.634	1.000
px			1242	2	1	115.634	1.000
pıshıqlar			1242	2	1	115.634	1.000
pıshıqqa			1242	2	1	115.634	1.000
qa			1242	2	1	115.634	1.000
qabaq			1242	2	1	115.634	1.000
qabıllaw			1242	2	1	115.634	1.000
qalalarınıń			1242	2	1	115.634	1.000
qalasındaǵı			1242	2	1	115.634	1.000
qaldım			1242	2	1	115.634	1.000
qalmaǵan			1242	2	1	115.634	1.000
qalpaǵım			1242	2	1	115.634	1.000
qalıw			1242	2	1	115.634	1.000
qamıstan			1242	2	1	115.634	1.000
qan			1242	2	1	115.634	1.000
qansha			1242	2	1	115.634	1.000
qanshama			1242	2	1	115.634	1.000
qaplanǵan			1242	2	1	115.634	1.000
qarama			1242	2	1	115.634	1.000
qaramastan			1242	2	1	115.634	1.000
qaraqalpaqstanda			1242	2	1	115.634	1.000
qaraslı			1242	2	1	115.634	1.000
qarası			1242	2	1	115.634	1.000
qarataw			1242	2	1	115.634	1.000
qaraw			1242	2	1	115.634	1.000
qaraxaniyler			1242	2	1	115.634	1.000
qaray			1242	2	1	115.634	1.000
qaraydı			1242	2	1	115.634	1.000
qaraózek			1242	2	1	115.634	1.000
qaraǵım			1242	2	1	115.634	1.000
qarjı			1242	2	1	115.634	1.000
qarjıların			1242	2	1	115.634	1.000
qarlı			1242	2	1	115.634	1.000
qarız			1242	2	1	115.634	1.000
qasına			1242	2	1	115.634	1.000
qatarlar			1242	2	1	115.634	1.000
qatlamı			1242	2	1	115.634	1.000
qatnasqan			1242	2	1	115.634	1.000
qatnası			1242	2	1	115.634	1.000
qatıqulaq			1242	2	1	115.634	1.000
qaytadı			1242	2	1	115.634	1.000
qayǵı			1242	2	1	115.634	1.000
qazaqdáryada			1242	2	1	115.634	1.000
qazaqstanǵa			1242	2	1	115.634	1.000
qazılmalar			1242	2	1	115.634	1.000
qazıp			1242	2	1	115.634	1.000
qaǵazlar			1242	2	1	115.634	1.000
qaǵazlardıń			1242	2	1	115.634	1.000
qolaylı			1242	2	1	115.634	1.000
qoldawlı			1242	2	1	115.634	1.000
qolǵa			1242	2	1	115.634	1.000
qosa			1242	2	1	115.634	1.000
qosılıp			1242	2	1	115.634	1.000
qosıqlardıń			1242	2	1	115.634	1.000
qosıqlarında			1242	2	1	115.634	1.000
qosıqtı			1242	2	1	115.634	1.000
qosıǵı			1242	2	1	115.634	1.000
qosıǵın			1242	2	1	115.634	1.000
qoy			1242	2	1	115.634	1.000
qoymastan			1242	2	1	115.634	1.000
qoyıldı			1242	2	1	115.634	1.000
qoyınlılar			1242	2	1	115.634	1.000
qoyıp			1242	2	1	115.634	1.000
qońır			1242	2	1	115.634	1.000
qublada			1242	2	1	115.634	1.000
qulqı			1242	2	1	115.634	1.000
qunı			1242	2	1	115.634	1.000
qurallar			1242	2	1	115.634	1.000
qurılǵan			1242	2	1	115.634	1.000
qus			1242	2	1	115.634	1.000
quslar			1242	2	1	115.634	1.000
qutlımurat			1242	2	1	115.634	1.000
quwırshaq			1242	2	1	115.634	1.000
quyar			1242	2	1	115.634	1.000
qáddi			1242	2	1	115.634	1.000
qálemeydi			1242	2	1	115.634	1.000
qálemi			1242	2	1	115.634	1.000
qáliplesti			1242	2	1	115.634	1.000
qánigelesken			1242	2	1	115.634	1.000
qátquda			1242	2	1	115.634	1.000
qılısh			1242	2	1	115.634	1.000
qırq			1242	2	1	115.634	1.000
qırıq			1242	2	1	115.634	1.000
qısqarıp			1242	2	1	115.634	1.000
qıssaxan			1242	2	1	115.634	1.000
qısta			1242	2	1	115.634	1.000
qızdı			1242	2	1	115.634	1.000
qızıq			1242	2	1	115.634	1.000
qızıǵıp			1242	2	1	115.634	1.000
rawajlanıwında			1242	2	1	115.634	1.000
rawajlanıwınıń			1242	2	1	115.634	1.000
rayonlarında			1242	2	1	115.634	1.000
rayonında			1242	2	1	115.634	1.000
rayonınıń			1242	2	1	115.634	1.000
resurslarına			1242	2	1	115.634	1.000
roman			1242	2	1	115.634	1.000
romantikalıq			1242	2	1	115.634	1.000
rustam			1242	2	1	115.634	1.000
saat			1242	2	1	115.634	1.000
saldı			1242	2	1	115.634	1.000
saljukiyler			1242	2	1	115.634	1.000
salmaqlı			1242	2	1	115.634	1.000
salıstırǵanda			1242	2	1	115.634	1.000
sanı			1242	2	1	115.634	1.000
satıq			1242	2	1	115.634	1.000
sawatın			1242	2	1	115.634	1.000
sawda			1242	2	1	115.634	1.000
saxnalastırıldı			1242	2	1	115.634	1.000
saytlar			1242	2	1	115.634	1.000
sebepler			1242	2	1	115.634	1.000
seniń			1242	2	1	115.634	1.000
sezgen			1242	2	1	115.634	1.000
sezimleri			1242	2	1	115.634	1.000
shaxlar			1242	2	1	115.634	1.000
shayırdı			1242	2	1	115.634	1.000
shayırǵa			1242	2	1	115.634	1.000
shańaraq			1242	2	1	115.634	1.000
sheberleriniń			1242	2	1	115.634	1.000
shegaralasqan			1242	2	1	115.634	1.000
sheginde			1242	2	1	115.634	1.000
shekidegi			1242	2	1	115.634	1.000
sheksiz			1242	2	1	115.634	1.000
sherǵazıxan			1242	2	1	115.634	1.000
sheshiw			1242	2	1	115.634	1.000
shevchenkonıń			1242	2	1	115.634	1.000
shirvon			1242	2	1	115.634	1.000
shirvonshahlar			1242	2	1	115.634	1.000
shusha			1242	2	1	115.634	1.000
shuǵıllanıwshı			1242	2	1	115.634	1.000
shákirt			1242	2	1	115.634	1.000
shınlıǵı			1242	2	1	115.634	1.000
shıńı			1242	2	1	115.634	1.000
shıńǵıs			1242	2	1	115.634	1.000
shıǵarmada			1242	2	1	115.634	1.000
shıǵarmalarınıń			1242	2	1	115.634	1.000
shıǵarılatuǵın			1242	2	1	115.634	1.000
shıǵısında			1242	2	1	115.634	1.000
simfoniyalıq			1242	2	1	115.634	1.000
sisteması			1242	2	1	115.634	1.000
siyasat			1242	2	1	115.634	1.000
social			1242	2	1	115.634	1.000
solardıń			1242	2	1	115.634	1.000
sonshelli			1242	2	1	115.634	1.000
sonın			1242	2	1	115.634	1.000
soraw			1242	2	1	115.634	1.000
sorlaq			1242	2	1	115.634	1.000
sotsial			1242	2	1	115.634	1.000
sovet			1242	2	1	115.634	1.000
stantsiya			1242	2	1	115.634	1.000
stantsiyası			1242	2	1	115.634	1.000
stilde			1242	2	1	115.634	1.000
sultan			1242	2	1	115.634	1.000
summasın			1242	2	1	115.634	1.000
suverenitetin			1242	2	1	115.634	1.000
suwda			1242	2	1	115.634	1.000
suwdı			1242	2	1	115.634	1.000
suwdıń			1242	2	1	115.634	1.000
suwları			1242	2	1	115.634	1.000
suwı			1242	2	1	115.634	1.000
suwıq			1242	2	1	115.634	1.000
suwǵarmalı			1242	2	1	115.634	1.000
suwǵarıw			1242	2	1	115.634	1.000
sáykes			1242	2	1	115.634	1.000
sóylegen			1242	2	1	115.634	1.000
sóylegende			1242	2	1	115.634	1.000
sóytip			1242	2	1	115.634	1.000
sózge			1242	2	1	115.634	1.000
sózlerin			1242	2	1	115.634	1.000
súwretke			1242	2	1	115.634	1.000
súwretlenedi			1242	2	1	115.634	1.000
súwretleri			1242	2	1	115.634	1.000
súwretleydi			1242	2	1	115.634	1.000
súyek			1242	2	1	115.634	1.000
súygen			1242	2	1	115.634	1.000
súyikli			1242	2	1	115.634	1.000
sırt			1242	2	1	115.634	1.000
sıyaqlılar			1242	2	1	115.634	1.000
taba			1242	2	1	115.634	1.000
tabadı			1242	2	1	115.634	1.000
tabıldı			1242	2	1	115.634	1.000
tabılǵanlıǵı			1242	2	1	115.634	1.000
tagizoda			1242	2	1	115.634	1.000
talaplar			1242	2	1	115.634	1.000
talay			1242	2	1	115.634	1.000
tamam			1242	2	1	115.634	1.000
tanıla			1242	2	1	115.634	1.000
tanımalı			1242	2	1	115.634	1.000
tanıs			1242	2	1	115.634	1.000
tarawları			1242	2	1	115.634	1.000
tariyxımız			1242	2	1	115.634	1.000
tarqaldı			1242	2	1	115.634	1.000
tarqalgan			1242	2	1	115.634	1.000
tarqalǵan			1242	2	1	115.634	1.000
tasqa			1242	2	1	115.634	1.000
tastıyıqlaytuǵın			1242	2	1	115.634	1.000
tawıp			1242	2	1	115.634	1.000
taxtın			1242	2	1	115.634	1.000
tazalap			1242	2	1	115.634	1.000
tańlap			1242	2	1	115.634	1.000
taǵı			1242	2	1	115.634	1.000
tekslerdi			1242	2	1	115.634	1.000
telegraf			1242	2	1	115.634	1.000
temada			1242	2	1	115.634	1.000
temeki			1242	2	1	115.634	1.000
temperatura			1242	2	1	115.634	1.000
temur			1242	2	1	115.634	1.000
teoriya			1242	2	1	115.634	1.000
teoriyalıq			1242	2	1	115.634	1.000
teoriyası			1242	2	1	115.634	1.000
terme			1242	2	1	115.634	1.000
termeler			1242	2	1	115.634	1.000
teńizdi			1242	2	1	115.634	1.000
teńiziniń			1242	2	1	115.634	1.000
teńlik			1242	2	1	115.634	1.000
ti			1242	2	1	115.634	1.000
til			1242	2	1	115.634	1.000
tiyer			1242	2	1	115.634	1.000
tiygizdi			1242	2	1	115.634	1.000
tiykar			1242	2	1	115.634	1.000
tiykarları			1242	2	1	115.634	1.000
tiykarı			1242	2	1	115.634	1.000
tolish			1242	2	1	115.634	1.000
topar			1242	2	1	115.634	1.000
topardaǵı			1242	2	1	115.634	1.000
toplamı			1242	2	1	115.634	1.000
torǵay			1242	2	1	115.634	1.000
torǵaydı			1242	2	1	115.634	1.000
tosattan			1242	2	1	115.634	1.000
tovar			1242	2	1	115.634	1.000
toyda			1242	2	1	115.634	1.000
tozıw			1242	2	1	115.634	1.000
tropikalıq			1242	2	1	115.634	1.000
tropikası			1242	2	1	115.634	1.000
turaqlı			1242	2	1	115.634	1.000
turatuǵın			1242	2	1	115.634	1.000
tuw			1242	2	1	115.634	1.000
tuwǵan			1242	2	1	115.634	1.000
tábiyat			1242	2	1	115.634	1.000
táliymat			1242	2	1	115.634	1.000
tárbiyalawǵa			1242	2	1	115.634	1.000
tárbiyalıq			1242	2	1	115.634	1.000
tárbiyashı			1242	2	1	115.634	1.000
tárepinde			1242	2	1	115.634	1.000
táriyplenedi			1242	2	1	115.634	1.000
tárizli			1242	2	1	115.634	1.000
tártibin			1242	2	1	115.634	1.000
tártip			1242	2	1	115.634	1.000
tásirin			1242	2	1	115.634	1.000
tásirli			1242	2	1	115.634	1.000
tómenlep			1242	2	1	115.634	1.000
tórtinshi			1242	2	1	115.634	1.000
túlki			1242	2	1	115.634	1.000
túlkishek			1242	2	1	115.634	1.000
túrkistan			1242	2	1	115.634	1.000
túrkiya			1242	2	1	115.634	1.000
túrkmen			1242	2	1	115.634	1.000
tús			1242	2	1	115.634	1.000
túsindiriwinshe			1242	2	1	115.634	1.000
túsinik			1242	2	1	115.634	1.000
túsinikler			1242	2	1	115.634	1.000
túsiniwge			1242	2	1	115.634	1.000
túsken			1242	2	1	115.634	1.000
tınettiń			1242	2	1	115.634	1.000
ulamalar			1242	2	1	115.634	1.000
umtılıw			1242	2	1	115.634	1.000
un			1242	2	1	115.634	1.000
unamlı			1242	2	1	115.634	1.000
unatqan			1242	2	1	115.634	1.000
uradı			1242	2	1	115.634	1.000
urıp			1242	2	1	115.634	1.000
urıs			1242	2	1	115.634	1.000
urısıwshı			1242	2	1	115.634	1.000
urıwındaǵı			1242	2	1	115.634	1.000
urıwınıń			1242	2	1	115.634	1.000
usas			1242	2	1	115.634	1.000
usaydı			1242	2	1	115.634	1.000
ushırawı			1242	2	1	115.634	1.000
usi			1242	2	1	115.634	1.000
ustası			1242	2	1	115.634	1.000
usılar			1242	2	1	115.634	1.000
usılay			1242	2	1	115.634	1.000
usınıń			1242	2	1	115.634	1.000
usıǵan			1242	2	1	115.634	1.000
uyqas			1242	2	1	115.634	1.000
vedanta			1242	2	1	115.634	1.000
vii			1242	2	1	115.634	1.000
viii			1242	2	1	115.634	1.000
waqtın			1242	2	1	115.634	1.000
waqıtlar			1242	2	1	115.634	1.000
waqıtlarǵa			1242	2	1	115.634	1.000
waqıyanı			1242	2	1	115.634	1.000
web			1242	2	1	115.634	1.000
wákilleriniń			1242	2	1	115.634	1.000
wázir			1242	2	1	115.634	1.000
xalil			1242	2	1	115.634	1.000
xalq			1242	2	1	115.634	1.000
xalqına			1242	2	1	115.634	1.000
xalıqqa			1242	2	1	115.634	1.000
xamsá			1242	2	1	115.634	1.000
xanlar			1242	2	1	115.634	1.000
xat			1242	2	1	115.634	1.000
xatib			1242	2	1	115.634	1.000
xayratul			1242	2	1	115.634	1.000
xiywada			1242	2	1	115.634	1.000
xiywanıń			1242	2	1	115.634	1.000
xoja			1242	2	1	115.634	1.000
xoqoniy			1242	2	1	115.634	1.000
xor			1242	2	1	115.634	1.000
xorasannıń			1242	2	1	115.634	1.000
xviii			1242	2	1	115.634	1.000
xızmeti			1242	2	1	115.634	1.000
yadında			1242	2	1	115.634	1.000
yoga			1242	2	1	115.634	1.000
yuridikalıq			1242	2	1	115.634	1.000
z			1242	2	1	115.634	1.000
zal			1242	2	1	115.634	1.000
zamanınıń			1242	2	1	115.634	1.000
zardusht			1242	2	1	115.634	1.000
zatlardı			1242	2	1	115.634	1.000
zavodı			1242	2	1	115.634	1.000
ziyrek			1242	2	1	115.634	1.000
zordan			1242	2	1	115.634	1.000
zulqarnayın			1242	2	1	115.634	1.000
zárúr			1242	2	1	115.634	1.000
zıyat			1242	2	1	115.634	1.000
ábdiraxman			1242	2	1	115.634	1.000
ádalatsız			1242	2	1	115.634	1.000
ádebiyatına			1242	2	1	115.634	1.000
ádep			1242	2	1	115.634	1.000
ádillik			1242	2	1	115.634	1.000
ájiniyazdı			1242	2	1	115.634	1.000
ájiniyazǵa			1242	2	1	115.634	1.000
áke			1242	2	1	115.634	1.000
ákesiniń			1242	2	1	115.634	1.000
álbentten			1242	2	1	115.634	1.000
álipbe			1242	2	1	115.634	1.000
álisher			1242	2	1	115.634	1.000
ámelge			1242	2	1	115.634	1.000
ámir			1242	2	1	115.634	1.000
ápiwayılardıń			1242	2	1	115.634	1.000
ásker			1242	2	1	115.634	1.000
áskerleri			1242	2	1	115.634	1.000
átirapındaǵı			1242	2	1	115.634	1.000
ázerbayjandı			1242	2	1	115.634	1.000
ólim			1242	2	1	115.634	1.000
óltiriledi			1242	2	1	115.634	1.000
ómirbayanı			1242	2	1	115.634	1.000
ómirdiń			1242	2	1	115.634	1.000
ómirin			1242	2	1	115.634	1.000
ónimdarlıǵı			1242	2	1	115.634	1.000
ósimlikleri			1242	2	1	115.634	1.000
ósti			1242	2	1	115.634	1.000
ótip			1242	2	1	115.634	1.000
ótiwge			1242	2	1	115.634	1.000
ótkergen			1242	2	1	115.634	1.000
ótkeriw			1242	2	1	115.634	1.000
ótkeriwge			1242	2	1	115.634	1.000
ózbekstanda			1242	2	1	115.634	1.000
ózekleri			1242	2	1	115.634	1.000
ózgeriwi			1242	2	1	115.634	1.000
ózgeshelikler			1242	2	1	115.634	1.000
ózgeshelikleri			1242	2	1	115.634	1.000
ózinde			1242	2	1	115.634	1.000
ózinshe			1242	2	1	115.634	1.000
úshewi			1242	2	1	115.634	1.000
ústinde			1242	2	1	115.634	1.000
ústinen			1242	2	1	115.634	1.000
úy			1242	2	1	115.634	1.000
úyde			1242	2	1	115.634	1.000
úyge			1242	2	1	115.634	1.000
úyi			1242	2	1	115.634	1.000
úylengen			1242	2	1	115.634	1.000
úyrek			1242	2	1	115.634	1.000
úyrendi			1242	2	1	115.634	1.000
ılaqtırıw			1242	2	1	115.634	1.000
ılı			1242	2	1	115.634	1.000
ıqlası			1242	2	1	115.634	1.000
ıqlım			1242	2	1	115.634	1.000
ıssı			1242	2	1	115.634	1.000
ıǵal			1242	2	1	115.634	1.000
ǵárezsiz			1242	2	1	115.634	1.000
ǵárezsizlik			1242	2	1	115.634	1.000
abadanlıǵı			2274	1	1	57.817	1.000
abaylı			2274	1	1	57.817	1.000
abbas			2274	1	1	57.817	1.000
abbashuq			2274	1	1	57.817	1.000
abbos			2274	1	1	57.817	1.000
abduda			2274	1	1	57.817	1.000
abdulloh			2274	1	1	57.817	1.000
abdulqodir			2274	1	1	57.817	1.000
abdurahmonov			2274	1	1	57.817	1.000
abduraxmanov			2274	1	1	57.817	1.000
abiddin			2274	1	1	57.817	1.000
abissiniyalı			2274	1	1	57.817	1.000
abram			2274	1	1	57.817	1.000
absolyutlıq			2274	1	1	57.817	1.000
abıray			2274	1	1	57.817	1.000
abıroylı			2274	1	1	57.817	1.000
adamgershilik			2274	1	1	57.817	1.000
adamgershilikke			2274	1	1	57.817	1.000
adamlarda			2274	1	1	57.817	1.000
adamların			2274	1	1	57.817	1.000
adamlarınıń			2274	1	1	57.817	1.000
adamnan			2274	1	1	57.817	1.000
adamxor			2274	1	1	57.817	1.000
adamı			2274	1	1	57.817	1.000
afinalılar			2274	1	1	57.817	1.000
afrikaday			2274	1	1	57.817	1.000
afrikalıq			2274	1	1	57.817	1.000
afrikasında			2274	1	1	57.817	1.000
afriká			2274	1	1	57.817	1.000
agentligi			2274	1	1	57.817	1.000
agentlikleri			2274	1	1	57.817	1.000
agrar			2274	1	1	57.817	1.000
ahamaniyler			2274	1	1	57.817	1.000
ahmad			2274	1	1	57.817	1.000
ajamiy			2274	1	1	57.817	1.000
ajapası			2274	1	1	57.817	1.000
ajaǵası			2274	1	1	57.817	1.000
ajiniyaz			2274	1	1	57.817	1.000
ajıratıladı			2274	1	1	57.817	1.000
ajıratıp			2274	1	1	57.817	1.000
akademik			2274	1	1	57.817	1.000
akcionerdiń			2274	1	1	57.817	1.000
akcionerleri			2274	1	1	57.817	1.000
akcionerleskende			2274	1	1	57.817	1.000
akciyalarınıń			2274	1	1	57.817	1.000
akciyanıń			2274	1	1	57.817	1.000
akespe			2274	1	1	57.817	1.000
akstafa			2274	1	1	57.817	1.000
aktivligi			2274	1	1	57.817	1.000
aktsionerlik			2274	1	1	57.817	1.000
aktsiyalardı			2274	1	1	57.817	1.000
aktsiyanı			2274	1	1	57.817	1.000
akula			2274	1	1	57.817	1.000
alamız			2274	1	1	57.817	1.000
alatuǵın			2274	1	1	57.817	1.000
alayıq			2274	1	1	57.817	1.000
albaniyası			2274	1	1	57.817	1.000
albanlar			2274	1	1	57.817	1.000
aldama			2274	1	1	57.817	1.000
aldap			2274	1	1	57.817	1.000
aldım			2274	1	1	57.817	1.000
aldındaǵı			2274	1	1	57.817	1.000
aldınǵıdan			2274	1	1	57.817	1.000
aldırıp			2274	1	1	57.817	1.000
aldıńa			2274	1	1	57.817	1.000
alekper			2274	1	1	57.817	1.000
alesker			2274	1	1	57.817	1.000
alfavit			2274	1	1	57.817	1.000
algologiya			2274	1	1	57.817	1.000
ali			2274	1	1	57.817	1.000
aliev			2274	1	1	57.817	1.000
alimov			2274	1	1	57.817	1.000
alisherge			2274	1	1	57.817	1.000
aliyev			2274	1	1	57.817	1.000
alizoda			2274	1	1	57.817	1.000
alla			2274	1	1	57.817	1.000
allamalar			2274	1	1	57.817	1.000
almagest			2274	1	1	57.817	1.000
almas			2274	1	1	57.817	1.000
almassa			2274	1	1	57.817	1.000
almastırılǵanda			2274	1	1	57.817	1.000
almaymız			2274	1	1	57.817	1.000
almaytuǵın			2274	1	1	57.817	1.000
almaǵa			2274	1	1	57.817	1.000
alp			2274	1	1	57.817	1.000
alpıs			2274	1	1	57.817	1.000
alsań			2274	1	1	57.817	1.000
altınlar			2274	1	1	57.817	1.000
altınshı			2274	1	1	57.817	1.000
alımlardı			2274	1	1	57.817	1.000
alımlardıń			2274	1	1	57.817	1.000
alımlarınıń			2274	1	1	57.817	1.000
alınadı			2274	1	1	57.817	1.000
alınbaǵan			2274	1	1	57.817	1.000
alıngan			2274	1	1	57.817	1.000
alınıwı			2274	1	1	57.817	1.000
alıptı			2274	1	1	57.817	1.000
alıs			2274	1	1	57.817	1.000
alısta			2274	1	1	57.817	1.000
alıwdı			2274	1	1	57.817	1.000
alıwları			2274	1	1	57.817	1.000
alıwshı			2274	1	1	57.817	1.000
alıwshılıq			2274	1	1	57.817	1.000
alǵanlıǵı			2274	1	1	57.817	1.000
alǵanımızdá			2274	1	1	57.817	1.000
alǵıslap			2274	1	1	57.817	1.000
aman			2274	1	1	57.817	1.000
amanbısań			2274	1	1	57.817	1.000
amangeldi			2274	1	1	57.817	1.000
amanqul			2274	1	1	57.817	1.000
amortizatsiya			2274	1	1	57.817	1.000
ana			2274	1	1	57.817	1.000
analar			2274	1	1	57.817	1.000
analiz			2274	1	1	57.817	1.000
anatomiyanı			2274	1	1	57.817	1.000
anatomiyá			2274	1	1	57.817	1.000
anaw			2274	1	1	57.817	1.000
anaǵurlım			2274	1	1	57.817	1.000
and			2274	1	1	57.817	1.000
anekdotları			2274	1	1	57.817	1.000
anglichanlı			2274	1	1	57.817	1.000
angliyalı			2274	1	1	57.817	1.000
ansambli			2274	1	1	57.817	1.000
ant			2274	1	1	57.817	1.000
antaraktika			2274	1	1	57.817	1.000
antarctic			2274	1	1	57.817	1.000
antarktikanı			2274	1	1	57.817	1.000
antologiyası			2274	1	1	57.817	1.000
antropologiya			2274	1	1	57.817	1.000
anvariy			2274	1	1	57.817	1.000
anıqlama			2274	1	1	57.817	1.000
anıqlanadı			2274	1	1	57.817	1.000
anıqlandı			2274	1	1	57.817	1.000
anıqlap			2274	1	1	57.817	1.000
anıqlastırıw			2274	1	1	57.817	1.000
anıqlıq			2274	1	1	57.817	1.000
apparatlar			2274	1	1	57.817	1.000
aqjigit			2274	1	1	57.817	1.000
aqlıqların			2274	1	1	57.817	1.000
aqlıǵı			2274	1	1	57.817	1.000
aqmaq			2274	1	1	57.817	1.000
aqquw			2274	1	1	57.817	1.000
aqshqa			2274	1	1	57.817	1.000
aqun			2274	1	1	57.817	1.000
aqılsız			2274	1	1	57.817	1.000
aqılı			2274	1	1	57.817	1.000
aqırgı			2274	1	1	57.817	1.000
aqırlarında			2274	1	1	57.817	1.000
aqırına			2274	1	1	57.817	1.000
aqırınan			2274	1	1	57.817	1.000
aqırǵı			2274	1	1	57.817	1.000
ar			2274	1	1	57.817	1.000
arabstanı			2274	1	1	57.817	1.000
arabıy			2274	1	1	57.817	1.000
araknologiya			2274	1	1	57.817	1.000
aralamaǵanı			2274	1	1	57.817	1.000
aralas			2274	1	1	57.817	1.000
aralastırıp			2274	1	1	57.817	1.000
aralasıp			2274	1	1	57.817	1.000
aralıq			2274	1	1	57.817	1.000
aralıqlarǵa			2274	1	1	57.817	1.000
aralıqqa			2274	1	1	57.817	1.000
aralıǵı			2274	1	1	57.817	1.000
aralǵa			2274	1	1	57.817	1.000
aranyaklar			2274	1	1	57.817	1.000
ardabidtegi			2274	1	1	57.817	1.000
ardasher			2274	1	1	57.817	1.000
arina			2274	1	1	57.817	1.000
aristoteldiń			2274	1	1	57.817	1.000
arisvlerdiń			2274	1	1	57.817	1.000
arkrn			2274	1	1	57.817	1.000
arktikadan			2274	1	1	57.817	1.000
armanı			2274	1	1	57.817	1.000
armanın			2274	1	1	57.817	1.000
armiya			2274	1	1	57.817	1.000
arnaw			2274	1	1	57.817	1.000
arpa			2274	1	1	57.817	1.000
arqada			2274	1	1	57.817	1.000
arqadaǵı			2274	1	1	57.817	1.000
arqaǵa			2274	1	1	57.817	1.000
artistler			2274	1	1	57.817	1.000
artqı			2274	1	1	57.817	1.000
arttırıp			2274	1	1	57.817	1.000
arttırǵan			2274	1	1	57.817	1.000
artyom			2274	1	1	57.817	1.000
artında			2274	1	1	57.817	1.000
artınıń			2274	1	1	57.817	1.000
artıp			2274	1	1	57.817	1.000
artıqmashlıǵı			2274	1	1	57.817	1.000
arxitektor			2274	1	1	57.817	1.000
arxitektori			2274	1	1	57.817	1.000
arxitektorlar			2274	1	1	57.817	1.000
arxitektorları			2274	1	1	57.817	1.000
arxitekturasınıń			2274	1	1	57.817	1.000
arxivimizde			2274	1	1	57.817	1.000
arza			2274	1	1	57.817	1.000
arzımbet			2274	1	1	57.817	1.000
arzıw			2274	1	1	57.817	1.000
arıslan			2274	1	1	57.817	1.000
arısı			2274	1	1	57.817	1.000
arıwdan			2274	1	1	57.817	1.000
arǵı			2274	1	1	57.817	1.000
asa			2274	1	1	57.817	1.000
asad			2274	1	1	57.817	1.000
asadı			2274	1	1	57.817	1.000
asha			2274	1	1	57.817	1.000
ashamaylılardıń			2274	1	1	57.817	1.000
asharda			2274	1	1	57.817	1.000
ashardı			2274	1	1	57.817	1.000
asharı			2274	1	1	57.817	1.000
ashatuǵın			2274	1	1	57.817	1.000
ashqan			2274	1	1	57.817	1.000
ashtan			2274	1	1	57.817	1.000
ashtı			2274	1	1	57.817	1.000
ashılısıp			2274	1	1	57.817	1.000
ashılıwı			2274	1	1	57.817	1.000
ashılǵan			2274	1	1	57.817	1.000
ashılǵay			2274	1	1	57.817	1.000
ashıqlardan			2274	1	1	57.817	1.000
ashıqlıq			2274	1	1	57.817	1.000
ashıw			2274	1	1	57.817	1.000
ashıwlanadı			2274	1	1	57.817	1.000
ashıǵı			2274	1	1	57.817	1.000
aslamına			2274	1	1	57.817	1.000
asli			2274	1	1	57.817	1.000
asov			2274	1	1	57.817	1.000
asqan			2274	1	1	57.817	1.000
asror			2274	1	1	57.817	1.000
assa			2274	1	1	57.817	1.000
assiriyanın			2274	1	1	57.817	1.000
astarlı			2274	1	1	57.817	1.000
astarlıq			2274	1	1	57.817	1.000
astrabad			2274	1	1	57.817	1.000
astrabadta			2274	1	1	57.817	1.000
astrobiologiya			2274	1	1	57.817	1.000
astronomiya			2274	1	1	57.817	1.000
astıradı			2274	1	1	57.817	1.000
asıradı			2274	1	1	57.817	1.000
asıraw			2274	1	1	57.817	1.000
asırıladı			2274	1	1	57.817	1.000
atalmaqta			2274	1	1	57.817	1.000
atalıp			2274	1	1	57.817	1.000
atamasi			2274	1	1	57.817	1.000
atanadı			2274	1	1	57.817	1.000
ataqtan			2274	1	1	57.817	1.000
atasa			2274	1	1	57.817	1.000
atastırılǵan			2274	1	1	57.817	1.000
atasınıń			2274	1	1	57.817	1.000
ataw			2274	1	1	57.817	1.000
atawda			2274	1	1	57.817	1.000
atawlardıń			2274	1	1	57.817	1.000
atawındaǵı			2274	1	1	57.817	1.000
atawınıń			2274	1	1	57.817	1.000
ataymız			2274	1	1	57.817	1.000
ataǵanlıǵı			2274	1	1	57.817	1.000
ataǵanın			2274	1	1	57.817	1.000
atlar			2274	1	1	57.817	1.000
atların			2274	1	1	57.817	1.000
atom			2274	1	1	57.817	1.000
atqa			2274	1	1	57.817	1.000
atqaratuǵın			2274	1	1	57.817	1.000
atqarıladı			2274	1	1	57.817	1.000
atqarılıwı			2274	1	1	57.817	1.000
atqarıwshı			2274	1	1	57.817	1.000
atqarıwında			2274	1	1	57.817	1.000
atqarǵan			2274	1	1	57.817	1.000
atropatena			2274	1	1	57.817	1.000
attardıń			2274	1	1	57.817	1.000
atxarvedá			2274	1	1	57.817	1.000
atınıń			2274	1	1	57.817	1.000
atırǵanda			2274	1	1	57.817	1.000
atıwshı			2274	1	1	57.817	1.000
avarlar			2274	1	1	57.817	1.000
avgusta			2274	1	1	57.817	1.000
avogardo			2274	1	1	57.817	1.000
avrang			2274	1	1	57.817	1.000
avstraliya			2274	1	1	57.817	1.000
avtobiografiyasın			2274	1	1	57.817	1.000
avtomobil			2274	1	1	57.817	1.000
avtonom			2274	1	1	57.817	1.000
avtonomiya			2274	1	1	57.817	1.000
avtonomiyalıq			2274	1	1	57.817	1.000
avtorları			2274	1	1	57.817	1.000
avxadiy			2274	1	1	57.817	1.000
awdarmalardan			2274	1	1	57.817	1.000
awdarmanıń			2274	1	1	57.817	1.000
awdarmasındaǵı			2274	1	1	57.817	1.000
awdarıladı			2274	1	1	57.817	1.000
awdarıw			2274	1	1	57.817	1.000
awdarıwǵa			2274	1	1	57.817	1.000
awlanadı			2274	1	1	57.817	1.000
awlanıp			2274	1	1	57.817	1.000
awlaydı			2274	1	1	57.817	1.000
awqamlas			2274	1	1	57.817	1.000
awqatlanıw			2274	1	1	57.817	1.000
awqatın			2274	1	1	57.817	1.000
awzıbasın			2274	1	1	57.817	1.000
awzına			2274	1	1	57.817	1.000
awzınan			2274	1	1	57.817	1.000
awıldıń			2274	1	1	57.817	1.000
awıllarda			2274	1	1	57.817	1.000
awılına			2274	1	1	57.817	1.000
awılınan			2274	1	1	57.817	1.000
awılındaǵı			2274	1	1	57.817	1.000
awırlıq			2274	1	1	57.817	1.000
awırıraq			2274	1	1	57.817	1.000
awırıwınan			2274	1	1	57.817	1.000
awızınan			2274	1	1	57.817	1.000
awǵanstan			2274	1	1	57.817	1.000
axmedbek			2274	1	1	57.817	1.000
axundovtıń			2274	1	1	57.817	1.000
axverdiyevtiń			2274	1	1	57.817	1.000
ayapberegn			2274	1	1	57.817	1.000
ayapberegnniń			2274	1	1	57.817	1.000
ayaqlar			2274	1	1	57.817	1.000
ayaǵına			2274	1	1	57.817	1.000
ayaǵında			2274	1	1	57.817	1.000
aydalıp			2274	1	1	57.817	1.000
aydın			2274	1	1	57.817	1.000
aydınnan			2274	1	1	57.817	1.000
aydınǵa			2274	1	1	57.817	1.000
aylandı			2274	1	1	57.817	1.000
aylandırdı			2274	1	1	57.817	1.000
aylandırılǵan			2274	1	1	57.817	1.000
aylanıs			2274	1	1	57.817	1.000
aylanıstaǵı			2274	1	1	57.817	1.000
aylanısı			2274	1	1	57.817	1.000
aylanǵan			2274	1	1	57.817	1.000
aymaqtıń			2274	1	1	57.817	1.000
aymaǵına			2274	1	1	57.817	1.000
aymaǵınınıń			2274	1	1	57.817	1.000
aynalayın			2274	1	1	57.817	1.000
aynaldırǵanda			2274	1	1	57.817	1.000
aynalǵan			2274	1	1	57.817	1.000
aynanayın			2274	1	1	57.817	1.000
ayqulash			2274	1	1	57.817	1.000
ayqın			2274	1	1	57.817	1.000
ayra			2274	1	1	57.817	1.000
ayrılsa			2274	1	1	57.817	1.000
ayta			2274	1	1	57.817	1.000
aytarlıqtay			2274	1	1	57.817	1.000
ayteke			2274	1	1	57.817	1.000
aytiwinsha			2274	1	1	57.817	1.000
aytmatov			2274	1	1	57.817	1.000
aytmuxammed			2274	1	1	57.817	1.000
aytqanday			2274	1	1	57.817	1.000
aytqanlardı			2274	1	1	57.817	1.000
aytıla			2274	1	1	57.817	1.000
aytılatuǵın			2274	1	1	57.817	1.000
aytılıwınan			2274	1	1	57.817	1.000
aytılǵanınday			2274	1	1	57.817	1.000
aytıslarda			2274	1	1	57.817	1.000
aytıslardan			2274	1	1	57.817	1.000
aytısların			2274	1	1	57.817	1.000
aytıslarının			2274	1	1	57.817	1.000
aytısqanda			2274	1	1	57.817	1.000
aytıstırıwdı			2274	1	1	57.817	1.000
aytısınıń			2274	1	1	57.817	1.000
aytısıw			2274	1	1	57.817	1.000
aytısıwlar			2274	1	1	57.817	1.000
aytıwda			2274	1	1	57.817	1.000
aytıwdı			2274	1	1	57.817	1.000
aytıwısız			2274	1	1	57.817	1.000
aytıwıwı			2274	1	1	57.817	1.000
aytıwǵa			2274	1	1	57.817	1.000
ayı			2274	1	1	57.817	1.000
ayıldıń			2274	1	1	57.817	1.000
ayıllı			2274	1	1	57.817	1.000
ayımbetov			2274	1	1	57.817	1.000
ayımbetovlar			2274	1	1	57.817	1.000
ayımxan			2274	1	1	57.817	1.000
ayıplanıp			2274	1	1	57.817	1.000
ayıplaydı			2274	1	1	57.817	1.000
ayırıladı			2274	1	1	57.817	1.000
ayırıldı			2274	1	1	57.817	1.000
ayırımları			2274	1	1	57.817	1.000
ayıw			2274	1	1	57.817	1.000
ayǵır			2274	1	1	57.817	1.000
azamatın			2274	1	1	57.817	1.000
azar			2274	1	1	57.817	1.000
azarlarına			2274	1	1	57.817	1.000
azatlıq			2274	1	1	57.817	1.000
azaytqanda			2274	1	1	57.817	1.000
azaytılǵan			2274	1	1	57.817	1.000
azayıp			2274	1	1	57.817	1.000
azdım			2274	1	1	57.817	1.000
azerbaydjan			2274	1	1	57.817	1.000
azerbayjan			2274	1	1	57.817	1.000
azerin			2274	1	1	57.817	1.000
aziada			2274	1	1	57.817	1.000
azianı			2274	1	1	57.817	1.000
azim			2274	1	1	57.817	1.000
azimzada			2274	1	1	57.817	1.000
aziy			2274	1	1	57.817	1.000
aziyada			2274	1	1	57.817	1.000
aziyadaǵı			2274	1	1	57.817	1.000
azǵantay			2274	1	1	57.817	1.000
ańsar			2274	1	1	57.817	1.000
ańsatlastıradı			2274	1	1	57.817	1.000
ańshılıq			2274	1	1	57.817	1.000
ańızdıń			2274	1	1	57.817	1.000
ańızlardıń			2274	1	1	57.817	1.000
ańızlarǵa			2274	1	1	57.817	1.000
ańızın			2274	1	1	57.817	1.000
ańızınan			2274	1	1	57.817	1.000
aǵayinleri			2274	1	1	57.817	1.000
aǵayın			2274	1	1	57.817	1.000
aǵdam			2274	1	1	57.817	1.000
aǵeke			2274	1	1	57.817	1.000
aǵzası			2274	1	1	57.817	1.000
aǵımı			2274	1	1	57.817	1.000
aǵıp			2274	1	1	57.817	1.000
aǵıs			2274	1	1	57.817	1.000
baba			2274	1	1	57.817	1.000
babak			2274	1	1	57.817	1.000
babaları			2274	1	1	57.817	1.000
babalarımızdan			2274	1	1	57.817	1.000
babalarımızdıń			2274	1	1	57.817	1.000
babası			2274	1	1	57.817	1.000
badam			2274	1	1	57.817	1.000
bahalanadı			2274	1	1	57.817	1.000
bahalawdıń			2274	1	1	57.817	1.000
bahalaǵan			2274	1	1	57.817	1.000
baharden			2274	1	1	57.817	1.000
bahasınan			2274	1	1	57.817	1.000
bahasında			2274	1	1	57.817	1.000
bahmanyor			2274	1	1	57.817	1.000
bahovuddin			2274	1	1	57.817	1.000
bakidaǵı			2274	1	1	57.817	1.000
bakinskiy			2274	1	1	57.817	1.000
bakteriologiya			2274	1	1	57.817	1.000
bakudaǵı			2274	1	1	57.817	1.000
balalardı			2274	1	1	57.817	1.000
balalardıń			2274	1	1	57.817	1.000
balalarǵa			2274	1	1	57.817	1.000
balalıq			2274	1	1	57.817	1.000
balalıqtıń			2274	1	1	57.817	1.000
balam			2274	1	1	57.817	1.000
balaman			2274	1	1	57.817	1.000
balansın			2274	1	1	57.817	1.000
balasına			2274	1	1	57.817	1.000
balet			2274	1	1	57.817	1.000
baletleri			2274	1	1	57.817	1.000
balneologiya			2274	1	1	57.817	1.000
balshıqta			2274	1	1	57.817	1.000
baltabek			2274	1	1	57.817	1.000
balıqlar			2274	1	1	57.817	1.000
bangladesh			2274	1	1	57.817	1.000
banklerdiń			2274	1	1	57.817	1.000
baplarǵa			2274	1	1	57.817	1.000
bapqa			2274	1	1	57.817	1.000
baqlawdı			2274	1	1	57.817	1.000
baqqan			2274	1	1	57.817	1.000
baqsi			2274	1	1	57.817	1.000
baqsıdan			2274	1	1	57.817	1.000
baqsılar			2274	1	1	57.817	1.000
baqsılardan			2274	1	1	57.817	1.000
baqsılardıń			2274	1	1	57.817	1.000
baqsıları			2274	1	1	57.817	1.000
barabar			2274	1	1	57.817	1.000
baraman			2274	1	1	57.817	1.000
barasań			2274	1	1	57.817	1.000
baratuǵın			2274	1	1	57.817	1.000
baratırǵan			2274	1	1	57.817	1.000
bardur			2274	1	1	57.817	1.000
barit			2274	1	1	57.817	1.000
barlıbay			2274	1	1	57.817	1.000
barmeken			2274	1	1	57.817	1.000
barnet			2274	1	1	57.817	1.000
barsakelmes			2274	1	1	57.817	1.000
baruch			2274	1	1	57.817	1.000
barıldı			2274	1	1	57.817	1.000
barıw			2274	1	1	57.817	1.000
barıwdı			2274	1	1	57.817	1.000
barıwına			2274	1	1	57.817	1.000
barǵanda			2274	1	1	57.817	1.000
barǵanı			2274	1	1	57.817	1.000
baskakov			2274	1	1	57.817	1.000
baslamasında			2274	1	1	57.817	1.000
baslanatuǵın			2274	1	1	57.817	1.000
baslanbastan			2274	1	1	57.817	1.000
baslangan			2274	1	1	57.817	1.000
baslapaq			2274	1	1	57.817	1.000
baslaptı			2274	1	1	57.817	1.000
baslar			2274	1	1	57.817	1.000
baslawshılarınıń			2274	1	1	57.817	1.000
baslaǵań			2274	1	1	57.817	1.000
baspanasız			2274	1	1	57.817	1.000
baspasóz			2274	1	1	57.817	1.000
baspasózi			2274	1	1	57.817	1.000
baspaǵa			2274	1	1	57.817	1.000
basqalardan			2274	1	1	57.817	1.000
basqan			2274	1	1	57.817	1.000
basqarması			2274	1	1	57.817	1.000
basqarıwdıń			2274	1	1	57.817	1.000
basqarıwǵa			2274	1	1	57.817	1.000
basqasharaq			2274	1	1	57.817	1.000
basqınshılar			2274	1	1	57.817	1.000
basqınshılarınıń			2274	1	1	57.817	1.000
basqınshılarǵa			2274	1	1	57.817	1.000
basqınshılıǵı			2274	1	1	57.817	1.000
basqıshlarında			2274	1	1	57.817	1.000
basqıshqa			2274	1	1	57.817	1.000
basseynde			2274	1	1	57.817	1.000
basseyninde			2274	1	1	57.817	1.000
basshı			2274	1	1	57.817	1.000
basshıları			2274	1	1	57.817	1.000
basshılıqqa			2274	1	1	57.817	1.000
basshılıǵında			2274	1	1	57.817	1.000
basshısı			2274	1	1	57.817	1.000
bastırılǵannan			2274	1	1	57.817	1.000
basıla			2274	1	1	57.817	1.000
basıladı			2274	1	1	57.817	1.000
basıma			2274	1	1	57.817	1.000
basımdı			2274	1	1	57.817	1.000
basımlaw			2274	1	1	57.817	1.000
basınan			2274	1	1	57.817	1.000
batan			2274	1	1	57.817	1.000
batqanın			2274	1	1	57.817	1.000
bats			2274	1	1	57.817	1.000
batumi			2274	1	1	57.817	1.000
batırlar			2274	1	1	57.817	1.000
batırlıqtı			2274	1	1	57.817	1.000
batıs			2274	1	1	57.817	1.000
batısqa			2274	1	1	57.817	1.000
batısında			2274	1	1	57.817	1.000
bawırlawshılar			2274	1	1	57.817	1.000
baxalı			2274	1	1	57.817	1.000
baxmanyor			2274	1	1	57.817	1.000
baxreyn			2274	1	1	57.817	1.000
baxtın			2274	1	1	57.817	1.000
baxtıyar			2274	1	1	57.817	1.000
baxıt			2274	1	1	57.817	1.000
baxıtsızlıqtı			2274	1	1	57.817	1.000
bayanlanǵan			2274	1	1	57.817	1.000
bayanlawdan			2274	1	1	57.817	1.000
bayanına			2274	1	1	57.817	1.000
baylansa			2274	1	1	57.817	1.000
baylansta			2274	1	1	57.817	1.000
baylanıslar			2274	1	1	57.817	1.000
baylanısqan			2274	1	1	57.817	1.000
baylanıstırıp			2274	1	1	57.817	1.000
baylanıstırıwları			2274	1	1	57.817	1.000
baylanıstırıwshı			2274	1	1	57.817	1.000
baylanısınıń			2274	1	1	57.817	1.000
baylanısıp			2274	1	1	57.817	1.000
bayları			2274	1	1	57.817	1.000
baylarǵa			2274	1	1	57.817	1.000
baylıq			2274	1	1	57.817	1.000
baymanqul			2274	1	1	57.817	1.000
bayqaladı			2274	1	1	57.817	1.000
bayram			2274	1	1	57.817	1.000
bayramli			2274	1	1	57.817	1.000
bayramov			2274	1	1	57.817	1.000
bayramı			2274	1	1	57.817	1.000
baytemir			2274	1	1	57.817	1.000
bayıp			2274	1	1	57.817	1.000
bayıtqan			2274	1	1	57.817	1.000
bayǵa			2274	1	1	57.817	1.000
bazaları			2274	1	1	57.817	1.000
bazarı			2274	1	1	57.817	1.000
bazda			2274	1	1	57.817	1.000
bazıbir			2274	1	1	57.817	1.000
baǵdagúl			2274	1	1	57.817	1.000
baǵdar			2274	1	1	57.817	1.000
baǵdatta			2274	1	1	57.817	1.000
baǵjılar			2274	1	1	57.817	1.000
baǵshılıq			2274	1	1	57.817	1.000
baǵıladı			2274	1	1	57.817	1.000
baǵınadı			2274	1	1	57.817	1.000
baǵıp			2274	1	1	57.817	1.000
baǵıshlaydı			2274	1	1	57.817	1.000
baǵıwdan			2274	1	1	57.817	1.000
bedil			2274	1	1	57.817	1.000
bedilxanlıq			2274	1	1	57.817	1.000
bekbiy			2274	1	1	57.817	1.000
bekbiydiń			2274	1	1	57.817	1.000
bekkemleniwine			2274	1	1	57.817	1.000
bektemirlerdiń			2274	1	1	57.817	1.000
belgilegen			2274	1	1	57.817	1.000
belgilenbegen			2274	1	1	57.817	1.000
belgilenetuǵın			2274	1	1	57.817	1.000
belgileniwi			2274	1	1	57.817	1.000
belgilerdi			2274	1	1	57.817	1.000
belgileri			2274	1	1	57.817	1.000
belgilewdi			2274	1	1	57.817	1.000
belgileytuǵın			2274	1	1	57.817	1.000
belgisiz			2274	1	1	57.817	1.000
belsendilik			2274	1	1	57.817	1.000
belsene			2274	1	1	57.817	1.000
beluga			2274	1	1	57.817	1.000
berdibek			2274	1	1	57.817	1.000
berdimuratovlar			2274	1	1	57.817	1.000
berdimurattı			2274	1	1	57.817	1.000
bere			2274	1	1	57.817	1.000
bereseń			2274	1	1	57.817	1.000
beretuǵınlıǵın			2274	1	1	57.817	1.000
berg			2274	1	1	57.817	1.000
beri			2274	1	1	57.817	1.000
beriledi			2274	1	1	57.817	1.000
berilip			2274	1	1	57.817	1.000
beriliwi			2274	1	1	57.817	1.000
berilse			2274	1	1	57.817	1.000
berip			2274	1	1	57.817	1.000
beriwde			2274	1	1	57.817	1.000
beriwinde			2274	1	1	57.817	1.000
berlinde			2274	1	1	57.817	1.000
berlindegi			2274	1	1	57.817	1.000
bermegen			2274	1	1	57.817	1.000
beruniy			2274	1	1	57.817	1.000
berzuiydiń			2274	1	1	57.817	1.000
besewi			2274	1	1	57.817	1.000
besinshi			2274	1	1	57.817	1.000
beste			2274	1	1	57.817	1.000
betinde			2274	1	1	57.817	1.000
betine			2274	1	1	57.817	1.000
beybutov			2274	1	1	57.817	1.000
beyimi			2274	1	1	57.817	1.000
bezelgen			2274	1	1	57.817	1.000
bezep			2274	1	1	57.817	1.000
bezew			2274	1	1	57.817	1.000
bezewleri			2274	1	1	57.817	1.000
bezgek			2274	1	1	57.817	1.000
bilchya			2274	1	1	57.817	1.000
bildire			2274	1	1	57.817	1.000
bildirgen			2274	1	1	57.817	1.000
bildirip			2274	1	1	57.817	1.000
bildiriw			2274	1	1	57.817	1.000
bildirmekshi			2274	1	1	57.817	1.000
biler			2274	1	1	57.817	1.000
biletuǵın			2274	1	1	57.817	1.000
bilgenin			2274	1	1	57.817	1.000
bilgenligi			2274	1	1	57.817	1.000
bilimi			2274	1	1	57.817	1.000
bilimlendiriwi			2274	1	1	57.817	1.000
bilimlendiriwleri			2274	1	1	57.817	1.000
bilimlilik			2274	1	1	57.817	1.000
biliw			2274	1	1	57.817	1.000
biliwi			2274	1	1	57.817	1.000
bilmese			2274	1	1	57.817	1.000
bilmey			2274	1	1	57.817	1.000
bilmeydi			2274	1	1	57.817	1.000
bilmeytuǵın			2274	1	1	57.817	1.000
biofizika			2274	1	1	57.817	1.000
biogeografiya			2274	1	1	57.817	1.000
bioinformatika			2274	1	1	57.817	1.000
biologiyanı			2274	1	1	57.817	1.000
biotanıń			2274	1	1	57.817	1.000
bioximiya			2274	1	1	57.817	1.000
biraz			2274	1	1	57.817	1.000
birewdi			2274	1	1	57.817	1.000
birewdiń			2274	1	1	57.817	1.000
birewge			2274	1	1	57.817	1.000
birewi			2274	1	1	57.817	1.000
birewinde			2274	1	1	57.817	1.000
birewlerdiń			2274	1	1	57.817	1.000
birigiwinde			2274	1	1	57.817	1.000
birigiwine			2274	1	1	57.817	1.000
birinen			2274	1	1	57.817	1.000
biriniń			2274	1	1	57.817	1.000
birlesip			2274	1	1	57.817	1.000
birlespelerin			2274	1	1	57.817	1.000
birlespelerinde			2274	1	1	57.817	1.000
birlespelerine			2274	1	1	57.817	1.000
birlespesi			2274	1	1	57.817	1.000
birlik			2274	1	1	57.817	1.000
birqatar			2274	1	1	57.817	1.000
birı			2274	1	1	57.817	1.000
bitsen			2274	1	1	57.817	1.000
biybixan			2274	1	1	57.817	1.000
biyday			2274	1	1	57.817	1.000
biyikliklerde			2274	1	1	57.817	1.000
biyimlep			2274	1	1	57.817	1.000
biyjuwap			2274	1	1	57.817	1.000
biykarlamaydı			2274	1	1	57.817	1.000
biytárepligi			2274	1	1	57.817	1.000
blankasın			2274	1	1	57.817	1.000
bmsh			2274	1	1	57.817	1.000
bobak			2274	1	1	57.817	1.000
boboev			2274	1	1	57.817	1.000
bolaman			2274	1	1	57.817	1.000
bolamız			2274	1	1	57.817	1.000
bolatuǵın			2274	1	1	57.817	1.000
bolganlıǵı			2274	1	1	57.817	1.000
bolip			2274	1	1	57.817	1.000
boljaydı			2274	1	1	57.817	1.000
bolmas			2274	1	1	57.817	1.000
bolmaǵanda			2274	1	1	57.817	1.000
bolmaǵanında			2274	1	1	57.817	1.000
bolıptı			2274	1	1	57.817	1.000
bolıslarınıń			2274	1	1	57.817	1.000
bolıwdı			2274	1	1	57.817	1.000
bolıwdıń			2274	1	1	57.817	1.000
bolıń			2274	1	1	57.817	1.000
bolǵanlıǵın			2274	1	1	57.817	1.000
bolǵanlıǵına			2274	1	1	57.817	1.000
bolǵanlıǵınan			2274	1	1	57.817	1.000
bolǵanın			2274	1	1	57.817	1.000
bombasın			2274	1	1	57.817	1.000
boran			2274	1	1	57.817	1.000
boranbay			2274	1	1	57.817	1.000
boranbaydıń			2274	1	1	57.817	1.000
bosap			2274	1	1	57.817	1.000
bostań			2274	1	1	57.817	1.000
botanika			2274	1	1	57.817	1.000
boy			2274	1	1	57.817	1.000
boylı			2274	1	1	57.817	1.000
boz			2274	1	1	57.817	1.000
bozalganli			2274	1	1	57.817	1.000
bozatawlı			2274	1	1	57.817	1.000
braxmanlar			2274	1	1	57.817	1.000
braxmannıń			2274	1	1	57.817	1.000
budda			2274	1	1	57.817	1.000
buddizmdi			2274	1	1	57.817	1.000
buddizmniń			2274	1	1	57.817	1.000
bulaq			2274	1	1	57.817	1.000
bularda			2274	1	1	57.817	1.000
bulardan			2274	1	1	57.817	1.000
bulardı			2274	1	1	57.817	1.000
bulda			2274	1	1	57.817	1.000
bulgaria			2274	1	1	57.817	1.000
bultlardı			2274	1	1	57.817	1.000
burxanov			2274	1	1	57.817	1.000
burınları			2274	1	1	57.817	1.000
burınnanaq			2274	1	1	57.817	1.000
burınǵı			2274	1	1	57.817	1.000
burınǵıǵa			2274	1	1	57.817	1.000
butan			2274	1	1	57.817	1.000
buwın			2274	1	1	57.817	1.000
buyımları			2274	1	1	57.817	1.000
buzawın			2274	1	1	57.817	1.000
buzovna			2274	1	1	57.817	1.000
buzsa			2274	1	1	57.817	1.000
bxadavashta			2274	1	1	57.817	1.000
byurosına			2274	1	1	57.817	1.000
byusti			2274	1	1	57.817	1.000
bádáwiy			2274	1	1	57.817	1.000
báhár			2274	1	1	57.817	1.000
báhárstan			2274	1	1	57.817	1.000
bálki			2274	1	1	57.817	1.000
bárin			2274	1	1	57.817	1.000
bárinen			2274	1	1	57.817	1.000
báyt			2274	1	1	57.817	1.000
bóbekti			2274	1	1	57.817	1.000
bóldi			2274	1	1	57.817	1.000
bóledi			2274	1	1	57.817	1.000
bólegindegi			2274	1	1	57.817	1.000
bólegine			2274	1	1	57.817	1.000
bóleginiń			2274	1	1	57.817	1.000
bólekke			2274	1	1	57.817	1.000
bólekleri			2274	1	1	57.817	1.000
bóleklerinen			2274	1	1	57.817	1.000
bólgende			2274	1	1	57.817	1.000
bólimine			2274	1	1	57.817	1.000
bóliminiń			2274	1	1	57.817	1.000
bólimleri			2274	1	1	57.817	1.000
bólimlerin			2274	1	1	57.817	1.000
bólimlerinde			2274	1	1	57.817	1.000
bólimlerinen			2274	1	1	57.817	1.000
bólimnen			2274	1	1	57.817	1.000
bólinbeydi			2274	1	1	57.817	1.000
bólingen			2274	1	1	57.817	1.000
bóliniw			2274	1	1	57.817	1.000
bólsheklewge			2274	1	1	57.817	1.000
bóluv			2274	1	1	57.817	1.000
búgin			2274	1	1	57.817	1.000
búgingi			2274	1	1	57.817	1.000
búlbil			2274	1	1	57.817	1.000
búrkitler			2274	1	1	57.817	1.000
bılǵap			2274	1	1	57.817	1.000
bəylər			2274	1	1	57.817	1.000
cancer			2274	1	1	57.817	1.000
capricorn			2274	1	1	57.817	1.000
caxur			2274	1	1	57.817	1.000
charvaktıń			2274	1	1	57.817	1.000
chaykovskiy			2274	1	1	57.817	1.000
ciklı			2274	1	1	57.817	1.000
civilizaciyasınıń			2274	1	1	57.817	1.000
coli			2274	1	1	57.817	1.000
commission			2274	1	1	57.817	1.000
dabılov			2274	1	1	57.817	1.000
dadashev			2274	1	1	57.817	1.000
dalalarına			2274	1	1	57.817	1.000
dalasınıń			2274	1	1	57.817	1.000
dan			2274	1	1	57.817	1.000
dana			2274	1	1	57.817	1.000
danalardıń			2274	1	1	57.817	1.000
danalıqların			2274	1	1	57.817	1.000
danaǵa			2274	1	1	57.817	1.000
danilevskiy			2274	1	1	57.817	1.000
danıshpanlardıń			2274	1	1	57.817	1.000
daocizm			2274	1	1	57.817	1.000
daosizmniń			2274	1	1	57.817	1.000
dardan			2274	1	1	57.817	1.000
darvish			2274	1	1	57.817	1.000
daryası			2274	1	1	57.817	1.000
darǵa			2274	1	1	57.817	1.000
dashkesan			2274	1	1	57.817	1.000
davudova			2274	1	1	57.817	1.000
daw			2274	1	1	57.817	1.000
dawlar			2274	1	1	57.817	1.000
dawlardı			2274	1	1	57.817	1.000
dawrıq			2274	1	1	57.817	1.000
dawıs			2274	1	1	57.817	1.000
dawıslardıń			2274	1	1	57.817	1.000
dayısı			2274	1	1	57.817	1.000
dańqqa			2274	1	1	57.817	1.000
dańqı			2274	1	1	57.817	1.000
daǵaza			2274	1	1	57.817	1.000
daǵı			2274	1	1	57.817	1.000
dedi			2274	1	1	57.817	1.000
degenshe			2274	1	1	57.817	1.000
dehlaviyden			2274	1	1	57.817	1.000
dekabristler			2274	1	1	57.817	1.000
deklaraciya			2274	1	1	57.817	1.000
delinedi			2274	1	1	57.817	1.000
deltası			2274	1	1	57.817	1.000
deltasınan			2274	1	1	57.817	1.000
deltasında			2274	1	1	57.817	1.000
demek			2274	1	1	57.817	1.000
demektiń			2274	1	1	57.817	1.000
demokratiyalıq			2274	1	1	57.817	1.000
demokratiyanıń			2274	1	1	57.817	1.000
dendrologiya			2274	1	1	57.817	1.000
denelerin			2274	1	1	57.817	1.000
deneli			2274	1	1	57.817	1.000
denesin			2274	1	1	57.817	1.000
dengiz			2274	1	1	57.817	1.000
denizli			2274	1	1	57.817	1.000
depti			2274	1	1	57.817	1.000
derek			2274	1	1	57.817	1.000
derekke			2274	1	1	57.817	1.000
dereklerdi			2274	1	1	57.817	1.000
derekleri			2274	1	1	57.817	1.000
dereklerin			2274	1	1	57.817	1.000
desem			2274	1	1	57.817	1.000
dexleviyde			2274	1	1	57.817	1.000
deydi			2274	1	1	57.817	1.000
dialekti			2274	1	1	57.817	1.000
diametri			2274	1	1	57.817	1.000
dice			2274	1	1	57.817	1.000
didaktika			2274	1	1	57.817	1.000
dikobrazn			2274	1	1	57.817	1.000
dilboziy			2274	1	1	57.817	1.000
dilboziydiń			2274	1	1	57.817	1.000
dilkash			2274	1	1	57.817	1.000
dilogiyası			2274	1	1	57.817	1.000
dilwar			2274	1	1	57.817	1.000
dilwarlardı			2274	1	1	57.817	1.000
dimna			2274	1	1	57.817	1.000
dinin			2274	1	1	57.817	1.000
dininiń			2274	1	1	57.817	1.000
diplomatiyalıq			2274	1	1	57.817	1.000
direktorı			2274	1	1	57.817	1.000
disk			2274	1	1	57.817	1.000
dissertatsiyasınıń			2274	1	1	57.817	1.000
divanları			2274	1	1	57.817	1.000
dividend			2274	1	1	57.817	1.000
diyarımızda			2274	1	1	57.817	1.000
diyqanshılıq			2274	1	1	57.817	1.000
diywal			2274	1	1	57.817	1.000
diywallarına			2274	1	1	57.817	1.000
diywalı			2274	1	1	57.817	1.000
diywanın			2274	1	1	57.817	1.000
dizbeginiń			2274	1	1	57.817	1.000
dizimi			2274	1	1	57.817	1.000
dizimine			2274	1	1	57.817	1.000
djaynizm			2274	1	1	57.817	1.000
djenkinson			2274	1	1	57.817	1.000
djiva			2274	1	1	57.817	1.000
djivanı			2274	1	1	57.817	1.000
dodalaw			2274	1	1	57.817	1.000
doktorlıq			2274	1	1	57.817	1.000
doktrinalar			2274	1	1	57.817	1.000
dolmenler			2274	1	1	57.817	1.000
doslar			2274	1	1	57.817	1.000
doslarına			2274	1	1	57.817	1.000
doslasıw			2274	1	1	57.817	1.000
doslasıwı			2274	1	1	57.817	1.000
doslıqqa			2274	1	1	57.817	1.000
dostoevskiydıń			2274	1	1	57.817	1.000
doğumunun			2274	1	1	57.817	1.000
dramasın			2274	1	1	57.817	1.000
dramaturgiyasınıń			2274	1	1	57.817	1.000
dualizmdi			2274	1	1	57.817	1.000
duelge			2274	1	1	57.817	1.000
dunya			2274	1	1	57.817	1.000
dunyalıq			2274	1	1	57.817	1.000
dunyasın			2274	1	1	57.817	1.000
dunyaǵa			2274	1	1	57.817	1.000
dushpanlar			2274	1	1	57.817	1.000
dushpanlardıń			2274	1	1	57.817	1.000
duslasqan			2274	1	1	57.817	1.000
duvaniy			2274	1	1	57.817	1.000
duwtar			2274	1	1	57.817	1.000
duwtarsız			2274	1	1	57.817	1.000
duz			2274	1	1	57.817	1.000
duzlı			2274	1	1	57.817	1.000
dvigateller			2274	1	1	57.817	1.000
dvoryanlar			2274	1	1	57.817	1.000
dálilenip			2274	1	1	57.817	1.000
dáliyl			2274	1	1	57.817	1.000
dáliyllewge			2274	1	1	57.817	1.000
dáliyllewinshe			2274	1	1	57.817	1.000
dálkeklep			2274	1	1	57.817	1.000
dámenin			2274	1	1	57.817	1.000
dámeniń			2274	1	1	57.817	1.000
dándi			2274	1	1	57.817	1.000
dáp			2274	1	1	57.817	1.000
dáramat			2274	1	1	57.817	1.000
dáramattı			2274	1	1	57.817	1.000
dárejege			2274	1	1	57.817	1.000
dárejesin			2274	1	1	57.817	1.000
dárejesine			2274	1	1	57.817	1.000
dárkar			2274	1	1	57.817	1.000
dáryaların			2274	1	1	57.817	1.000
dáryalarında			2274	1	1	57.817	1.000
dáryanıń			2274	1	1	57.817	1.000
dástanda			2274	1	1	57.817	1.000
dástandaǵı			2274	1	1	57.817	1.000
dástanlar			2274	1	1	57.817	1.000
dástanlarda			2274	1	1	57.817	1.000
dástanlardan			2274	1	1	57.817	1.000
dástanlardı			2274	1	1	57.817	1.000
dástanları			2274	1	1	57.817	1.000
dástannan			2274	1	1	57.817	1.000
dástannıń			2274	1	1	57.817	1.000
dástanındaǵı			2274	1	1	57.817	1.000
dástúrin			2274	1	1	57.817	1.000
dástúrinde			2274	1	1	57.817	1.000
dástúrine			2274	1	1	57.817	1.000
dástúrlerin			2274	1	1	57.817	1.000
dástúrlerinde			2274	1	1	57.817	1.000
dáwirge			2274	1	1	57.817	1.000
dáwirinen			2274	1	1	57.817	1.000
dáwirleri			2274	1	1	57.817	1.000
dáwirlerinde			2274	1	1	57.817	1.000
dáwqaraevtıń			2274	1	1	57.817	1.000
dógereginde			2274	1	1	57.817	1.000
dóreliwi			2274	1	1	57.817	1.000
dóreliwlerdiń			2274	1	1	57.817	1.000
dóretilgenin			2274	1	1	57.817	1.000
dóretiliwi			2274	1	1	57.817	1.000
dóretiw			2274	1	1	57.817	1.000
dóretiwshis			2274	1	1	57.817	1.000
dóretpege			2274	1	1	57.817	1.000
dóretpeler			2274	1	1	57.817	1.000
dóretpelerin			2274	1	1	57.817	1.000
dóretpesinen			2274	1	1	57.817	1.000
dóńgelek			2274	1	1	57.817	1.000
dönümünde			2274	1	1	57.817	1.000
dúnyadan			2274	1	1	57.817	1.000
dúnyalıq			2274	1	1	57.817	1.000
dúnyaparaz			2274	1	1	57.817	1.000
dúnyasın			2274	1	1	57.817	1.000
dúnyasına			2274	1	1	57.817	1.000
dúrre			2274	1	1	57.817	1.000
dúwelemen			2274	1	1	57.817	1.000
dúzedi			2274	1	1	57.817	1.000
dúzgen			2274	1	1	57.817	1.000
dúzile			2274	1	1	57.817	1.000
dúziledi			2274	1	1	57.817	1.000
dúzilisi			2274	1	1	57.817	1.000
dúzilisin			2274	1	1	57.817	1.000
dünyanın			2274	1	1	57.817	1.000
dı			2274	1	1	57.817	1.000
dıqqatı			2274	1	1	57.817	1.000
dıyqanlar			2274	1	1	57.817	1.000
dıyqanshılıq			2274	1	1	57.817	1.000
dıń			2274	1	1	57.817	1.000
edilxan			2274	1	1	57.817	1.000
efiopiyalı			2274	1	1	57.817	1.000
egerde			2274	1	1	57.817	1.000
egiledi			2274	1	1	57.817	1.000
eginleri			2274	1	1	57.817	1.000
eginlerinen			2274	1	1	57.817	1.000
einsteiniy			2274	1	1	57.817	1.000
ekewin			2274	1	1	57.817	1.000
ekilemshi			2274	1	1	57.817	1.000
ekinshiden			2274	1	1	57.817	1.000
ekologiya			2274	1	1	57.817	1.000
ekonomikanıń			2274	1	1	57.817	1.000
ekranlastırıldı			2274	1	1	57.817	1.000
ekspediciya			2274	1	1	57.817	1.000
ekspediciyalar			2274	1	1	57.817	1.000
ekspeditsiyaları			2274	1	1	57.817	1.000
ekspeditsiyası			2274	1	1	57.817	1.000
ekspeditsiyaǵa			2274	1	1	57.817	1.000
ekspoziciya			2274	1	1	57.817	1.000
elde			2274	1	1	57.817	1.000
eldegiziylar			2274	1	1	57.817	1.000
element			2274	1	1	57.817	1.000
elementi			2274	1	1	57.817	1.000
elementleri			2274	1	1	57.817	1.000
elementti			2274	1	1	57.817	1.000
elida			2274	1	1	57.817	1.000
elimizde			2274	1	1	57.817	1.000
elinde			2274	1	1	57.817	1.000
eliw			2274	1	1	57.817	1.000
eliwden			2274	1	1	57.817	1.000
eliwge			2274	1	1	57.817	1.000
ellerde			2274	1	1	57.817	1.000
ellerinde			2274	1	1	57.817	1.000
ellerine			2274	1	1	57.817	1.000
elleriniń			2274	1	1	57.817	1.000
elm			2274	1	1	57.817	1.000
elshisi			2274	1	1	57.817	1.000
embriologiya			2274	1	1	57.817	1.000
emissiya			2274	1	1	57.817	1.000
emissiyası			2274	1	1	57.817	1.000
emitentine			2274	1	1	57.817	1.000
emitentke			2274	1	1	57.817	1.000
endigiden			2274	1	1	57.817	1.000
energetika			2274	1	1	57.817	1.000
energiyanıń			2274	1	1	57.817	1.000
energiyasına			2274	1	1	57.817	1.000
engizildi			2274	1	1	57.817	1.000
eni			2274	1	1	57.817	1.000
enip			2274	1	1	57.817	1.000
eniwdiń			2274	1	1	57.817	1.000
entomologiya			2274	1	1	57.817	1.000
epik			2274	1	1	57.817	1.000
eplep			2274	1	1	57.817	1.000
eranıń			2274	1	1	57.817	1.000
erası			2274	1	1	57.817	1.000
erbiklew			2274	1	1	57.817	1.000
erdin			2274	1	1	57.817	1.000
erebus			2274	1	1	57.817	1.000
ereseklik			2274	1	1	57.817	1.000
erime			2274	1	1	57.817	1.000
erisip			2274	1	1	57.817	1.000
erisiw			2274	1	1	57.817	1.000
erisiwinde			2274	1	1	57.817	1.000
eriskenligimizdi			2274	1	1	57.817	1.000
eristik			2274	1	1	57.817	1.000
erivani			2274	1	1	57.817	1.000
erkelep			2274	1	1	57.817	1.000
erkine			2274	1	1	57.817	1.000
erkinlik			2274	1	1	57.817	1.000
ermaq			2274	1	1	57.817	1.000
ernazar			2274	1	1	57.817	1.000
ertede			2274	1	1	57.817	1.000
ertekler			2274	1	1	57.817	1.000
erteklerin			2274	1	1	57.817	1.000
ertip			2274	1	1	57.817	1.000
erur			2274	1	1	57.817	1.000
esaplagan			2274	1	1	57.817	1.000
esaplamaǵanda			2274	1	1	57.817	1.000
esaplanatuǵın			2274	1	1	57.817	1.000
esaplansa			2274	1	1	57.817	1.000
esaplanıp			2274	1	1	57.817	1.000
esaplanǵan			2274	1	1	57.817	1.000
escherichia			2274	1	1	57.817	1.000
esemurat			2274	1	1	57.817	1.000
esik			2274	1	1	57.817	1.000
esikte			2274	1	1	57.817	1.000
esitip			2274	1	1	57.817	1.000
esittiriw			2274	1	1	57.817	1.000
eske			2274	1	1	57.817	1.000
eskertkishi			2274	1	1	57.817	1.000
eskertkishte			2274	1	1	57.817	1.000
eskertkishti			2274	1	1	57.817	1.000
eskisi			2274	1	1	57.817	1.000
eskizi			2274	1	1	57.817	1.000
esteligi			2274	1	1	57.817	1.000
estelikler			2274	1	1	57.817	1.000
ete			2274	1	1	57.817	1.000
eteb			2274	1	1	57.817	1.000
eteklerindegi			2274	1	1	57.817	1.000
etikalıq			2274	1	1	57.817	1.000
etilip			2274	1	1	57.817	1.000
etiliwine			2274	1	1	57.817	1.000
etipti			2274	1	1	57.817	1.000
etiwdiń			2274	1	1	57.817	1.000
etiwin			2274	1	1	57.817	1.000
etkenligi			2274	1	1	57.817	1.000
etkennen			2274	1	1	57.817	1.000
etnikalıq			2274	1	1	57.817	1.000
etnografiyası			2274	1	1	57.817	1.000
etnografiyasına			2274	1	1	57.817	1.000
etologiya			2274	1	1	57.817	1.000
etpekshi			2274	1	1	57.817	1.000
ettirdi			2274	1	1	57.817	1.000
ettirildi			2274	1	1	57.817	1.000
ettirilip			2274	1	1	57.817	1.000
eunshteyn			2274	1	1	57.817	1.000
evoluсiyalıq			2274	1	1	57.817	1.000
evraziya			2274	1	1	57.817	1.000
evreylerdi			2274	1	1	57.817	1.000
ey			2274	1	1	57.817	1.000
eńdastlebki			2274	1	1	57.817	1.000
fadratdin			2274	1	1	57.817	1.000
fakt			2274	1	1	57.817	1.000
faktlerge			2274	1	1	57.817	1.000
farabiy			2274	1	1	57.817	1.000
fars			2274	1	1	57.817	1.000
fatali			2274	1	1	57.817	1.000
faxriddin			2274	1	1	57.817	1.000
fazılbek			2274	1	1	57.817	1.000
federativ			2274	1	1	57.817	1.000
feodalları			2274	1	1	57.817	1.000
ferdawsiydiń			2274	1	1	57.817	1.000
fergana			2274	1	1	57.817	1.000
fevralda			2274	1	1	57.817	1.000
fevraldan			2274	1	1	57.817	1.000
filarmoniya			2274	1	1	57.817	1.000
filippin			2274	1	1	57.817	1.000
film			2274	1	1	57.817	1.000
filminiń			2274	1	1	57.817	1.000
filmleri			2274	1	1	57.817	1.000
filmlerinde			2274	1	1	57.817	1.000
filmniń			2274	1	1	57.817	1.000
filogenetika			2274	1	1	57.817	1.000
filosofiyasında			2274	1	1	57.817	1.000
filosofiyasınıń			2274	1	1	57.817	1.000
filosofı			2274	1	1	57.817	1.000
firmasına			2274	1	1	57.817	1.000
fito			2274	1	1	57.817	1.000
fitopatalogiya			2274	1	1	57.817	1.000
fizik			2274	1	1	57.817	1.000
fizika			2274	1	1	57.817	1.000
fizikalıq			2274	1	1	57.817	1.000
fizikasın			2274	1	1	57.817	1.000
fizikleri			2274	1	1	57.817	1.000
fiziologiya			2274	1	1	57.817	1.000
fiziologiyalıq			2274	1	1	57.817	1.000
fiziologiyasın			2274	1	1	57.817	1.000
florası			2274	1	1	57.817	1.000
folklor			2274	1	1	57.817	1.000
folklorımızdıń			2274	1	1	57.817	1.000
folklorına			2274	1	1	57.817	1.000
folklorındaǵı			2274	1	1	57.817	1.000
folklorının			2274	1	1	57.817	1.000
fond			2274	1	1	57.817	1.000
fondlardı			2274	1	1	57.817	1.000
fondtı			2274	1	1	57.817	1.000
fondınıń			2274	1	1	57.817	1.000
form			2274	1	1	57.817	1.000
forma			2274	1	1	57.817	1.000
formal			2274	1	1	57.817	1.000
formalarda			2274	1	1	57.817	1.000
formalardı			2274	1	1	57.817	1.000
formaların			2274	1	1	57.817	1.000
formasına			2274	1	1	57.817	1.000
formasında			2274	1	1	57.817	1.000
formaǵa			2274	1	1	57.817	1.000
fotokino			2274	1	1	57.817	1.000
foton			2274	1	1	57.817	1.000
fotoximiyada			2274	1	1	57.817	1.000
fransuz			2274	1	1	57.817	1.000
frontı			2274	1	1	57.817	1.000
funcsiyalardı			2274	1	1	57.817	1.000
funktsiyanı			2274	1	1	57.817	1.000
funktsiyası			2274	1	1	57.817	1.000
fuzuliyxanlıq			2274	1	1	57.817	1.000
gajikobul			2274	1	1	57.817	1.000
ganj			2274	1	1	57.817	1.000
ganjaviydi			2274	1	1	57.817	1.000
gastrolǵa			2274	1	1	57.817	1.000
gatalar			2274	1	1	57.817	1.000
gautaliya			2274	1	1	57.817	1.000
gazetaları			2274	1	1	57.817	1.000
gazetasında			2274	1	1	57.817	1.000
gedey			2274	1	1	57.817	1.000
gektar			2274	1	1	57.817	1.000
gektardı			2274	1	1	57.817	1.000
gektarlı			2274	1	1	57.817	1.000
gektarın			2274	1	1	57.817	1.000
general			2274	1	1	57.817	1.000
genetika			2274	1	1	57.817	1.000
genjemurat			2274	1	1	57.817	1.000
genomika			2274	1	1	57.817	1.000
geografiya			2274	1	1	57.817	1.000
gepard			2274	1	1	57.817	1.000
germaniyada			2274	1	1	57.817	1.000
germaniyanıń			2274	1	1	57.817	1.000
germaniyaǵa			2274	1	1	57.817	1.000
gerpetologiya			2274	1	1	57.817	1.000
geybir			2274	1	1	57.817	1.000
geypara			2274	1	1	57.817	1.000
geyparlarınıń			2274	1	1	57.817	1.000
gezek			2274	1	1	57.817	1.000
gezekpe			2274	1	1	57.817	1.000
gezleri			2274	1	1	57.817	1.000
gezlerinen			2274	1	1	57.817	1.000
gilem			2274	1	1	57.817	1.000
gilemshilik			2274	1	1	57.817	1.000
gimn			2274	1	1	57.817	1.000
gimniniń			2274	1	1	57.817	1.000
gimplerge			2274	1	1	57.817	1.000
gippokrat			2274	1	1	57.817	1.000
girew			2274	1	1	57.817	1.000
girih			2274	1	1	57.817	1.000
gistologiya			2274	1	1	57.817	1.000
glierdiń			2274	1	1	57.817	1.000
glinka			2274	1	1	57.817	1.000
gnoseologiyanıń			2274	1	1	57.817	1.000
gojaev			2274	1	1	57.817	1.000
gollandlı			2274	1	1	57.817	1.000
goncharov			2274	1	1	57.817	1.000
gorgon			2274	1	1	57.817	1.000
gorizont			2274	1	1	57.817	1.000
gorizontlar			2274	1	1	57.817	1.000
goruǵlı			2274	1	1	57.817	1.000
graf			2274	1	1	57.817	1.000
grafika			2274	1	1	57.817	1.000
graftıń			2274	1	1	57.817	1.000
grammatikası			2274	1	1	57.817	1.000
grassi			2274	1	1	57.817	1.000
greciya			2274	1	1	57.817	1.000
greenwich			2274	1	1	57.817	1.000
greklerdiń			2274	1	1	57.817	1.000
gruppalardıń			2274	1	1	57.817	1.000
gruziya			2274	1	1	57.817	1.000
gubadli			2274	1	1	57.817	1.000
gubernatorlıǵınıń			2274	1	1	57.817	1.000
gusayn			2274	1	1	57.817	1.000
guzalovtıń			2274	1	1	57.817	1.000
gyamikoya			2274	1	1	57.817	1.000
gáwhar			2274	1	1	57.817	1.000
góróglı			2274	1	1	57.817	1.000
góshin			2274	1	1	57.817	1.000
gózzal			2274	1	1	57.817	1.000
gúder			2274	1	1	57.817	1.000
gúlalshılıq			2274	1	1	57.817	1.000
gúldirmama			2274	1	1	57.817	1.000
gúldáste			2274	1	1	57.817	1.000
gúlimxan			2274	1	1	57.817	1.000
gúlistan			2274	1	1	57.817	1.000
gúlistań			2274	1	1	57.817	1.000
gúlleniwge			2274	1	1	57.817	1.000
gúlleniwine			2274	1	1	57.817	1.000
gúmanlana			2274	1	1	57.817	1.000
gúmanımız			2274	1	1	57.817	1.000
gúmbez			2274	1	1	57.817	1.000
gúmbezli			2274	1	1	57.817	1.000
gúresi			2274	1	1	57.817	1.000
gúreske			2274	1	1	57.817	1.000
gúresleriniń			2274	1	1	57.817	1.000
gúressheńlik			2274	1	1	57.817	1.000
gúreste			2274	1	1	57.817	1.000
gúresti			2274	1	1	57.817	1.000
gúrriń			2274	1	1	57.817	1.000
gúrrińdi			2274	1	1	57.817	1.000
gúrrińi			2274	1	1	57.817	1.000
gúrrińler			2274	1	1	57.817	1.000
gúrrińlerine			2274	1	1	57.817	1.000
gúz			2274	1	1	57.817	1.000
habibulla			2274	1	1	57.817	1.000
hacıniyaz			2274	1	1	57.817	1.000
hadal			2274	1	1	57.817	1.000
hadji			2274	1	1	57.817	1.000
haft			2274	1	1	57.817	1.000
hajibekov			2274	1	1	57.817	1.000
hajiev			2274	1	1	57.817	1.000
hajı			2274	1	1	57.817	1.000
halatında			2274	1	1	57.817	1.000
ham			2274	1	1	57.817	1.000
haqlı			2274	1	1	57.817	1.000
haqoyiq			2274	1	1	57.817	1.000
haqqıdaǵı			2274	1	1	57.817	1.000
haqını			2274	1	1	57.817	1.000
haqıyqat			2274	1	1	57.817	1.000
haqıyqatlıǵına			2274	1	1	57.817	1.000
har			2274	1	1	57.817	1.000
hasla			2274	1	1	57.817	1.000
hasıl			2274	1	1	57.817	1.000
havt			2274	1	1	57.817	1.000
haw			2274	1	1	57.817	1.000
hawlıǵısıwları			2274	1	1	57.817	1.000
hayalınıń			2274	1	1	57.817	1.000
hayalǵa			2274	1	1	57.817	1.000
hayatı			2274	1	1	57.817	1.000
haydar			2274	1	1	57.817	1.000
haydası			2274	1	1	57.817	1.000
hayran			2274	1	1	57.817	1.000
haywanat			2274	1	1	57.817	1.000
haywanatları			2274	1	1	57.817	1.000
haywanlarda			2274	1	1	57.817	1.000
haywanlardan			2274	1	1	57.817	1.000
haywanlarǵa			2274	1	1	57.817	1.000
herald			2274	1	1	57.817	1.000
heshqanday			2274	1	1	57.817	1.000
hindistanlıq			2274	1	1	57.817	1.000
hindstannan			2274	1	1	57.817	1.000
hisraw			2274	1	1	57.817	1.000
hoqoniy			2274	1	1	57.817	1.000
huquq			2274	1	1	57.817	1.000
husaynova			2274	1	1	57.817	1.000
hádiyse			2274	1	1	57.817	1.000
hádiyseler			2274	1	1	57.817	1.000
hádiysleri			2274	1	1	57.817	1.000
hákim			2274	1	1	57.817	1.000
hákimiyatı			2274	1	1	57.817	1.000
hákimler			2274	1	1	57.817	1.000
hákimligi			2274	1	1	57.817	1.000
hákimshilik			2274	1	1	57.817	1.000
hákke			2274	1	1	57.817	1.000
hálden			2274	1	1	57.817	1.000
hámde			2274	1	1	57.817	1.000
hámeldarları			2274	1	1	57.817	1.000
hámeldarlarınan			2274	1	1	57.817	1.000
hámmege			2274	1	1	57.817	1.000
hámra			2274	1	1	57.817	1.000
háreketinde			2274	1	1	57.817	1.000
háreketine			2274	1	1	57.817	1.000
háreketlenedi			2274	1	1	57.817	1.000
háreketleniw			2274	1	1	57.817	1.000
háreketlerde			2274	1	1	57.817	1.000
háreketshil			2274	1	1	57.817	1.000
háripleri			2274	1	1	57.817	1.000
hásiretin			2274	1	1	57.817	1.000
hátteki			2274	1	1	57.817	1.000
háwij			2274	1	1	57.817	1.000
háykeller			2274	1	1	57.817	1.000
háykelleri			2274	1	1	57.817	1.000
háyyiw			2274	1	1	57.817	1.000
háyyiwde			2274	1	1	57.817	1.000
házil			2274	1	1	57.817	1.000
házirge			2274	1	1	57.817	1.000
hújjetlerdi			2274	1	1	57.817	1.000
hújjetlerdiń			2274	1	1	57.817	1.000
hújjetli			2274	1	1	57.817	1.000
húkim			2274	1	1	57.817	1.000
húkimeti			2274	1	1	57.817	1.000
húkimetinen			2274	1	1	57.817	1.000
húrliqa			2274	1	1	57.817	1.000
húrmetin			2274	1	1	57.817	1.000
húrmetli			2274	1	1	57.817	1.000
húrzada			2274	1	1	57.817	1.000
ibadatxanalar			2274	1	1	57.817	1.000
ibadatxanası			2274	1	1	57.817	1.000
ibaralardi			2274	1	1	57.817	1.000
ibragimovtıń			2274	1	1	57.817	1.000
ibrayımovtıń			2274	1	1	57.817	1.000
idealarına			2274	1	1	57.817	1.000
idealların			2274	1	1	57.817	1.000
ideologiyadan			2274	1	1	57.817	1.000
ideyalar			2274	1	1	57.817	1.000
ideyalardıń			2274	1	1	57.817	1.000
ideyaların			2274	1	1	57.817	1.000
ideyalarına			2274	1	1	57.817	1.000
ideyasın			2274	1	1	57.817	1.000
ideyasınıń			2274	1	1	57.817	1.000
iii			2274	1	1	57.817	1.000
ikramlilik			2274	1	1	57.817	1.000
ilaj			2274	1	1	57.817	1.000
ilajsız			2274	1	1	57.817	1.000
ilhamlanıp			2274	1	1	57.817	1.000
ilhom			2274	1	1	57.817	1.000
iliminiń			2274	1	1	57.817	1.000
ilimpazdın			2274	1	1	57.817	1.000
ilimpazlar			2274	1	1	57.817	1.000
ilimpazlardıń			2274	1	1	57.817	1.000
ilinbes			2274	1	1	57.817	1.000
ilip			2274	1	1	57.817	1.000
illyustraciya			2274	1	1	57.817	1.000
ilme			2274	1	1	57.817	1.000
ilmey			2274	1	1	57.817	1.000
ilájlar			2274	1	1	57.817	1.000
imamverdiyev			2274	1	1	57.817	1.000
imaratlardıń			2274	1	1	57.817	1.000
imkaniyatı			2274	1	1	57.817	1.000
imkaniyatın			2274	1	1	57.817	1.000
imperator			2274	1	1	57.817	1.000
imtixanı			2274	1	1	57.817	1.000
individtiń			2274	1	1	57.817	1.000
individuallıq			2274	1	1	57.817	1.000
indoneziya			2274	1	1	57.817	1.000
induizm			2274	1	1	57.817	1.000
industrial			2274	1	1	57.817	1.000
inflyaciyadan			2274	1	1	57.817	1.000
infuzoriyalar			2274	1	1	57.817	1.000
inglis			2274	1	1	57.817	1.000
insanlıǵınıń			2274	1	1	57.817	1.000
insannıń			2274	1	1	57.817	1.000
insanıylıq			2274	1	1	57.817	1.000
institut			2274	1	1	57.817	1.000
institutlardı			2274	1	1	57.817	1.000
institutına			2274	1	1	57.817	1.000
institutınıń			2274	1	1	57.817	1.000
inturist			2274	1	1	57.817	1.000
investiciyalar			2274	1	1	57.817	1.000
iordaniya			2274	1	1	57.817	1.000
iranda			2274	1	1	57.817	1.000
irannıń			2274	1	1	57.817	1.000
iraq			2274	1	1	57.817	1.000
iraqqa			2274	1	1	57.817	1.000
iroda			2274	1	1	57.817	1.000
ironiyalıq			2274	1	1	57.817	1.000
isenbeymen			2274	1	1	57.817	1.000
isendirerli			2274	1	1	57.817	1.000
isenedi			2274	1	1	57.817	1.000
isengenligi			2274	1	1	57.817	1.000
isenim			2274	1	1	57.817	1.000
isenimleri			2274	1	1	57.817	1.000
isenimlerin			2274	1	1	57.817	1.000
isenimli			2274	1	1	57.817	1.000
isenimniń			2274	1	1	57.817	1.000
isfahanǵa			2274	1	1	57.817	1.000
ishindegi			2274	1	1	57.817	1.000
ishiw			2274	1	1	57.817	1.000
isinde			2274	1	1	57.817	1.000
isiń			2274	1	1	57.817	1.000
iskandariy			2274	1	1	57.817	1.000
iskandarov			2274	1	1	57.817	1.000
iskerligi			2274	1	1	57.817	1.000
islamnan			2274	1	1	57.817	1.000
isler			2274	1	1	57.817	1.000
isleri			2274	1	1	57.817	1.000
islesiwdiń			2274	1	1	57.817	1.000
islesken			2274	1	1	57.817	1.000
ismat			2274	1	1	57.817	1.000
ismi			2274	1	1	57.817	1.000
ismoilli			2274	1	1	57.817	1.000
istanbulda			2274	1	1	57.817	1.000
iste			2274	1	1	57.817	1.000
istisu			2274	1	1	57.817	1.000
istiń			2274	1	1	57.817	1.000
italiya			2274	1	1	57.817	1.000
ivanov			2274	1	1	57.817	1.000
ixtiologiya			2274	1	1	57.817	1.000
iyedi			2274	1	1	57.817	1.000
iyeledi			2274	1	1	57.817	1.000
iyelegeni			2274	1	1	57.817	1.000
iyelegeń			2274	1	1	57.817	1.000
iyeleri			2274	1	1	57.817	1.000
iyelew			2274	1	1	57.817	1.000
iyelewine			2274	1	1	57.817	1.000
iyelik			2274	1	1	57.817	1.000
iyildi			2274	1	1	57.817	1.000
iynesin			2274	1	1	57.817	1.000
iyninen			2274	1	1	57.817	1.000
iyshan			2274	1	1	57.817	1.000
iyt			2274	1	1	57.817	1.000
iyuldıń			2274	1	1	57.817	1.000
iyun			2274	1	1	57.817	1.000
izertledi			2274	1	1	57.817	1.000
izertlenedi			2274	1	1	57.817	1.000
izertlengen			2274	1	1	57.817	1.000
izertlewde			2274	1	1	57.817	1.000
izertlewdiń			2274	1	1	57.817	1.000
izertlewge			2274	1	1	57.817	1.000
izertlewleri			2274	1	1	57.817	1.000
izertleydi			2274	1	1	57.817	1.000
izi			2274	1	1	57.817	1.000
izlew			2274	1	1	57.817	1.000
i̇bn			2274	1	1	57.817	1.000
i̇brayım			2274	1	1	57.817	1.000
i̇limler			2274	1	1	57.817	1.000
i̇nonyada			2274	1	1	57.817	1.000
i̇nsan			2274	1	1	57.817	1.000
i̇on			2274	1	1	57.817	1.000
i̇staxdi			2274	1	1	57.817	1.000
i̇uginek			2274	1	1	57.817	1.000
i̇ukakiy			2274	1	1	57.817	1.000
i̇yttúynekten			2274	1	1	57.817	1.000
jabayı			2274	1	1	57.817	1.000
jabbarlı			2274	1	1	57.817	1.000
jabrayıl			2274	1	1	57.817	1.000
jabıq			2274	1	1	57.817	1.000
jallanǵan			2274	1	1	57.817	1.000
jalmawızlıqtı			2274	1	1	57.817	1.000
jalqawshılıqtı			2274	1	1	57.817	1.000
jalǵan			2274	1	1	57.817	1.000
jalǵızaq			2274	1	1	57.817	1.000
jalǵızlıq			2274	1	1	57.817	1.000
jalǵızınday			2274	1	1	57.817	1.000
jam			2274	1	1	57.817	1.000
jamandı			2274	1	1	57.817	1.000
jamanlaydı			2274	1	1	57.817	1.000
jamannıń			2274	1	1	57.817	1.000
jamap			2274	1	1	57.817	1.000
janlardıń			2274	1	1	57.817	1.000
janlı			2274	1	1	57.817	1.000
jannan			2274	1	1	57.817	1.000
jannıń			2274	1	1	57.817	1.000
janr			2274	1	1	57.817	1.000
janrdıń			2274	1	1	57.817	1.000
janrları			2274	1	1	57.817	1.000
janrlarına			2274	1	1	57.817	1.000
janrlarınan			2274	1	1	57.817	1.000
janrlıq			2274	1	1	57.817	1.000
jaqlarda			2274	1	1	57.817	1.000
jaqqa			2274	1	1	57.817	1.000
jaqsılanadı			2274	1	1	57.817	1.000
jaqsılıq			2274	1	1	57.817	1.000
jaqtıń			2274	1	1	57.817	1.000
jaqınlastıradı			2274	1	1	57.817	1.000
jaqınlastıratuǵın			2274	1	1	57.817	1.000
jaqınlastırıp			2274	1	1	57.817	1.000
jaqınlaǵanan			2274	1	1	57.817	1.000
jaqınnan			2274	1	1	57.817	1.000
jaranıp			2274	1	1	57.817	1.000
jaratıw			2274	1	1	57.817	1.000
jaratıwǵa			2274	1	1	57.817	1.000
jarlılardıń			2274	1	1	57.817	1.000
jarlılıqtı			2274	1	1	57.817	1.000
jarqın			2274	1	1	57.817	1.000
jarqıraǵan			2274	1	1	57.817	1.000
jartaslardaǵı			2274	1	1	57.817	1.000
jarımxan			2274	1	1	57.817	1.000
jarıs			2274	1	1	57.817	1.000
jarıǵı			2274	1	1	57.817	1.000
jasa			2274	1	1	57.817	1.000
jasaladı			2274	1	1	57.817	1.000
jasamaqshı			2274	1	1	57.817	1.000
jasasa			2274	1	1	57.817	1.000
jasawdıń			2274	1	1	57.817	1.000
jasawınıń			2274	1	1	57.817	1.000
jasay			2274	1	1	57.817	1.000
jasaytuǵın			2274	1	1	57.817	1.000
jasaǵanı			2274	1	1	57.817	1.000
jaslarǵa			2274	1	1	57.817	1.000
jaslıǵı			2274	1	1	57.817	1.000
jaslıǵında			2274	1	1	57.817	1.000
jastan			2274	1	1	57.817	1.000
jası			2274	1	1	57.817	1.000
jatırǵan			2274	1	1	57.817	1.000
jaw			2274	1	1	57.817	1.000
jawınlı			2274	1	1	57.817	1.000
jawınnan			2274	1	1	57.817	1.000
jawız			2274	1	1	57.817	1.000
jay			2274	1	1	57.817	1.000
jaylar			2274	1	1	57.817	1.000
jaylaspaǵan			2274	1	1	57.817	1.000
jaylastırılıwı			2274	1	1	57.817	1.000
jaylasıwında			2274	1	1	57.817	1.000
jaynistlik			2274	1	1	57.817	1.000
jayran			2274	1	1	57.817	1.000
jaysha			2274	1	1	57.817	1.000
jayıla			2274	1	1	57.817	1.000
jayılǵan			2274	1	1	57.817	1.000
jayǵan			2274	1	1	57.817	1.000
jazbalar			2274	1	1	57.817	1.000
jazbalarda			2274	1	1	57.817	1.000
jazbaslıǵı			2274	1	1	57.817	1.000
jazbası			2274	1	1	57.817	1.000
jazda			2274	1	1	57.817	1.000
jazdan			2274	1	1	57.817	1.000
jazılǵanın			2274	1	1	57.817	1.000
jazılǵanınan			2274	1	1	57.817	1.000
jazıwda			2274	1	1	57.817	1.000
jazıwlar			2274	1	1	57.817	1.000
jazıwshılardıń			2274	1	1	57.817	1.000
jazıwshılarına			2274	1	1	57.817	1.000
jazıwshılarınıń			2274	1	1	57.817	1.000
jazıwshılarǵa			2274	1	1	57.817	1.000
jazıwshısı			2274	1	1	57.817	1.000
jazıwına			2274	1	1	57.817	1.000
jazıwınan			2274	1	1	57.817	1.000
jazıwında			2274	1	1	57.817	1.000
jazıwınsha			2274	1	1	57.817	1.000
jazǵanda			2274	1	1	57.817	1.000
jazǵı			2274	1	1	57.817	1.000
jańalıqlar			2274	1	1	57.817	1.000
jańalıqlardı			2274	1	1	57.817	1.000
jańalıqları			2274	1	1	57.817	1.000
jańasha			2274	1	1	57.817	1.000
jaǵada			2274	1	1	57.817	1.000
jaǵalawında			2274	1	1	57.817	1.000
jaǵası			2274	1	1	57.817	1.000
jaǵasınan			2274	1	1	57.817	1.000
jaǵdaydan			2274	1	1	57.817	1.000
jaǵdaydı			2274	1	1	57.817	1.000
jaǵdaydıń			2274	1	1	57.817	1.000
jaǵdaylardı			2274	1	1	57.817	1.000
jaǵdayların			2274	1	1	57.817	1.000
jaǵdayın			2274	1	1	57.817	1.000
jaǵımlı			2274	1	1	57.817	1.000
jaǵımpazlanıp			2274	1	1	57.817	1.000
jaǵımsız			2274	1	1	57.817	1.000
jaǵına			2274	1	1	57.817	1.000
jedel			2274	1	1	57.817	1.000
jerden			2274	1	1	57.817	1.000
jerdi			2274	1	1	57.817	1.000
jeri			2274	1	1	57.817	1.000
jerindegi			2274	1	1	57.817	1.000
jerinen			2274	1	1	57.817	1.000
jerlengen			2274	1	1	57.817	1.000
jerlerdiń			2274	1	1	57.817	1.000
jerleri			2274	1	1	57.817	1.000
jerlerin			2274	1	1	57.817	1.000
jerlerine			2274	1	1	57.817	1.000
jerlerındegi			2274	1	1	57.817	1.000
jerlesleri			2274	1	1	57.817	1.000
jeseńiz			2274	1	1	57.817	1.000
jete			2274	1	1	57.817	1.000
jeterli			2274	1	1	57.817	1.000
jetetuǵın			2274	1	1	57.817	1.000
jetilisedi			2274	1	1	57.817	1.000
jetilisken			2274	1	1	57.817	1.000
jetilistiriw			2274	1	1	57.817	1.000
jetilistiriwge			2274	1	1	57.817	1.000
jetinshi			2274	1	1	57.817	1.000
jetiskenlikleri			2274	1	1	57.817	1.000
jetistirildi			2274	1	1	57.817	1.000
jetiwi			2274	1	1	57.817	1.000
jetiwine			2274	1	1	57.817	1.000
jetkendey			2274	1	1	57.817	1.000
jetkeredi			2274	1	1	57.817	1.000
jetkereseń			2274	1	1	57.817	1.000
jetkeriwdi			2274	1	1	57.817	1.000
jetpedi			2274	1	1	57.817	1.000
jetsikenlik			2274	1	1	57.817	1.000
jeyseń			2274	1	1	57.817	1.000
jezden			2274	1	1	57.817	1.000
jeńgenligi			2274	1	1	57.817	1.000
jeńiliw			2274	1	1	57.817	1.000
jeńiliwdi			2274	1	1	57.817	1.000
jeńillestiredi			2274	1	1	57.817	1.000
jeńiwi			2274	1	1	57.817	1.000
jiberedi			2274	1	1	57.817	1.000
jibergen			2274	1	1	57.817	1.000
jigerlendirdi			2274	1	1	57.817	1.000
jigirmadan			2274	1	1	57.817	1.000
jigitke			2274	1	1	57.817	1.000
jigitlerdiń			2274	1	1	57.817	1.000
jigittiń			2274	1	1	57.817	1.000
jiloy			2274	1	1	57.817	1.000
jip			2274	1	1	57.817	1.000
jiraf			2274	1	1	57.817	1.000
jiye			2274	1	1	57.817	1.000
jiyemurat			2274	1	1	57.817	1.000
jiyenimdi			2274	1	1	57.817	1.000
joba			2274	1	1	57.817	1.000
joldan			2274	1	1	57.817	1.000
jolin			2274	1	1	57.817	1.000
jolları			2274	1	1	57.817	1.000
jollarınıń			2274	1	1	57.817	1.000
jollasa			2274	1	1	57.817	1.000
jolım			2274	1	1	57.817	1.000
jolımbettiń			2274	1	1	57.817	1.000
jolınan			2274	1	1	57.817	1.000
joqarıda			2274	1	1	57.817	1.000
joqarıdaǵı			2274	1	1	57.817	1.000
jordan			2274	1	1	57.817	1.000
joybarlaǵan			2274	1	1	57.817	1.000
joǵaltpaydı			2274	1	1	57.817	1.000
joǵalıp			2274	1	1	57.817	1.000
jubatqan			2274	1	1	57.817	1.000
jubatıw			2274	1	1	57.817	1.000
juldız			2274	1	1	57.817	1.000
juldızdıń			2274	1	1	57.817	1.000
jumbaqtıń			2274	1	1	57.817	1.000
jumıslar			2274	1	1	57.817	1.000
jumısların			2274	1	1	57.817	1.000
jumıslarınıń			2274	1	1	57.817	1.000
jumısshısı			2274	1	1	57.817	1.000
jumısı			2274	1	1	57.817	1.000
jumısınan			2274	1	1	57.817	1.000
juraniy			2274	1	1	57.817	1.000
jurgizile			2274	1	1	57.817	1.000
jurnal			2274	1	1	57.817	1.000
jurnallar			2274	1	1	57.817	1.000
jurtqa			2274	1	1	57.817	1.000
juwmaqlap			2274	1	1	57.817	1.000
juwmaǵı			2274	1	1	57.817	1.000
juwına			2274	1	1	57.817	1.000
juwınadı			2274	1	1	57.817	1.000
juwınaman			2274	1	1	57.817	1.000
juwınatuǵın			2274	1	1	57.817	1.000
juwınıwı			2274	1	1	57.817	1.000
juwırtıwlar			2274	1	1	57.817	1.000
juwırıwdıń			2274	1	1	57.817	1.000
juwǵanday			2274	1	1	57.817	1.000
jáhán			2274	1	1	57.817	1.000
jámet			2274	1	1	57.817	1.000
jámiydi			2274	1	1	57.817	1.000
jámiyeti			2274	1	1	57.817	1.000
jámiyetin			2274	1	1	57.817	1.000
jámiyetler			2274	1	1	57.817	1.000
jámiyettegi			2274	1	1	57.817	1.000
jámiyler			2274	1	1	57.817	1.000
jámlengen			2274	1	1	57.817	1.000
jámlesken			2274	1	1	57.817	1.000
jámshid			2274	1	1	57.817	1.000
jámshidtiń			2274	1	1	57.817	1.000
jámáát			2274	1	1	57.817	1.000
jánede			2274	1	1	57.817	1.000
jánjellerdiń			2274	1	1	57.817	1.000
járdemi			2274	1	1	57.817	1.000
járdeminen			2274	1	1	57.817	1.000
járdeminiń			2274	1	1	57.817	1.000
járdemler			2274	1	1	57.817	1.000
járiyalawı			2274	1	1	57.817	1.000
járiyalaydı			2274	1	1	57.817	1.000
jónekey			2274	1	1	57.817	1.000
jóninde			2274	1	1	57.817	1.000
júda			2274	1	1	57.817	1.000
júgi			2274	1	1	57.817	1.000
júgindi			2274	1	1	57.817	1.000
júredi			2274	1	1	57.817	1.000
júregi			2274	1	1	57.817	1.000
júretuǵın			2274	1	1	57.817	1.000
júrgizildi			2274	1	1	57.817	1.000
júrgiziwshi			2274	1	1	57.817	1.000
júriwdi			2274	1	1	57.817	1.000
júrkelik			2274	1	1	57.817	1.000
júzimshilik			2274	1	1	57.817	1.000
júzine			2274	1	1	57.817	1.000
júzip			2274	1	1	57.817	1.000
júzlegen			2274	1	1	57.817	1.000
júzlerińiz			2274	1	1	57.817	1.000
jılaydı			2274	1	1	57.817	1.000
jılda			2274	1	1	57.817	1.000
jıllardan			2274	1	1	57.817	1.000
jıllıqlarda			2274	1	1	57.817	1.000
jıllıqlarǵa			2274	1	1	57.817	1.000
jıllıǵında			2274	1	1	57.817	1.000
jıllıǵınıń			2274	1	1	57.817	1.000
jıltır			2274	1	1	57.817	1.000
jılǵı			2274	1	1	57.817	1.000
jınayat			2274	1	1	57.817	1.000
jırası			2274	1	1	57.817	1.000
jıraw			2274	1	1	57.817	1.000
jırlaw			2274	1	1	57.817	1.000
jırlaǵan			2274	1	1	57.817	1.000
jıyna			2274	1	1	57.817	1.000
jıynadı			2274	1	1	57.817	1.000
jıynala			2274	1	1	57.817	1.000
jıynaldı			2274	1	1	57.817	1.000
jıynalıs			2274	1	1	57.817	1.000
jıynalısı			2274	1	1	57.817	1.000
jıynalısınıń			2274	1	1	57.817	1.000
jıynap			2274	1	1	57.817	1.000
jıynaw			2274	1	1	57.817	1.000
jıynawshı			2274	1	1	57.817	1.000
jıynawǵa			2274	1	1	57.817	1.000
jıynaǵan			2274	1	1	57.817	1.000
jıyınıń			2274	1	1	57.817	1.000
kabel			2274	1	1	57.817	1.000
kabinetiniń			2274	1	1	57.817	1.000
kadusiyler			2274	1	1	57.817	1.000
kalbajar			2274	1	1	57.817	1.000
kalligrafiya			2274	1	1	57.817	1.000
kamal			2274	1	1	57.817	1.000
kamil			2274	1	1	57.817	1.000
kanaldıń			2274	1	1	57.817	1.000
kanalları			2274	1	1	57.817	1.000
kapitalların			2274	1	1	57.817	1.000
kapitalına			2274	1	1	57.817	1.000
kapitan			2274	1	1	57.817	1.000
kapitanı			2274	1	1	57.817	1.000
karma			2274	1	1	57.817	1.000
kartada			2274	1	1	57.817	1.000
kartanı			2274	1	1	57.817	1.000
kartasın			2274	1	1	57.817	1.000
kaspiyge			2274	1	1	57.817	1.000
kaspiyler			2274	1	1	57.817	1.000
kasroniylar			2274	1	1	57.817	1.000
kategoriyalardı			2274	1	1	57.817	1.000
katolik			2274	1	1	57.817	1.000
kauchuk			2274	1	1	57.817	1.000
kaustik			2274	1	1	57.817	1.000
kaynozoy			2274	1	1	57.817	1.000
kayumars			2274	1	1	57.817	1.000
kazbin			2274	1	1	57.817	1.000
ke			2274	1	1	57.817	1.000
keklik			2274	1	1	57.817	1.000
keletuǵın			2274	1	1	57.817	1.000
keletuǵının			2274	1	1	57.817	1.000
kelgenińdi			2274	1	1	57.817	1.000
kelin			2274	1	1	57.817	1.000
kelindi			2274	1	1	57.817	1.000
kelinshekke			2274	1	1	57.817	1.000
kelinshektiń			2274	1	1	57.817	1.000
kelise			2274	1	1	57.817	1.000
kelisetuǵın			2274	1	1	57.817	1.000
kelisimler			2274	1	1	57.817	1.000
kelispewshilik			2274	1	1	57.817	1.000
kelispewshilikler			2274	1	1	57.817	1.000
keliwdi			2274	1	1	57.817	1.000
keliwine			2274	1	1	57.817	1.000
keliwshi			2274	1	1	57.817	1.000
kelmegen			2274	1	1	57.817	1.000
kelmekte			2274	1	1	57.817	1.000
kelsede			2274	1	1	57.817	1.000
keltirdi			2274	1	1	57.817	1.000
keltiriw			2274	1	1	57.817	1.000
kemal			2274	1	1	57.817	1.000
kemasazlıq			2274	1	1	57.817	1.000
kembaǵal			2274	1	1	57.817	1.000
keme			2274	1	1	57.817	1.000
kemede			2274	1	1	57.817	1.000
kemeniń			2274	1	1	57.817	1.000
kemesin			2274	1	1	57.817	1.000
keminde			2274	1	1	57.817	1.000
kemiriwshiler			2274	1	1	57.817	1.000
kemsitiwge			2274	1	1	57.817	1.000
kengerli			2274	1	1	57.817	1.000
keramika			2274	1	1	57.817	1.000
kerekli			2274	1	1	57.817	1.000
keseli			2274	1	1	57.817	1.000
kesellik			2274	1	1	57.817	1.000
keselliklerdi			2274	1	1	57.817	1.000
keshe			2274	1	1	57.817	1.000
keshiredi			2274	1	1	57.817	1.000
keshirek			2274	1	1	57.817	1.000
keshirgen			2274	1	1	57.817	1.000
keshirgenlerin			2274	1	1	57.817	1.000
keshirilgen			2274	1	1	57.817	1.000
keshiriwine			2274	1	1	57.817	1.000
kete			2274	1	1	57.817	1.000
ketip			2274	1	1	57.817	1.000
ketipti			2274	1	1	57.817	1.000
ketkenin			2274	1	1	57.817	1.000
ketkennen			2274	1	1	57.817	1.000
kewlindegi			2274	1	1	57.817	1.000
keyingenshe			2274	1	1	57.817	1.000
keyninen			2274	1	1	57.817	1.000
keńesine			2274	1	1	57.817	1.000
keńeyip			2274	1	1	57.817	1.000
keńeytedi			2274	1	1	57.817	1.000
keńeytip			2274	1	1	57.817	1.000
kilometr			2274	1	1	57.817	1.000
kimdey			2274	1	1	57.817	1.000
kimligin			2274	1	1	57.817	1.000
kinematografiyası			2274	1	1	57.817	1.000
kino			2274	1	1	57.817	1.000
kinoshıları			2274	1	1	57.817	1.000
kinostudiyası			2274	1	1	57.817	1.000
kipr			2274	1	1	57.817	1.000
kiretuǵın			2274	1	1	57.817	1.000
kirgenge			2274	1	1	57.817	1.000
kirigizip			2274	1	1	57.817	1.000
kirisedi			2274	1	1	57.817	1.000
kirisip			2274	1	1	57.817	1.000
kirisken			2274	1	1	57.817	1.000
kirispede			2274	1	1	57.817	1.000
kirispesi			2274	1	1	57.817	1.000
kirpikli			2274	1	1	57.817	1.000
kirpiksheler			2274	1	1	57.817	1.000
kishirek			2274	1	1	57.817	1.000
kishkentayınan			2274	1	1	57.817	1.000
kishvariy			2274	1	1	57.817	1.000
kisiden			2274	1	1	57.817	1.000
kislorod			2274	1	1	57.817	1.000
kislorodqa			2274	1	1	57.817	1.000
kislorodtı			2274	1	1	57.817	1.000
kislotası			2274	1	1	57.817	1.000
kisnetip			2274	1	1	57.817	1.000
kit			2274	1	1	57.817	1.000
kitablarına			2274	1	1	57.817	1.000
kitabında			2274	1	1	57.817	1.000
kitabınıń			2274	1	1	57.817	1.000
kitaplarda			2274	1	1	57.817	1.000
kitaplardan			2274	1	1	57.817	1.000
kitaplarınıń			2274	1	1	57.817	1.000
kitapqa			2274	1	1	57.817	1.000
kitapta			2274	1	1	57.817	1.000
kitaptıń			2274	1	1	57.817	1.000
kitapxana			2274	1	1	57.817	1.000
kitapxanada			2274	1	1	57.817	1.000
kitapxanaları			2274	1	1	57.817	1.000
kitler			2274	1	1	57.817	1.000
kiyatır			2274	1	1	57.817	1.000
kiyik			2274	1	1	57.817	1.000
kiyimlerin			2274	1	1	57.817	1.000
kiyip			2274	1	1	57.817	1.000
klassifikaciyalaw			2274	1	1	57.817	1.000
klavdiy			2274	1	1	57.817	1.000
kletkadaǵı			2274	1	1	57.817	1.000
kletkalar			2274	1	1	57.817	1.000
kletkaları			2274	1	1	57.817	1.000
kletkanıń			2274	1	1	57.817	1.000
kletkası			2274	1	1	57.817	1.000
kletkasına			2274	1	1	57.817	1.000
klimatlı			2274	1	1	57.817	1.000
klimatlıq			2274	1	1	57.817	1.000
kobalt			2274	1	1	57.817	1.000
kojurov			2274	1	1	57.817	1.000
kolchedani			2274	1	1	57.817	1.000
kollegiyasınıń			2274	1	1	57.817	1.000
kolligraf			2274	1	1	57.817	1.000
komediya			2274	1	1	57.817	1.000
komediyası			2274	1	1	57.817	1.000
komediyasın			2274	1	1	57.817	1.000
komitettiń			2274	1	1	57.817	1.000
kompas			2274	1	1	57.817	1.000
kompastıń			2274	1	1	57.817	1.000
kompleks			2274	1	1	57.817	1.000
kompleksinde			2274	1	1	57.817	1.000
kompozitor			2274	1	1	57.817	1.000
kompozitorları			2274	1	1	57.817	1.000
kompozitorlıq			2274	1	1	57.817	1.000
kompozitorı			2274	1	1	57.817	1.000
koncepciyası			2274	1	1	57.817	1.000
koncidiyanıń			2274	1	1	57.817	1.000
konfucilik			2274	1	1	57.817	1.000
konfuciydiń			2274	1	1	57.817	1.000
konfuciylik			2274	1	1	57.817	1.000
konfutsiy			2274	1	1	57.817	1.000
kongullar			2274	1	1	57.817	1.000
konserva			2274	1	1	57.817	1.000
konstruktsiya			2274	1	1	57.817	1.000
konsultaciyalar			2274	1	1	57.817	1.000
kontinent			2274	1	1	57.817	1.000
kontinenti			2274	1	1	57.817	1.000
kontinentiniń			2274	1	1	57.817	1.000
kontinentler			2274	1	1	57.817	1.000
kontinenttiń			2274	1	1	57.817	1.000
konyak			2274	1	1	57.817	1.000
konyunkturası			2274	1	1	57.817	1.000
konyunkturasınan			2274	1	1	57.817	1.000
kostyorlar			2274	1	1	57.817	1.000
kosıbayoğlu			2274	1	1	57.817	1.000
kosıbayulı			2274	1	1	57.817	1.000
krataw			2274	1	1	57.817	1.000
kredit			2274	1	1	57.817	1.000
kromlexler			2274	1	1	57.817	1.000
krrabaǵ			2274	1	1	57.817	1.000
kuba			2274	1	1	57.817	1.000
kubtı			2274	1	1	57.817	1.000
kuliev			2274	1	1	57.817	1.000
kultepa			2274	1	1	57.817	1.000
kultlıq			2274	1	1	57.817	1.000
kumik			2274	1	1	57.817	1.000
kurd			2274	1	1	57.817	1.000
kurder			2274	1	1	57.817	1.000
kuveyt			2274	1	1	57.817	1.000
kvalifikaciyalı			2274	1	1	57.817	1.000
kvt			2274	1	1	57.817	1.000
kyolliker			2274	1	1	57.817	1.000
kánlerden			2274	1	1	57.817	1.000
kárwansaray			2274	1	1	57.817	1.000
kárxanalar			2274	1	1	57.817	1.000
kárxanalardıń			2274	1	1	57.817	1.000
kárxanaları			2274	1	1	57.817	1.000
kárxanalarǵa			2274	1	1	57.817	1.000
kárxananı			2274	1	1	57.817	1.000
kárxananıń			2274	1	1	57.817	1.000
kárxanasına			2274	1	1	57.817	1.000
kásibinde			2274	1	1	57.817	1.000
kásibine			2274	1	1	57.817	1.000
kásiplik			2274	1	1	57.817	1.000
kátibler			2274	1	1	57.817	1.000
kátip			2274	1	1	57.817	1.000
kátqudaları			2274	1	1	57.817	1.000
kóbeyedi			2274	1	1	57.817	1.000
kóbeygende			2274	1	1	57.817	1.000
kóbeyip			2274	1	1	57.817	1.000
kóbeytilgen			2274	1	1	57.817	1.000
kóbeytiliwi			2274	1	1	57.817	1.000
kóbeytip			2274	1	1	57.817	1.000
kóbeytiwge			2274	1	1	57.817	1.000
kóbeytkenge			2274	1	1	57.817	1.000
kókiregimniń			2274	1	1	57.817	1.000
kóksine			2274	1	1	57.817	1.000
kóldegi			2274	1	1	57.817	1.000
kólemde			2274	1	1	57.817	1.000
kólemine			2274	1	1	57.817	1.000
kólemli			2274	1	1	57.817	1.000
kópirler			2274	1	1	57.817	1.000
kópke			2274	1	1	57.817	1.000
kópshiliktiń			2274	1	1	57.817	1.000
kópsinbe			2274	1	1	57.817	1.000
kórdi			2274	1	1	57.817	1.000
kóredi			2274	1	1	57.817	1.000
kóretuǵın			2274	1	1	57.817	1.000
kórgenin			2274	1	1	57.817	1.000
kórgensiz			2274	1	1	57.817	1.000
kórinbes			2274	1	1	57.817	1.000
kórinbeydi			2274	1	1	57.817	1.000
kórineme			2274	1	1	57.817	1.000
kórinisleri			2274	1	1	57.817	1.000
kóriniwi			2274	1	1	57.817	1.000
kórinse			2274	1	1	57.817	1.000
kórisip			2274	1	1	57.817	1.000
kóriw			2274	1	1	57.817	1.000
kóriwden			2274	1	1	57.817	1.000
kóriwi			2274	1	1	57.817	1.000
kórkemligi			2274	1	1	57.817	1.000
kórki			2274	1	1	57.817	1.000
kórkin			2274	1	1	57.817	1.000
kórmeybilmey			2274	1	1	57.817	1.000
kórsetiledi			2274	1	1	57.817	1.000
kórsetiliwi			2274	1	1	57.817	1.000
kórsetiw			2274	1	1	57.817	1.000
kórsetiwinshe			2274	1	1	57.817	1.000
kórsetiwleri			2274	1	1	57.817	1.000
kóshirgen			2274	1	1	57.817	1.000
kóshirgenligi			2274	1	1	57.817	1.000
kóshirip			2274	1	1	57.817	1.000
kóshiriwi			2274	1	1	57.817	1.000
kóshpes			2274	1	1	57.817	1.000
kóshti			2274	1	1	57.817	1.000
kótere			2274	1	1	57.817	1.000
kóterilis			2274	1	1	57.817	1.000
kóterilisin			2274	1	1	57.817	1.000
kóterilisiniń			2274	1	1	57.817	1.000
kóteriliske			2274	1	1	57.817	1.000
kóteriliste			2274	1	1	57.817	1.000
kóterilisten			2274	1	1	57.817	1.000
kóterip			2274	1	1	57.817	1.000
kóteriw			2274	1	1	57.817	1.000
kóterińki			2274	1	1	57.817	1.000
kózbe			2274	1	1	57.817	1.000
kózim			2274	1	1	57.817	1.000
kózine			2274	1	1	57.817	1.000
kózińe			2274	1	1	57.817	1.000
kózqarasınan			2274	1	1	57.817	1.000
kúle			2274	1	1	57.817	1.000
kúlimlegen			2274	1	1	57.817	1.000
kúliw			2274	1	1	57.817	1.000
kúlkige			2274	1	1	57.817	1.000
kúnge			2274	1	1	57.817	1.000
kúni			2274	1	1	57.817	1.000
kúnler			2274	1	1	57.817	1.000
kúnlerinde			2274	1	1	57.817	1.000
kúnxoja			2274	1	1	57.817	1.000
kúsheye			2274	1	1	57.817	1.000
kúsheyiwi			2274	1	1	57.817	1.000
kúshin			2274	1	1	57.817	1.000
kúshine			2274	1	1	57.817	1.000
kúshiniń			2274	1	1	57.817	1.000
kúshke			2274	1	1	57.817	1.000
kúshlerdiń			2274	1	1	57.817	1.000
kúshliligi			2274	1	1	57.817	1.000
kúshtiń			2274	1	1	57.817	1.000
kútilmegen			2274	1	1	57.817	1.000
kútá			2274	1	1	57.817	1.000
lachin			2274	1	1	57.817	1.000
lamark			2274	1	1	57.817	1.000
lanka			2274	1	1	57.817	1.000
laos			2274	1	1	57.817	1.000
laqabı			2274	1	1	57.817	1.000
latif			2274	1	1	57.817	1.000
latifa			2274	1	1	57.817	1.000
lazımlıǵın			2274	1	1	57.817	1.000
legendalar			2274	1	1	57.817	1.000
legendaları			2274	1	1	57.817	1.000
lekit			2274	1	1	57.817	1.000
leksikografiyalıq			2274	1	1	57.817	1.000
lermontovtıń			2274	1	1	57.817	1.000
lev			2274	1	1	57.817	1.000
leyli			2274	1	1	57.817	1.000
lezginlar			2274	1	1	57.817	1.000
limnologiya			2274	1	1	57.817	1.000
liro			2274	1	1	57.817	1.000
lisanut			2274	1	1	57.817	1.000
litseyi			2274	1	1	57.817	1.000
livan			2274	1	1	57.817	1.000
livingston			2274	1	1	57.817	1.000
liviyada			2274	1	1	57.817	1.000
lixenologiya			2274	1	1	57.817	1.000
logika			2274	1	1	57.817	1.000
lokayata			2274	1	1	57.817	1.000
losos			2274	1	1	57.817	1.000
lutfiydiń			2274	1	1	57.817	1.000
luǵatayn			2274	1	1	57.817	1.000
lyudmila			2274	1	1	57.817	1.000
láylı			2274	1	1	57.817	1.000
ma			2274	1	1	57.817	1.000
magiyası			2274	1	1	57.817	1.000
magnitlik			2274	1	1	57.817	1.000
magomaev			2274	1	1	57.817	1.000
magomaevtiń			2274	1	1	57.817	1.000
mahastiy			2274	1	1	57.817	1.000
mahmud			2274	1	1	57.817	1.000
mahmudbekov			2274	1	1	57.817	1.000
mahzai			2274	1	1	57.817	1.000
majitdin			2274	1	1	57.817	1.000
majolis			2274	1	1	57.817	1.000
makedoniyalıq			2274	1	1	57.817	1.000
makedonskiy			2274	1	1	57.817	1.000
makkiy			2274	1	1	57.817	1.000
makánnıń			2274	1	1	57.817	1.000
malakologiya			2274	1	1	57.817	1.000
malayziya			2274	1	1	57.817	1.000
maldiv			2274	1	1	57.817	1.000
malyariya			2274	1	1	57.817	1.000
mamamnıń			2274	1	1	57.817	1.000
mamań			2274	1	1	57.817	1.000
mambetnazarov			2274	1	1	57.817	1.000
mambetnazarovlar			2274	1	1	57.817	1.000
mamedova			2274	1	1	57.817	1.000
mammalogiya			2274	1	1	57.817	1.000
mana			2274	1	1	57.817	1.000
manat			2274	1	1	57.817	1.000
manevî			2274	1	1	57.817	1.000
map			2274	1	1	57.817	1.000
maqallar			2274	1	1	57.817	1.000
maqallardı			2274	1	1	57.817	1.000
maqamlar			2274	1	1	57.817	1.000
maqamları			2274	1	1	57.817	1.000
maqbara			2274	1	1	57.817	1.000
maqbaralar			2274	1	1	57.817	1.000
maqbarası			2274	1	1	57.817	1.000
maqsetine			2274	1	1	57.817	1.000
maqsetke			2274	1	1	57.817	1.000
maqsetleri			2274	1	1	57.817	1.000
maqsımjan			2274	1	1	57.817	1.000
maqtanıshqa			2274	1	1	57.817	1.000
maqtap			2274	1	1	57.817	1.000
maqtumqulı			2274	1	1	57.817	1.000
mardakyan			2274	1	1	57.817	1.000
mardonov			2274	1	1	57.817	1.000
margimush			2274	1	1	57.817	1.000
marko			2274	1	1	57.817	1.000
martta			2274	1	1	57.817	1.000
mashina			2274	1	1	57.817	1.000
mashinasazlıǵı			2274	1	1	57.817	1.000
mashxadtıń			2274	1	1	57.817	1.000
masihiy			2274	1	1	57.817	1.000
maslasqan			2274	1	1	57.817	1.000
masqarapazlıqtan			2274	1	1	57.817	1.000
massada			2274	1	1	57.817	1.000
massanıń			2274	1	1	57.817	1.000
mastigoforalar			2274	1	1	57.817	1.000
masǵut			2274	1	1	57.817	1.000
matematika			2274	1	1	57.817	1.000
matematikaǵa			2274	1	1	57.817	1.000
materialistlik			2274	1	1	57.817	1.000
materialları			2274	1	1	57.817	1.000
materigi			2274	1	1	57.817	1.000
materigin			2274	1	1	57.817	1.000
maxastiy			2274	1	1	57.817	1.000
maxmud			2274	1	1	57.817	1.000
mayanbay			2274	1	1	57.817	1.000
maydan			2274	1	1	57.817	1.000
maydanınıń			2274	1	1	57.817	1.000
mazdakiyler			2274	1	1	57.817	1.000
mazmun			2274	1	1	57.817	1.000
mazmundaǵı			2274	1	1	57.817	1.000
mazmunında			2274	1	1	57.817	1.000
mazmunınıdaǵı			2274	1	1	57.817	1.000
mazmunǵa			2274	1	1	57.817	1.000
maǵanaǵa			2274	1	1	57.817	1.000
maǵanshaq			2274	1	1	57.817	1.000
maǵlıwmatlardı			2274	1	1	57.817	1.000
maǵlıwmatlarına			2274	1	1	57.817	1.000
maǵlıwmatqa			2274	1	1	57.817	1.000
maǵlıwmatına			2274	1	1	57.817	1.000
mcmurdo			2274	1	1	57.817	1.000
medatatsiyası			2274	1	1	57.817	1.000
medirese			2274	1	1	57.817	1.000
medireseni			2274	1	1	57.817	1.000
medireseniń			2274	1	1	57.817	1.000
mediresesiniń			2274	1	1	57.817	1.000
medreseler			2274	1	1	57.817	1.000
medreselerde			2274	1	1	57.817	1.000
medreseni			2274	1	1	57.817	1.000
medresesinde			2274	1	1	57.817	1.000
mehribanu			2274	1	1	57.817	1.000
mekemelerge			2274	1	1	57.817	1.000
mektebinde			2274	1	1	57.817	1.000
mekteplerde			2274	1	1	57.817	1.000
mektepleri			2274	1	1	57.817	1.000
melikovtıń			2274	1	1	57.817	1.000
melodiya			2274	1	1	57.817	1.000
mengirler			2274	1	1	57.817	1.000
meniń			2274	1	1	57.817	1.000
menmensip			2274	1	1	57.817	1.000
merekelerinde			2274	1	1	57.817	1.000
merekesiz			2274	1	1	57.817	1.000
meshitler			2274	1	1	57.817	1.000
metafizikalıq			2274	1	1	57.817	1.000
metallurgiya			2274	1	1	57.817	1.000
metodların			2274	1	1	57.817	1.000
metodtan			2274	1	1	57.817	1.000
metropoliten			2274	1	1	57.817	1.000
midiya			2274	1	1	57.817	1.000
miflerdi			2274	1	1	57.817	1.000
mifologiyalıq			2274	1	1	57.817	1.000
mikologiya			2274	1	1	57.817	1.000
mikrobiologiya			2274	1	1	57.817	1.000
mikrometr			2274	1	1	57.817	1.000
mikroorganizm			2274	1	1	57.817	1.000
mikrosporidiyalar			2274	1	1	57.817	1.000
miksosporidiyalar			2274	1	1	57.817	1.000
milletke			2274	1	1	57.817	1.000
milletli			2274	1	1	57.817	1.000
millionlar			2274	1	1	57.817	1.000
minara			2274	1	1	57.817	1.000
minemen			2274	1	1	57.817	1.000
mineral			2274	1	1	57.817	1.000
minerallıǵı			2274	1	1	57.817	1.000
minezindegi			2274	1	1	57.817	1.000
minezine			2274	1	1	57.817	1.000
mingechaurda			2274	1	1	57.817	1.000
minip			2274	1	1	57.817	1.000
minnetdarshılıq			2274	1	1	57.817	1.000
minse			2274	1	1	57.817	1.000
mirarab			2274	1	1	57.817	1.000
mirmuhsin			2274	1	1	57.817	1.000
mirzalar			2274	1	1	57.817	1.000
mixail			2274	1	1	57.817	1.000
mixailov			2274	1	1	57.817	1.000
miymandoslıǵın			2274	1	1	57.817	1.000
miymanxanası			2274	1	1	57.817	1.000
miyneti			2274	1	1	57.817	1.000
miynetinde			2274	1	1	57.817	1.000
miynetkeshlik			2274	1	1	57.817	1.000
miynetlerin			2274	1	1	57.817	1.000
miyraslardı			2274	1	1	57.817	1.000
miyraslardıń			2274	1	1	57.817	1.000
miyrasxorlık			2274	1	1	57.817	1.000
miyrasxorlıq			2274	1	1	57.817	1.000
miywelerden			2274	1	1	57.817	1.000
mlrd			2274	1	1	57.817	1.000
mo			2274	1	1	57.817	1.000
modernizatsiyalaw			2274	1	1	57.817	1.000
moizm			2274	1	1	57.817	1.000
molayttı			2274	1	1	57.817	1.000
molekulyar			2274	1	1	57.817	1.000
mongoliya			2274	1	1	57.817	1.000
monistlik			2274	1	1	57.817	1.000
monsha			2274	1	1	57.817	1.000
montrlerdiń			2274	1	1	57.817	1.000
monǵollar			2274	1	1	57.817	1.000
mos			2274	1	1	57.817	1.000
moskva			2274	1	1	57.817	1.000
moviy			2274	1	1	57.817	1.000
moynına			2274	1	1	57.817	1.000
moyın			2274	1	1	57.817	1.000
muhokamat			2274	1	1	57.817	1.000
multiplikaciya			2274	1	1	57.817	1.000
muqaddes			2274	1	1	57.817	1.000
murat			2274	1	1	57.817	1.000
musibati			2274	1	1	57.817	1.000
musorgskiy			2274	1	1	57.817	1.000
mustalishah			2274	1	1	57.817	1.000
musulmanlar			2274	1	1	57.817	1.000
musya			2274	1	1	57.817	1.000
muwapıqlastırıwshı			2274	1	1	57.817	1.000
muxalles			2274	1	1	57.817	1.000
muxammadshah			2274	1	1	57.817	1.000
muxammed			2274	1	1	57.817	1.000
muxolifat			2274	1	1	57.817	1.000
muzeyleri			2274	1	1	57.817	1.000
muzlardıń			2274	1	1	57.817	1.000
muzıkantlar			2274	1	1	57.817	1.000
muzıkanıń			2274	1	1	57.817	1.000
muzıkası			2274	1	1	57.817	1.000
muzıkasınıń			2274	1	1	57.817	1.000
muǵdarda			2274	1	1	57.817	1.000
muǵdarın			2274	1	1	57.817	1.000
muǵdarınan			2274	1	1	57.817	1.000
myanma			2274	1	1	57.817	1.000
mádeniyatlardı			2274	1	1	57.817	1.000
mádeniyatlarınıń			2274	1	1	57.817	1.000
mádeniyatqa			2274	1	1	57.817	1.000
mádeniyattqa			2274	1	1	57.817	1.000
mádeniyattıń			2274	1	1	57.817	1.000
mádeniyatın			2274	1	1	57.817	1.000
mádeniyatında			2274	1	1	57.817	1.000
májgún			2274	1	1	57.817	1.000
májnun			2274	1	1	57.817	1.000
mákan			2274	1	1	57.817	1.000
mákemeleri			2274	1	1	57.817	1.000
mákemesi			2274	1	1	57.817	1.000
mákke			2274	1	1	57.817	1.000
mámbetov			2274	1	1	57.817	1.000
mámilege			2274	1	1	57.817	1.000
mámleketin			2274	1	1	57.817	1.000
mámleketlerdiń			2274	1	1	57.817	1.000
mámleketleri			2274	1	1	57.817	1.000
mámleketlerindegi			2274	1	1	57.817	1.000
mámleketlerinińde			2274	1	1	57.817	1.000
mámleketti			2274	1	1	57.817	1.000
mángi			2274	1	1	57.817	1.000
mángilestiriw			2274	1	1	57.817	1.000
mánige			2274	1	1	57.817	1.000
mánili			2274	1	1	57.817	1.000
mánistegi			2274	1	1	57.817	1.000
mánsaptan			2274	1	1	57.817	1.000
mápleri			2274	1	1	57.817	1.000
máplerin			2274	1	1	57.817	1.000
máqámediy			2274	1	1	57.817	1.000
márte			2274	1	1	57.817	1.000
mártligin			2274	1	1	57.817	1.000
mártlik			2274	1	1	57.817	1.000
másele			2274	1	1	57.817	1.000
máselege			2274	1	1	57.817	1.000
máseleler			2274	1	1	57.817	1.000
máselelerde			2274	1	1	57.817	1.000
máselelerdi			2274	1	1	57.817	1.000
máselelerin			2274	1	1	57.817	1.000
máselelerine			2274	1	1	57.817	1.000
máseleni			2274	1	1	57.817	1.000
máshrab			2274	1	1	57.817	1.000
máwsim			2274	1	1	57.817	1.000
máy			2274	1	1	57.817	1.000
mómina			2274	1	1	57.817	1.000
múddet			2274	1	1	57.817	1.000
múddeti			2274	1	1	57.817	1.000
múddetleri			2274	1	1	57.817	1.000
múddetsiz			2274	1	1	57.817	1.000
múlayımlıq			2274	1	1	57.817	1.000
múlk			2274	1	1	57.817	1.000
múlkin			2274	1	1	57.817	1.000
múlkine			2274	1	1	57.817	1.000
múlklik			2274	1	1	57.817	1.000
múlktiń			2274	1	1	57.817	1.000
múmkinshiligine			2274	1	1	57.817	1.000
múmkiń			2274	1	1	57.817	1.000
múnásibetin			2274	1	1	57.817	1.000
múnásip			2274	1	1	57.817	1.000
músinshilerden			2274	1	1	57.817	1.000
mın			2274	1	1	57.817	1.000
mısal			2274	1	1	57.817	1.000
mısalında			2274	1	1	57.817	1.000
mısır			2274	1	1	57.817	1.000
mıńlaǵan			2274	1	1	57.817	1.000
mıńnan			2274	1	1	57.817	1.000
mıńǵa			2274	1	1	57.817	1.000
məmmədov			2274	1	1	57.817	1.000
nadanlıqtı			2274	1	1	57.817	1.000
nafois			2274	1	1	57.817	1.000
naftalan			2274	1	1	57.817	1.000
namalar			2274	1	1	57.817	1.000
names			2274	1	1	57.817	1.000
namısı			2274	1	1	57.817	1.000
nan			2274	1	1	57.817	1.000
narimonbekov			2274	1	1	57.817	1.000
narimonov			2274	1	1	57.817	1.000
narse			2274	1	1	57.817	1.000
nasaq			2274	1	1	57.817	1.000
nasır			2274	1	1	57.817	1.000
natsist			2274	1	1	57.817	1.000
natsistler			2274	1	1	57.817	1.000
natsistlik			2274	1	1	57.817	1.000
natural			2274	1	1	57.817	1.000
navvob			2274	1	1	57.817	1.000
nawayıxanlıq			2274	1	1	57.817	1.000
nawqanshılıq			2274	1	1	57.817	1.000
nawrız			2274	1	1	57.817	1.000
naxichevon			2274	1	1	57.817	1.000
nayza			2274	1	1	57.817	1.000
nayzabay			2274	1	1	57.817	1.000
nayzabaydıń			2274	1	1	57.817	1.000
nańumojis			2274	1	1	57.817	1.000
naǵmetulla			2274	1	1	57.817	1.000
naǵıs			2274	1	1	57.817	1.000
naǵısları			2274	1	1	57.817	1.000
naǵıslı			2274	1	1	57.817	1.000
nede			2274	1	1	57.817	1.000
neftechala			2274	1	1	57.817	1.000
nege			2274	1	1	57.817	1.000
negiz			2274	1	1	57.817	1.000
negizgi			2274	1	1	57.817	1.000
nelerge			2274	1	1	57.817	1.000
nematologiya			2274	1	1	57.817	1.000
nemec			2274	1	1	57.817	1.000
nemis			2274	1	1	57.817	1.000
neolit			2274	1	1	57.817	1.000
nepal			2274	1	1	57.817	1.000
nergi			2274	1	1	57.817	1.000
neshshe			2274	1	1	57.817	1.000
neya			2274	1	1	57.817	1.000
neyrobiologiya			2274	1	1	57.817	1.000
neyroilim			2274	1	1	57.817	1.000
neǵaybıl			2274	1	1	57.817	1.000
nietulla			2274	1	1	57.817	1.000
nikolaevtiń			2274	1	1	57.817	1.000
niyet			2274	1	1	57.817	1.000
nizomiy			2274	1	1	57.817	1.000
nobel			2274	1	1	57.817	1.000
nominalına			2274	1	1	57.817	1.000
nominalınan			2274	1	1	57.817	1.000
norması			2274	1	1	57.817	1.000
normativ			2274	1	1	57.817	1.000
nosirova			2274	1	1	57.817	1.000
notalı			2274	1	1	57.817	1.000
novator			2274	1	1	57.817	1.000
novella			2274	1	1	57.817	1.000
noyabrde			2274	1	1	57.817	1.000
nsya			2274	1	1	57.817	1.000
nurları			2274	1	1	57.817	1.000
nurmaq			2274	1	1	57.817	1.000
nusqalarǵa			2274	1	1	57.817	1.000
nusqasınıń			2274	1	1	57.817	1.000
nutriya			2274	1	1	57.817	1.000
nálet			2274	1	1	57.817	1.000
námártlikti			2274	1	1	57.817	1.000
náresteni			2274	1	1	57.817	1.000
nárse			2274	1	1	57.817	1.000
nárseler			2274	1	1	57.817	1.000
nárselerge			2274	1	1	57.817	1.000
násiyatlaydı			2274	1	1	57.817	1.000
násiyatnamalar			2274	1	1	57.817	1.000
nátiyjelerge			2274	1	1	57.817	1.000
názibek			2274	1	1	57.817	1.000
názik			2274	1	1	57.817	1.000
náziyra			2274	1	1	57.817	1.000
názálim			2274	1	1	57.817	1.000
nókisten			2274	1	1	57.817	1.000
nókistiń			2274	1	1	57.817	1.000
nı			2274	1	1	57.817	1.000
nıshanaǵa			2274	1	1	57.817	1.000
nızamlarda			2274	1	1	57.817	1.000
nızamlarında			2274	1	1	57.817	1.000
nızamlastırılǵan			2274	1	1	57.817	1.000
nızamlılıqlardıń			2274	1	1	57.817	1.000
nızamǵa			2274	1	1	57.817	1.000
oazislerdi			2274	1	1	57.817	1.000
oblastı			2274	1	1	57.817	1.000
oblastındaǵı			2274	1	1	57.817	1.000
obrazdı			2274	1	1	57.817	1.000
obrazlarda			2274	1	1	57.817	1.000
obrazlardı			2274	1	1	57.817	1.000
obrazları			2274	1	1	57.817	1.000
obrazlarında			2274	1	1	57.817	1.000
obrazlı			2274	1	1	57.817	1.000
obrazın			2274	1	1	57.817	1.000
obrazında			2274	1	1	57.817	1.000
obyektleri			2274	1	1	57.817	1.000
ocherkler			2274	1	1	57.817	1.000
ofitserleri			2274	1	1	57.817	1.000
ogahiy			2274	1	1	57.817	1.000
okeanlar			2274	1	1	57.817	1.000
okeannan			2274	1	1	57.817	1.000
okrugine			2274	1	1	57.817	1.000
olarda			2274	1	1	57.817	1.000
olardan			2274	1	1	57.817	1.000
olardiń			2274	1	1	57.817	1.000
olardın			2274	1	1	57.817	1.000
olarǵa			2274	1	1	57.817	1.000
olda			2274	1	1	57.817	1.000
oligatsena			2274	1	1	57.817	1.000
olimpiya			2274	1	1	57.817	1.000
oman			2274	1	1	57.817	1.000
omırtqasınıń			2274	1	1	57.817	1.000
ondatra			2274	1	1	57.817	1.000
oniń			2274	1	1	57.817	1.000
opa			2274	1	1	57.817	1.000
opadarlıq			2274	1	1	57.817	1.000
opasızlıqtı			2274	1	1	57.817	1.000
operaları			2274	1	1	57.817	1.000
operası			2274	1	1	57.817	1.000
operasın			2274	1	1	57.817	1.000
optimal			2274	1	1	57.817	1.000
oq			2274	1	1	57.817	1.000
oqıdı			2274	1	1	57.817	1.000
oqılmaydı			2274	1	1	57.817	1.000
oqıtatuǵın			2274	1	1	57.817	1.000
oqıtqan			2274	1	1	57.817	1.000
oqıtılatuǵın			2274	1	1	57.817	1.000
oqıtıldı			2274	1	1	57.817	1.000
oqıwshı			2274	1	1	57.817	1.000
oqıwshısı			2274	1	1	57.817	1.000
oqıy			2274	1	1	57.817	1.000
oqıytuǵınlardıń			2274	1	1	57.817	1.000
oraylardıń			2274	1	1	57.817	1.000
oraylasqan			2274	1	1	57.817	1.000
orayın			2274	1	1	57.817	1.000
orda			2274	1	1	57.817	1.000
ordubad			2274	1	1	57.817	1.000
ordubodiydiń			2274	1	1	57.817	1.000
orenburgtaǵı			2274	1	1	57.817	1.000
organ			2274	1	1	57.817	1.000
organellalar			2274	1	1	57.817	1.000
organikalıq			2274	1	1	57.817	1.000
organizmdi			2274	1	1	57.817	1.000
organizmlerde			2274	1	1	57.817	1.000
organizmlerden			2274	1	1	57.817	1.000
organizmlerge			2274	1	1	57.817	1.000
organizmniń			2274	1	1	57.817	1.000
organlardı			2274	1	1	57.817	1.000
organlarınan			2274	1	1	57.817	1.000
organlarıń			2274	1	1	57.817	1.000
organoidlar			2274	1	1	57.817	1.000
organoidları			2274	1	1	57.817	1.000
ormanzarı			2274	1	1	57.817	1.000
ornalasqan			2274	1	1	57.817	1.000
ornalastı			2274	1	1	57.817	1.000
ornamasın			2274	1	1	57.817	1.000
ornatqan			2274	1	1	57.817	1.000
ornatıldı			2274	1	1	57.817	1.000
ornatıwǵa			2274	1	1	57.817	1.000
ornawı			2274	1	1	57.817	1.000
ornitologiya			2274	1	1	57.817	1.000
ornı			2274	1	1	57.817	1.000
ornın			2274	1	1	57.817	1.000
ornında			2274	1	1	57.817	1.000
ortaları			2274	1	1	57.817	1.000
ortalarında			2274	1	1	57.817	1.000
ortalıqqa			2274	1	1	57.817	1.000
ortalıqta			2274	1	1	57.817	1.000
ortalıǵında			2274	1	1	57.817	1.000
ortasında			2274	1	1	57.817	1.000
ortasındaǵı			2274	1	1	57.817	1.000
orında			2274	1	1	57.817	1.000
orınlanıwı			2274	1	1	57.817	1.000
orınları			2274	1	1	57.817	1.000
orınlarında			2274	1	1	57.817	1.000
orınlaw			2274	1	1	57.817	1.000
orınlawǵa			2274	1	1	57.817	1.000
orınlaydı			2274	1	1	57.817	1.000
orınsız			2274	1	1	57.817	1.000
orıssha			2274	1	1	57.817	1.000
osetr			2274	1	1	57.817	1.000
osmanlı			2274	1	1	57.817	1.000
ostrovskiydiń			2274	1	1	57.817	1.000
otlaq			2274	1	1	57.817	1.000
otlaqları			2274	1	1	57.817	1.000
otıradı			2274	1	1	57.817	1.000
otırıp			2274	1	1	57.817	1.000
otırıspa			2274	1	1	57.817	1.000
otırıspasında			2274	1	1	57.817	1.000
otırıwshılıǵı			2274	1	1	57.817	1.000
otızda			2274	1	1	57.817	1.000
oyansa			2274	1	1	57.817	1.000
oyanıp			2274	1	1	57.817	1.000
oydıń			2274	1	1	57.817	1.000
oylana			2274	1	1	57.817	1.000
oyları			2274	1	1	57.817	1.000
oynaw			2274	1	1	57.817	1.000
oynawına			2274	1	1	57.817	1.000
oynaǵan			2274	1	1	57.817	1.000
oypatlıǵı			2274	1	1	57.817	1.000
oypatlıǵınan			2274	1	1	57.817	1.000
oypatlıǵınıń			2274	1	1	57.817	1.000
oyshıl			2274	1	1	57.817	1.000
oyı			2274	1	1	57.817	1.000
oyınlar			2274	1	1	57.817	1.000
oyınların			2274	1	1	57.817	1.000
oyınlarında			2274	1	1	57.817	1.000
oyınsha			2274	1	1	57.817	1.000
oyını			2274	1	1	57.817	1.000
oyının			2274	1	1	57.817	1.000
ozanı			2274	1	1	57.817	1.000
ozodlik			2274	1	1	57.817	1.000
oń			2274	1	1	57.817	1.000
ońıstırmaydı			2274	1	1	57.817	1.000
oǵlı			2274	1	1	57.817	1.000
oǵuzlar			2274	1	1	57.817	1.000
paketi			2274	1	1	57.817	1.000
pakistan			2274	1	1	57.817	1.000
paleolit			2274	1	1	57.817	1.000
paleontologiya			2274	1	1	57.817	1.000
palmer			2274	1	1	57.817	1.000
palwan			2274	1	1	57.817	1.000
palız			2274	1	1	57.817	1.000
pamukkale			2274	1	1	57.817	1.000
panj			2274	1	1	57.817	1.000
parasatsız			2274	1	1	57.817	1.000
paraxat			2274	1	1	57.817	1.000
paraxatshılıqtıń			2274	1	1	57.817	1.000
paraxatshılıǵı			2274	1	1	57.817	1.000
parazit			2274	1	1	57.817	1.000
parijge			2274	1	1	57.817	1.000
parlament			2274	1	1	57.817	1.000
paromi			2274	1	1	57.817	1.000
parqı			2274	1	1	57.817	1.000
parsılar			2274	1	1	57.817	1.000
partiyaları			2274	1	1	57.817	1.000
patent			2274	1	1	57.817	1.000
patriotizm			2274	1	1	57.817	1.000
patshadan			2274	1	1	57.817	1.000
patshalıq			2274	1	1	57.817	1.000
patshanı			2274	1	1	57.817	1.000
patshaǵa			2274	1	1	57.817	1.000
paxta			2274	1	1	57.817	1.000
paxtashılıq			2274	1	1	57.817	1.000
paydalanadı			2274	1	1	57.817	1.000
paydalanıldı			2274	1	1	57.817	1.000
paydalanılǵan			2274	1	1	57.817	1.000
paydalanıp			2274	1	1	57.817	1.000
paydasın			2274	1	1	57.817	1.000
paykar			2274	1	1	57.817	1.000
payt			2274	1	1	57.817	1.000
paytaxtlar			2274	1	1	57.817	1.000
payǵambar			2274	1	1	57.817	1.000
pedinstitutınıń			2274	1	1	57.817	1.000
pen			2274	1	1	57.817	1.000
persidler			2274	1	1	57.817	1.000
personajdıń			2274	1	1	57.817	1.000
perzenti			2274	1	1	57.817	1.000
pesası			2274	1	1	57.817	1.000
pesheneli			2274	1	1	57.817	1.000
peterburg			2274	1	1	57.817	1.000
peterburgtan			2274	1	1	57.817	1.000
pifagor			2274	1	1	57.817	1.000
pikalı			2274	1	1	57.817	1.000
pikirinen			2274	1	1	57.817	1.000
pikirli			2274	1	1	57.817	1.000
pil			2274	1	1	57.817	1.000
pingvin			2274	1	1	57.817	1.000
pishken			2274	1	1	57.817	1.000
pitimge			2274	1	1	57.817	1.000
pitken			2274	1	1	57.817	1.000
pitkergen			2274	1	1	57.817	1.000
pitkergennen			2274	1	1	57.817	1.000
pitkeriwine			2274	1	1	57.817	1.000
pitkermegen			2274	1	1	57.817	1.000
place			2274	1	1	57.817	1.000
plakat			2274	1	1	57.817	1.000
planetada			2274	1	1	57.817	1.000
platon			2274	1	1	57.817	1.000
poema			2274	1	1	57.817	1.000
poemalar			2274	1	1	57.817	1.000
poeziyanıń			2274	1	1	57.817	1.000
poeziyasın			2274	1	1	57.817	1.000
poeziyaǵa			2274	1	1	57.817	1.000
polat			2274	1	1	57.817	1.000
politexnika			2274	1	1	57.817	1.000
politsiya			2274	1	1	57.817	1.000
polo			2274	1	1	57.817	1.000
polyuste			2274	1	1	57.817	1.000
pomestieine			2274	1	1	57.817	1.000
portı			2274	1	1	57.817	1.000
poselkasında			2274	1	1	57.817	1.000
poziciyası			2274	1	1	57.817	1.000
pozitsiyalardı			2274	1	1	57.817	1.000
prakritalar			2274	1	1	57.817	1.000
praktika			2274	1	1	57.817	1.000
predmetler			2274	1	1	57.817	1.000
premyerası			2274	1	1	57.817	1.000
prezident			2274	1	1	57.817	1.000
priborlar			2274	1	1	57.817	1.000
primatologiya			2274	1	1	57.817	1.000
principi			2274	1	1	57.817	1.000
problemaları			2274	1	1	57.817	1.000
procentten			2274	1	1	57.817	1.000
procesinde			2274	1	1	57.817	1.000
proceste			2274	1	1	57.817	1.000
prof			2274	1	1	57.817	1.000
progressiv			2274	1	1	57.817	1.000
prokatı			2274	1	1	57.817	1.000
proteomika			2274	1	1	57.817	1.000
protsecleri			2274	1	1	57.817	1.000
proza			2274	1	1	57.817	1.000
pskovqa			2274	1	1	57.817	1.000
ptolomey			2274	1	1	57.817	1.000
puflama			2274	1	1	57.817	1.000
punkti			2274	1	1	57.817	1.000
puqaralardı			2274	1	1	57.817	1.000
puqarası			2274	1	1	57.817	1.000
puqarasına			2274	1	1	57.817	1.000
pushkindi			2274	1	1	57.817	1.000
putalıqlar			2274	1	1	57.817	1.000
putin			2274	1	1	57.817	1.000
putkil			2274	1	1	57.817	1.000
pyotr			2274	1	1	57.817	1.000
pyotrdıń			2274	1	1	57.817	1.000
pyotrge			2274	1	1	57.817	1.000
pyotrǵa			2274	1	1	57.817	1.000
pánge			2274	1	1	57.817	1.000
pánje			2274	1	1	57.817	1.000
pánjesine			2274	1	1	57.817	1.000
pánler			2274	1	1	57.817	1.000
páriy			2274	1	1	57.817	1.000
pás			2274	1	1	57.817	1.000
pát			2274	1	1	57.817	1.000
pútini			2274	1	1	57.817	1.000
pútkúl			2274	1	1	57.817	1.000
pıshıqtıń			2274	1	1	57.817	1.000
qabala			2274	1	1	57.817	1.000
qabilov			2274	1	1	57.817	1.000
qabılladı			2274	1	1	57.817	1.000
qabıllandı			2274	1	1	57.817	1.000
qabıllaydı			2274	1	1	57.817	1.000
qadim			2274	1	1	57.817	1.000
qaharamanlarınan			2274	1	1	57.817	1.000
qaharmanı			2274	1	1	57.817	1.000
qalaların			2274	1	1	57.817	1.000
qalalarınan			2274	1	1	57.817	1.000
qalalarında			2274	1	1	57.817	1.000
qalasań			2274	1	1	57.817	1.000
qalashasınıń			2274	1	1	57.817	1.000
qalashaǵa			2274	1	1	57.817	1.000
qaldıq			2274	1	1	57.817	1.000
qaldıqlarınıń			2274	1	1	57.817	1.000
qaldıra			2274	1	1	57.817	1.000
qaldırıwǵa			2274	1	1	57.817	1.000
qaldıǵı			2274	1	1	57.817	1.000
qalgan			2274	1	1	57.817	1.000
qalila			2274	1	1	57.817	1.000
qalpaq			2274	1	1	57.817	1.000
qalsa			2274	1	1	57.817	1.000
qalıwdıń			2274	1	1	57.817	1.000
qalıń			2274	1	1	57.817	1.000
qalıńlıǵın			2274	1	1	57.817	1.000
qambar			2274	1	1	57.817	1.000
qamshılar			2274	1	1	57.817	1.000
qanaatlandıra			2274	1	1	57.817	1.000
qandayda			2274	1	1	57.817	1.000
qandaydı			2274	1	1	57.817	1.000
qandı			2274	1	1	57.817	1.000
qanjar			2274	1	1	57.817	1.000
qanlıkól			2274	1	1	57.817	1.000
qanlıkólde			2274	1	1	57.817	1.000
qanshelli			2274	1	1	57.817	1.000
qapalanǵan			2274	1	1	57.817	1.000
qaplan			2274	1	1	57.817	1.000
qaplaǵan			2274	1	1	57.817	1.000
qar			2274	1	1	57.817	1.000
qarabaqtaǵı			2274	1	1	57.817	1.000
qarabaxanaları			2274	1	1	57.817	1.000
qarabaǵiy			2274	1	1	57.817	1.000
qaraev			2274	1	1	57.817	1.000
qaraladı			2274	1	1	57.817	1.000
qaralatuǵın			2274	1	1	57.817	1.000
qaramal			2274	1	1	57.817	1.000
qaranı			2274	1	1	57.817	1.000
qaranǵı			2274	1	1	57.817	1.000
qaranǵılıq			2274	1	1	57.817	1.000
qaraqalpaqfilm			2274	1	1	57.817	1.000
qaraqalpaqlardaǵı			2274	1	1	57.817	1.000
qaraqalpaqsha			2274	1	1	57.817	1.000
qaraqalpaqshaǵa			2274	1	1	57.817	1.000
qaraqalpaqstanı			2274	1	1	57.817	1.000
qaraqalpaqtadı			2274	1	1	57.817	1.000
qaraqalpaqtıń			2274	1	1	57.817	1.000
qaraqshılıqqa			2274	1	1	57.817	1.000
qaraqum			2274	1	1	57.817	1.000
qararı			2274	1	1	57.817	1.000
qaraslarında			2274	1	1	57.817	1.000
qarasta			2274	1	1	57.817	1.000
qaratadı			2274	1	1	57.817	1.000
qaratılǵan			2274	1	1	57.817	1.000
qarawǵa			2274	1	1	57.817	1.000
qarań			2274	1	1	57.817	1.000
qarańız			2274	1	1	57.817	1.000
qardaralı			2274	1	1	57.817	1.000
qarjılandırıwdıń			2274	1	1	57.817	1.000
qarjılarına			2274	1	1	57.817	1.000
qarqara			2274	1	1	57.817	1.000
qarsılıqlardı			2274	1	1	57.817	1.000
qartayǵan			2274	1	1	57.817	1.000
qartayǵanda			2274	1	1	57.817	1.000
qartayǵanlıq			2274	1	1	57.817	1.000
qarım			2274	1	1	57.817	1.000
qasas			2274	1	1	57.817	1.000
qashan			2274	1	1	57.817	1.000
qaslı			2274	1	1	57.817	1.000
qasında			2274	1	1	57.817	1.000
qatallıq			2274	1	1	57.817	1.000
qatardan			2274	1	1	57.817	1.000
qatarında			2274	1	1	57.817	1.000
qatarıńnan			2274	1	1	57.817	1.000
qatarǵa			2274	1	1	57.817	1.000
qatlam			2274	1	1	57.817	1.000
qatlamlı			2274	1	1	57.817	1.000
qatnap			2274	1	1	57.817	1.000
qatnasa			2274	1	1	57.817	1.000
qatnaslardıń			2274	1	1	57.817	1.000
qatnasların			2274	1	1	57.817	1.000
qatnaspaǵanın			2274	1	1	57.817	1.000
qatnasta			2274	1	1	57.817	1.000
qatnastı			2274	1	1	57.817	1.000
qatnasın			2274	1	1	57.817	1.000
qatnasıqların			2274	1	1	57.817	1.000
qatnasıqta			2274	1	1	57.817	1.000
qatnasıw			2274	1	1	57.817	1.000
qatnasıwshıları			2274	1	1	57.817	1.000
qatnasıwshısı			2274	1	1	57.817	1.000
qatnasıwın			2274	1	1	57.817	1.000
qatnaydı			2274	1	1	57.817	1.000
qatran			2274	1	1	57.817	1.000
qavus			2274	1	1	57.817	1.000
qavustan			2274	1	1	57.817	1.000
qawın			2274	1	1	57.817	1.000
qaynana			2274	1	1	57.817	1.000
qays			2274	1	1	57.817	1.000
qaytadan			2274	1	1	57.817	1.000
qaytalaydı			2274	1	1	57.817	1.000
qaytarmaw			2274	1	1	57.817	1.000
qaytarıw			2274	1	1	57.817	1.000
qaytarıwıńız			2274	1	1	57.817	1.000
qaytpawı			2274	1	1	57.817	1.000
qaytqan			2274	1	1	57.817	1.000
qayıq			2274	1	1	57.817	1.000
qayıqlarda			2274	1	1	57.817	1.000
qayıs			2274	1	1	57.817	1.000
qaza			2274	1	1	57.817	1.000
qazaqdárya			2274	1	1	57.817	1.000
qazaqlar			2274	1	1	57.817	1.000
qazaqstandaǵı			2274	1	1	57.817	1.000
qazaqtıń			2274	1	1	57.817	1.000
qazı			2274	1	1	57.817	1.000
qazılarınan			2274	1	1	57.817	1.000
qazılmaları			2274	1	1	57.817	1.000
qaǵazdıń			2274	1	1	57.817	1.000
qaǵazǵa			2274	1	1	57.817	1.000
qaǵıptı			2274	1	1	57.817	1.000
qaǵıydaları			2274	1	1	57.817	1.000
qisletinen			2274	1	1	57.817	1.000
qiz			2274	1	1	57.817	1.000
qizi			2274	1	1	57.817	1.000
qobustan			2274	1	1	57.817	1.000
qojar			2274	1	1	57.817	1.000
qojban			2274	1	1	57.817	1.000
qolayǵa			2274	1	1	57.817	1.000
qoljazbalar			2274	1	1	57.817	1.000
qoljazbaların			2274	1	1	57.817	1.000
qoljazbalarınıń			2274	1	1	57.817	1.000
qollanba			2274	1	1	57.817	1.000
qollanbaǵan			2274	1	1	57.817	1.000
qollanılǵan			2274	1	1	57.817	1.000
qollap			2274	1	1	57.817	1.000
qollasa			2274	1	1	57.817	1.000
qoltıqları			2274	1	1	57.817	1.000
qoltıqshası			2274	1	1	57.817	1.000
qolı			2274	1	1	57.817	1.000
qolım			2274	1	1	57.817	1.000
qolın			2274	1	1	57.817	1.000
qolıń			2274	1	1	57.817	1.000
qolıńa			2274	1	1	57.817	1.000
qolıńızdı			2274	1	1	57.817	1.000
qonaqta			2274	1	1	57.817	1.000
qonımlı			2274	1	1	57.817	1.000
qorazlardan			2274	1	1	57.817	1.000
qoriyeva			2274	1	1	57.817	1.000
qorlarınan			2274	1	1	57.817	1.000
qorqaqlıq			2274	1	1	57.817	1.000
qorqıp			2274	1	1	57.817	1.000
qorshaǵan			2274	1	1	57.817	1.000
qorında			2274	1	1	57.817	1.000
qorıqxanalar			2274	1	1	57.817	1.000
qorǵanlardıń			2274	1	1	57.817	1.000
qorǵaw			2274	1	1	57.817	1.000
qorǵawshı			2274	1	1	57.817	1.000
qorǵawı			2274	1	1	57.817	1.000
qorǵawǵa			2274	1	1	57.817	1.000
qos			2274	1	1	57.817	1.000
qoshqarbay			2274	1	1	57.817	1.000
qoshqarbaydıń			2274	1	1	57.817	1.000
qosim			2274	1	1	57.817	1.000
qosjetpes			2274	1	1	57.817	1.000
qosqanı			2274	1	1	57.817	1.000
qossa			2274	1	1	57.817	1.000
qostamǵalı			2274	1	1	57.817	1.000
qostı			2274	1	1	57.817	1.000
qosıldı			2274	1	1	57.817	1.000
qosılsa			2274	1	1	57.817	1.000
qosılǵan			2274	1	1	57.817	1.000
qosılǵanın			2274	1	1	57.817	1.000
qosıqlardan			2274	1	1	57.817	1.000
qosıqlardı			2274	1	1	57.817	1.000
qosıqlarına			2274	1	1	57.817	1.000
qosıqlarındaǵıday			2274	1	1	57.817	1.000
qosıqlarının			2274	1	1	57.817	1.000
qosıqqa			2274	1	1	57.817	1.000
qosıqshı			2274	1	1	57.817	1.000
qosıqshılardıń			2274	1	1	57.817	1.000
qosıqta			2274	1	1	57.817	1.000
qosıqtıń			2274	1	1	57.817	1.000
qosıǵınan			2274	1	1	57.817	1.000
qoya			2274	1	1	57.817	1.000
qoyadı			2274	1	1	57.817	1.000
qoydı			2274	1	1	57.817	1.000
qoymadı			2274	1	1	57.817	1.000
qoyılmalar			2274	1	1	57.817	1.000
qoyılmasın			2274	1	1	57.817	1.000
qoyılǵan			2274	1	1	57.817	1.000
qoyımshılıǵı			2274	1	1	57.817	1.000
qoyımshılıǵına			2274	1	1	57.817	1.000
qoyıw			2274	1	1	57.817	1.000
qozǵalańına			2274	1	1	57.817	1.000
qozǵaltıwın			2274	1	1	57.817	1.000
qońsılas			2274	1	1	57.817	1.000
qońıratta			2274	1	1	57.817	1.000
qublası			2274	1	1	57.817	1.000
qublasında			2274	1	1	57.817	1.000
qublasındaǵı			2274	1	1	57.817	1.000
quda			2274	1	1	57.817	1.000
qudasha			2274	1	1	57.817	1.000
qudaydıń			2274	1	1	57.817	1.000
qudaylarǵa			2274	1	1	57.817	1.000
qudaytalanıń			2274	1	1	57.817	1.000
qulan			2274	1	1	57.817	1.000
quldı			2274	1	1	57.817	1.000
qullardıń			2274	1	1	57.817	1.000
qulqındaǵı			2274	1	1	57.817	1.000
qulıq			2274	1	1	57.817	1.000
qum			2274	1	1	57.817	1.000
qumlı			2274	1	1	57.817	1.000
qumǵa			2274	1	1	57.817	1.000
qun			2274	1	1	57.817	1.000
qunlı			2274	1	1	57.817	1.000
qunlılıǵı			2274	1	1	57.817	1.000
qunlıǵın			2274	1	1	57.817	1.000
qunın			2274	1	1	57.817	1.000
quraladı			2274	1	1	57.817	1.000
qurallandırıw			2274	1	1	57.817	1.000
qurallardıń			2274	1	1	57.817	1.000
quralların			2274	1	1	57.817	1.000
quralsızlandırılǵanlıǵı			2274	1	1	57.817	1.000
quran			2274	1	1	57.817	1.000
quraqım			2274	1	1	57.817	1.000
qurasatırılıwı			2274	1	1	57.817	1.000
qurastırılǵan			2274	1	1	57.817	1.000
qurastırıwdıń			2274	1	1	57.817	1.000
qurawı			2274	1	1	57.817	1.000
qurbanbay			2274	1	1	57.817	1.000
qurbaniy			2274	1	1	57.817	1.000
qurbanlıq			2274	1	1	57.817	1.000
qurbanov			2274	1	1	57.817	1.000
qurbonov			2274	1	1	57.817	1.000
qurılmalar			2274	1	1	57.817	1.000
qurılıs			2274	1	1	57.817	1.000
qurılısshı			2274	1	1	57.817	1.000
qurılısta			2274	1	1	57.817	1.000
qurılısı			2274	1	1	57.817	1.000
qurılısın			2274	1	1	57.817	1.000
qurıw			2274	1	1	57.817	1.000
qurǵaqlıq			2274	1	1	57.817	1.000
qurǵaqshılıq			2274	1	1	57.817	1.000
qurǵaqshılıqtan			2274	1	1	57.817	1.000
qurǵawı			2274	1	1	57.817	1.000
qusı			2274	1	1	57.817	1.000
qutb			2274	1	1	57.817	1.000
qutqarıp			2274	1	1	57.817	1.000
qutıladı			2274	1	1	57.817	1.000
qutılıp			2274	1	1	57.817	1.000
qutılıwı			2274	1	1	57.817	1.000
quwalap			2274	1	1	57.817	1.000
quwan			2274	1	1	57.817	1.000
quwandáryanıń			2274	1	1	57.817	1.000
quwanıshtı			2274	1	1	57.817	1.000
quwatlaydı			2274	1	1	57.817	1.000
quwatın			2274	1	1	57.817	1.000
quwlı			2274	1	1	57.817	1.000
quwsırıq			2274	1	1	57.817	1.000
quwılıp			2274	1	1	57.817	1.000
quwıp			2274	1	1	57.817	1.000
quyadı			2274	1	1	57.817	1.000
quyashtıń			2274	1	1	57.817	1.000
quymay			2274	1	1	57.817	1.000
quyıp			2274	1	1	57.817	1.000
quyıwın			2274	1	1	57.817	1.000
qábiri			2274	1	1	57.817	1.000
qádiri			2274	1	1	57.817	1.000
qádirimbet			2274	1	1	57.817	1.000
qádirli			2274	1	1	57.817	1.000
qáhárli			2274	1	1	57.817	1.000
qálem			2274	1	1	57.817	1.000
qálemge			2274	1	1	57.817	1.000
qálemine			2274	1	1	57.817	1.000
qáliplesedi			2274	1	1	57.817	1.000
qáliplesiwi			2274	1	1	57.817	1.000
qállibek			2274	1	1	57.817	1.000
qánigelerdiń			2274	1	1	57.817	1.000
qárejetler			2274	1	1	57.817	1.000
qárejetlerin			2274	1	1	57.817	1.000
qásiyetler			2274	1	1	57.817	1.000
qásiyetlerge			2274	1	1	57.817	1.000
qásiyetleri			2274	1	1	57.817	1.000
qásiyetlerine			2274	1	1	57.817	1.000
qásiyetlerinen			2274	1	1	57.817	1.000
qáte			2274	1	1	57.817	1.000
qátelespeymiz			2274	1	1	57.817	1.000
qáwim			2274	1	1	57.817	1.000
qáwimler			2274	1	1	57.817	1.000
qáwimleri			2274	1	1	57.817	1.000
qáwimlik			2274	1	1	57.817	1.000
qáwipsizligine			2274	1	1	57.817	1.000
qáwpi			2274	1	1	57.817	1.000
qıl			2274	1	1	57.817	1.000
qıla			2274	1	1	57.817	1.000
qılatuǵın			2274	1	1	57.817	1.000
qılma			2274	1	1	57.817	1.000
qılmay			2274	1	1	57.817	1.000
qılsa			2274	1	1	57.817	1.000
qılǵan			2274	1	1	57.817	1.000
qıpshaq			2274	1	1	57.817	1.000
qırımda			2274	1	1	57.817	1.000
qırǵızstan			2274	1	1	57.817	1.000
qısqalıq			2274	1	1	57.817	1.000
qısqartıw			2274	1	1	57.817	1.000
qısqasha			2274	1	1	57.817	1.000
qısqası			2274	1	1	57.817	1.000
qıssalardıń			2274	1	1	57.817	1.000
qıssalarınan			2274	1	1	57.817	1.000
qıtayda			2274	1	1	57.817	1.000
qıyalıy			2274	1	1	57.817	1.000
qıyas			2274	1	1	57.817	1.000
qıymaydı			2274	1	1	57.817	1.000
qıynaladı			2274	1	1	57.817	1.000
qıynalıwshılıq			2274	1	1	57.817	1.000
qıyratılıwı			2274	1	1	57.817	1.000
qıyınlasadı			2274	1	1	57.817	1.000
qıyınlasıwına			2274	1	1	57.817	1.000
qıyınshılıq			2274	1	1	57.817	1.000
qıyınshılıqların			2274	1	1	57.817	1.000
qıyıp			2274	1	1	57.817	1.000
qızlardı			2274	1	1	57.817	1.000
qızlarınan			2274	1	1	57.817	1.000
qızlı			2274	1	1	57.817	1.000
qızın			2274	1	1	57.817	1.000
qızınıń			2274	1	1	57.817	1.000
qızıqqan			2274	1	1	57.817	1.000
qızıńqırap			2274	1	1	57.817	1.000
qızǵa			2274	1	1	57.817	1.000
rabiyanıń			2274	1	1	57.817	1.000
rabochiy			2274	1	1	57.817	1.000
radio			2274	1	1	57.817	1.000
radioelektron			2274	1	1	57.817	1.000
radioesittiriw			2274	1	1	57.817	1.000
radioesittiriwi			2274	1	1	57.817	1.000
radiosı			2274	1	1	57.817	1.000
radjasa			2274	1	1	57.817	1.000
rahim			2274	1	1	57.817	1.000
rahimov			2274	1	1	57.817	1.000
rasul			2274	1	1	57.817	1.000
ratsionallıq			2274	1	1	57.817	1.000
rawajlanadı			2274	1	1	57.817	1.000
rawajlandırdı			2274	1	1	57.817	1.000
rawajlandırǵan			2274	1	1	57.817	1.000
raxsh			2274	1	1	57.817	1.000
raxshtı			2274	1	1	57.817	1.000
rayon			2274	1	1	57.817	1.000
rayonlarına			2274	1	1	57.817	1.000
rayonlarındaǵı			2274	1	1	57.817	1.000
rayonındaǵı			2274	1	1	57.817	1.000
rayxan			2274	1	1	57.817	1.000
rayına			2274	1	1	57.817	1.000
razı			2274	1	1	57.817	1.000
real			2274	1	1	57.817	1.000
realist			2274	1	1	57.817	1.000
realizm			2274	1	1	57.817	1.000
reallıq			2274	1	1	57.817	1.000
reje			2274	1	1	57.817	1.000
rejelerden			2274	1	1	57.817	1.000
rejeni			2274	1	1	57.817	1.000
rejissyorlar			2274	1	1	57.817	1.000
rekonstruktsiyalaw			2274	1	1	57.817	1.000
repertuarına			2274	1	1	57.817	1.000
repertuarında			2274	1	1	57.817	1.000
respublikada			2274	1	1	57.817	1.000
respublikalıq			2274	1	1	57.817	1.000
respublikamızdıń			2274	1	1	57.817	1.000
respublikasında			2274	1	1	57.817	1.000
resurslardı			2274	1	1	57.817	1.000
resursların			2274	1	1	57.817	1.000
resursı			2274	1	1	57.817	1.000
resuruların			2274	1	1	57.817	1.000
retlestiriwshi			2274	1	1	57.817	1.000
reyimsiz			2274	1	1	57.817	1.000
right			2274	1	1	57.817	1.000
rigvedá			2274	1	1	57.817	1.000
rintvedadan			2274	1	1	57.817	1.000
rituallar			2274	1	1	57.817	1.000
rituallıq			2274	1	1	57.817	1.000
rizayev			2274	1	1	57.817	1.000
rizo			2274	1	1	57.817	1.000
rizonıń			2274	1	1	57.817	1.000
rizoquliev			2274	1	1	57.817	1.000
rodionovna			2274	1	1	57.817	1.000
romandı			2274	1	1	57.817	1.000
romanlarına			2274	1	1	57.817	1.000
romantik			2274	1	1	57.817	1.000
romanı			2274	1	1	57.817	1.000
romanın			2274	1	1	57.817	1.000
romanında			2274	1	1	57.817	1.000
rooseveltke			2274	1	1	57.817	1.000
rossiyada			2274	1	1	57.817	1.000
rossiyadan			2274	1	1	57.817	1.000
rossiyası			2274	1	1	57.817	1.000
ruda			2274	1	1	57.817	1.000
rudası			2274	1	1	57.817	1.000
ruhlandırdı			2274	1	1	57.817	1.000
ruslan			2274	1	1	57.817	1.000
ruslar			2274	1	1	57.817	1.000
rustamnıń			2274	1	1	57.817	1.000
ruwlardıń			2274	1	1	57.817	1.000
ruwı			2274	1	1	57.817	1.000
ruwınan			2274	1	1	57.817	1.000
ruxsat			2274	1	1	57.817	1.000
ruxullo			2274	1	1	57.817	1.000
ruzvelt			2274	1	1	57.817	1.000
ráwiyatlar			2274	1	1	57.817	1.000
sabaqlar			2274	1	1	57.817	1.000
sabaqları			2274	1	1	57.817	1.000
sabir			2274	1	1	57.817	1.000
sabirdiń			2274	1	1	57.817	1.000
sabırlı			2274	1	1	57.817	1.000
sabırlıq			2274	1	1	57.817	1.000
sabırlıqqa			2274	1	1	57.817	1.000
sabırlıqtı			2274	1	1	57.817	1.000
sadaqatlı			2274	1	1	57.817	1.000
saddi			2274	1	1	57.817	1.000
safaliq			2274	1	1	57.817	1.000
safaviyler			2274	1	1	57.817	1.000
saib			2274	1	1	57.817	1.000
said			2274	1	1	57.817	1.000
sala			2274	1	1	57.817	1.000
salalarınıń			2274	1	1	57.817	1.000
salamatlıq			2274	1	1	57.817	1.000
salamnıń			2274	1	1	57.817	1.000
salaxov			2274	1	1	57.817	1.000
saldım			2274	1	1	57.817	1.000
salqınraq			2274	1	1	57.817	1.000
saltanatlı			2274	1	1	57.817	1.000
saltanatın			2274	1	1	57.817	1.000
salyani			2274	1	1	57.817	1.000
salı			2274	1	1	57.817	1.000
salıstırıw			2274	1	1	57.817	1.000
salıw			2274	1	1	57.817	1.000
salıwshı			2274	1	1	57.817	1.000
salǵan			2274	1	1	57.817	1.000
salǵanda			2274	1	1	57.817	1.000
samad			2274	1	1	57.817	1.000
samal			2274	1	1	57.817	1.000
samaldıń			2274	1	1	57.817	1.000
samalınıń			2274	1	1	57.817	1.000
samangan			2274	1	1	57.817	1.000
samaniyler			2274	1	1	57.817	1.000
samarqand			2274	1	1	57.817	1.000
samarqandlı			2274	1	1	57.817	1.000
samarqandqa			2274	1	1	57.817	1.000
samarqandta			2274	1	1	57.817	1.000
samarqandtaǵı			2274	1	1	57.817	1.000
samavedá			2274	1	1	57.817	1.000
samiy			2274	1	1	57.817	1.000
samsarı			2274	1	1	57.817	1.000
samur			2274	1	1	57.817	1.000
samxitler			2274	1	1	57.817	1.000
sanaattıń			2274	1	1	57.817	1.000
sanaatınıń			2274	1	1	57.817	1.000
sanaladı			2274	1	1	57.817	1.000
sanalǵan			2274	1	1	57.817	1.000
sanaǵan			2274	1	1	57.817	1.000
sankxya			2274	1	1	57.817	1.000
sankxyanıń			2274	1	1	57.817	1.000
sanları			2274	1	1	57.817	1.000
sanın			2274	1	1	57.817	1.000
sanına			2274	1	1	57.817	1.000
sanınıń			2274	1	1	57.817	1.000
sap			2274	1	1	57.817	1.000
saparda			2274	1	1	57.817	1.000
saparınan			2274	1	1	57.817	1.000
saplastırǵan			2274	1	1	57.817	1.000
saqlanbaqta			2274	1	1	57.817	1.000
saqlanbay			2274	1	1	57.817	1.000
saqlanıwı			2274	1	1	57.817	1.000
saqlanıwına			2274	1	1	57.817	1.000
saqlap			2274	1	1	57.817	1.000
saqlaw			2274	1	1	57.817	1.000
saqlawǵa			2274	1	1	57.817	1.000
saqlaydı			2274	1	1	57.817	1.000
saqıw			2274	1	1	57.817	1.000
sara			2274	1	1	57.817	1.000
saraydan			2274	1	1	57.817	1.000
saraylar			2274	1	1	57.817	1.000
sarayına			2274	1	1	57.817	1.000
sarayınan			2274	1	1	57.817	1.000
sarayǵa			2274	1	1	57.817	1.000
sarioshuq			2274	1	1	57.817	1.000
sarivelli			2274	1	1	57.817	1.000
sarkadalılar			2274	1	1	57.817	1.000
sarmat			2274	1	1	57.817	1.000
sarplanǵan			2274	1	1	57.817	1.000
sarı			2274	1	1	57.817	1.000
sarıplaǵan			2274	1	1	57.817	1.000
sarıqamıs			2274	1	1	57.817	1.000
sarǵaydım			2274	1	1	57.817	1.000
satiralıq			2274	1	1	57.817	1.000
satirashı			2274	1	1	57.817	1.000
satiraǵa			2274	1	1	57.817	1.000
sattva			2274	1	1	57.817	1.000
satıwǵa			2274	1	1	57.817	1.000
saudiya			2274	1	1	57.817	1.000
savickiy			2274	1	1	57.817	1.000
sawash			2274	1	1	57.817	1.000
sawashqa			2274	1	1	57.817	1.000
sawat			2274	1	1	57.817	1.000
sawatı			2274	1	1	57.817	1.000
sawlıǵınan			2274	1	1	57.817	1.000
sawıp			2274	1	1	57.817	1.000
sawǵa			2274	1	1	57.817	1.000
saxnalastırılǵan			2274	1	1	57.817	1.000
saxnaǵa			2274	1	1	57.817	1.000
sayaxat			2274	1	1	57.817	1.000
sayaxatshı			2274	1	1	57.817	1.000
sayaxatshılar			2274	1	1	57.817	1.000
sayaxatta			2274	1	1	57.817	1.000
sayd			2274	1	1	57.817	1.000
saylandı			2274	1	1	57.817	1.000
saylıǵı			2274	1	1	57.817	1.000
sayıpov			2274	1	1	57.817	1.000
sazende			2274	1	1	57.817	1.000
sazın			2274	1	1	57.817	1.000
schetlardaǵı			2274	1	1	57.817	1.000
sebebinen			2274	1	1	57.817	1.000
sebep			2274	1	1	57.817	1.000
sebeplerin			2274	1	1	57.817	1.000
sebepshisi			2274	1	1	57.817	1.000
segizinshi			2274	1	1	57.817	1.000
seidbeyli			2274	1	1	57.817	1.000
seksen			2274	1	1	57.817	1.000
selew			2274	1	1	57.817	1.000
selge			2274	1	1	57.817	1.000
seloda			2274	1	1	57.817	1.000
semey			2274	1	1	57.817	1.000
semid			2274	1	1	57.817	1.000
seplep			2274	1	1	57.817	1.000
ser			2274	1	1	57.817	1.000
serbaba			2274	1	1	57.817	1.000
sergeevich			2274	1	1	57.817	1.000
servis			2274	1	1	57.817	1.000
sesli			2274	1	1	57.817	1.000
sevil			2274	1	1	57.817	1.000
sevryuga			2274	1	1	57.817	1.000
seydalının			2274	1	1	57.817	1.000
seydbeyli			2274	1	1	57.817	1.000
seziledi			2274	1	1	57.817	1.000
sezimine			2274	1	1	57.817	1.000
sezimler			2274	1	1	57.817	1.000
sezimlerdi			2274	1	1	57.817	1.000
sezimlik			2274	1	1	57.817	1.000
seziw			2274	1	1	57.817	1.000
seziwlerdi			2274	1	1	57.817	1.000
seziwshilik			2274	1	1	57.817	1.000
sezler			2274	1	1	57.817	1.000
shadimúlkti			2274	1	1	57.817	1.000
shadimúlktiń			2274	1	1	57.817	1.000
shahrux			2274	1	1	57.817	1.000
shaki			2274	1	1	57.817	1.000
shala			2274	1	1	57.817	1.000
shama			2274	1	1	57.817	1.000
shamalası			2274	1	1	57.817	1.000
shamalawǵa			2274	1	1	57.817	1.000
shamasında			2274	1	1	57.817	1.000
shamshir			2274	1	1	57.817	1.000
shappat			2274	1	1	57.817	1.000
shaqqan			2274	1	1	57.817	1.000
shaqırdı			2274	1	1	57.817	1.000
shaqırıqtı			2274	1	1	57.817	1.000
shaqırǵn			2274	1	1	57.817	1.000
sharayatlarda			2274	1	1	57.817	1.000
sharında			2274	1	1	57.817	1.000
sharınıń			2274	1	1	57.817	1.000
shashılǵan			2274	1	1	57.817	1.000
shashıp			2274	1	1	57.817	1.000
shataq			2274	1	1	57.817	1.000
shauding			2274	1	1	57.817	1.000
shaxmat			2274	1	1	57.817	1.000
shaxnamanı			2274	1	1	57.817	1.000
shaxruq			2274	1	1	57.817	1.000
shaxs			2274	1	1	57.817	1.000
shaxsánem			2274	1	1	57.817	1.000
shaxzada			2274	1	1	57.817	1.000
shaxzadalardıń			2274	1	1	57.817	1.000
shaxzadaları			2274	1	1	57.817	1.000
shaxzadalarınan			2274	1	1	57.817	1.000
shay			2274	1	1	57.817	1.000
shayı			2274	1	1	57.817	1.000
shayırlardan			2274	1	1	57.817	1.000
shayırlardı			2274	1	1	57.817	1.000
shayırlarınan			2274	1	1	57.817	1.000
shayırlarında			2274	1	1	57.817	1.000
shayırlıǵı			2274	1	1	57.817	1.000
shayırnizami			2274	1	1	57.817	1.000
shayırshılıq			2274	1	1	57.817	1.000
shayırshılıqqa			2274	1	1	57.817	1.000
shayırshılıqtı			2274	1	1	57.817	1.000
shayırınıń			2274	1	1	57.817	1.000
shańaraqları			2274	1	1	57.817	1.000
shańaraqtan			2274	1	1	57.817	1.000
shańaraǵında			2274	1	1	57.817	1.000
shaǵına			2274	1	1	57.817	1.000
shaǵında			2274	1	1	57.817	1.000
shchusev			2274	1	1	57.817	1.000
sheberi			2274	1	1	57.817	1.000
sheberlerinen			2274	1	1	57.817	1.000
sheberlik			2274	1	1	57.817	1.000
shegara			2274	1	1	57.817	1.000
shegaraları			2274	1	1	57.817	1.000
shegaralarǵa			2274	1	1	57.817	1.000
shegiwden			2274	1	1	57.817	1.000
shegiwine			2274	1	1	57.817	1.000
sheki			2274	1	1	57.817	1.000
shekti			2274	1	1	57.817	1.000
shemaxa			2274	1	1	57.817	1.000
sheraziydiń			2274	1	1	57.817	1.000
shertip			2274	1	1	57.817	1.000
sherǵazı			2274	1	1	57.817	1.000
sheshen			2274	1	1	57.817	1.000
sheshimine			2274	1	1	57.817	1.000
sheshiminiń			2274	1	1	57.817	1.000
sheship			2274	1	1	57.817	1.000
sheshiwshi			2274	1	1	57.817	1.000
shetine			2274	1	1	57.817	1.000
shetletilip			2274	1	1	57.817	1.000
sheńberiniń			2274	1	1	57.817	1.000
shi			2274	1	1	57.817	1.000
shigarmaları			2274	1	1	57.817	1.000
shigarmalarında			2274	1	1	57.817	1.000
shina			2274	1	1	57.817	1.000
shirkew			2274	1	1	57.817	1.000
shirvan			2274	1	1	57.817	1.000
shirvanshahlar			2274	1	1	57.817	1.000
shirwan			2274	1	1	57.817	1.000
shiyki			2274	1	1	57.817	1.000
shomanay			2274	1	1	57.817	1.000
shomilov			2274	1	1	57.817	1.000
shoqqı			2274	1	1	57.817	1.000
shoqqılarınıń			2274	1	1	57.817	1.000
shoqqısı			2274	1	1	57.817	1.000
shor			2274	1	1	57.817	1.000
shorlanıwı			2274	1	1	57.817	1.000
shoro			2274	1	1	57.817	1.000
shoshqa			2274	1	1	57.817	1.000
shri			2274	1	1	57.817	1.000
shumer			2274	1	1	57.817	1.000
shuqır			2274	1	1	57.817	1.000
shushadagi			2274	1	1	57.817	1.000
shuǵıllandı			2274	1	1	57.817	1.000
shuǵıllanıladı			2274	1	1	57.817	1.000
shuǵıllanıwın			2274	1	1	57.817	1.000
shuǵıllanǵan			2274	1	1	57.817	1.000
shveycariyada			2274	1	1	57.817	1.000
shákirtleri			2274	1	1	57.817	1.000
shákirttke			2274	1	1	57.817	1.000
shárt			2274	1	1	57.817	1.000
shártler			2274	1	1	57.817	1.000
shártleri			2274	1	1	57.817	1.000
shártlerin			2274	1	1	57.817	1.000
shártnamalar			2274	1	1	57.817	1.000
shártnamanı			2274	1	1	57.817	1.000
shártnamasına			2274	1	1	57.817	1.000
shárwashılıq			2274	1	1	57.817	1.000
sháwketli			2274	1	1	57.817	1.000
shólde			2274	1	1	57.817	1.000
shólistanlıqlardı			2274	1	1	57.817	1.000
shólistanlıqtıń			2274	1	1	57.817	1.000
shólistanlıǵı			2274	1	1	57.817	1.000
shólistanlıǵınıń			2274	1	1	57.817	1.000
shólkemi			2274	1	1	57.817	1.000
shólkemlerge			2274	1	1	57.817	1.000
shólkemlestirgende			2274	1	1	57.817	1.000
shólkemlestirilgen			2274	1	1	57.817	1.000
shólkemlestirilip			2274	1	1	57.817	1.000
shóllerinde			2274	1	1	57.817	1.000
shılpıqtıń			2274	1	1	57.817	1.000
shımbay			2274	1	1	57.817	1.000
shınjır			2274	1	1	57.817	1.000
shınjırma			2274	1	1	57.817	1.000
shınlıq			2274	1	1	57.817	1.000
shıqan			2274	1	1	57.817	1.000
shıqpaydı			2274	1	1	57.817	1.000
shıqpaǵan			2274	1	1	57.817	1.000
shıqqanda			2274	1	1	57.817	1.000
shıqqanlardı			2274	1	1	57.817	1.000
shıqqanlıǵın			2274	1	1	57.817	1.000
shıqsań			2274	1	1	57.817	1.000
shıraqqala			2274	1	1	57.817	1.000
shıray			2274	1	1	57.817	1.000
shıraǵım			2274	1	1	57.817	1.000
shıńlardı			2274	1	1	57.817	1.000
shıǵar			2274	1	1	57.817	1.000
shıǵara			2274	1	1	57.817	1.000
shıǵardı			2274	1	1	57.817	1.000
shıǵarmadan			2274	1	1	57.817	1.000
shıǵarmalardan			2274	1	1	57.817	1.000
shıǵarmalardı			2274	1	1	57.817	1.000
shıǵarmalardıń			2274	1	1	57.817	1.000
shıǵarmanıń			2274	1	1	57.817	1.000
shıǵarması			2274	1	1	57.817	1.000
shıǵarmasında			2274	1	1	57.817	1.000
shıǵarıladı			2274	1	1	57.817	1.000
shıǵarıldı			2274	1	1	57.817	1.000
shıǵarıwdıń			2274	1	1	57.817	1.000
shıǵarıwshı			2274	1	1	57.817	1.000
shıǵarǵanda			2274	1	1	57.817	1.000
shıǵatuǵınlıǵın			2274	1	1	57.817	1.000
shıǵrmalarınıń			2274	1	1	57.817	1.000
shıǵıldı			2274	1	1	57.817	1.000
shıǵıstaǵı			2274	1	1	57.817	1.000
shıǵıstıń			2274	1	1	57.817	1.000
shıǵıw			2274	1	1	57.817	1.000
shıǵıwı			2274	1	1	57.817	1.000
shıǵıwına			2274	1	1	57.817	1.000
shıǵıwınan			2274	1	1	57.817	1.000
siltemeler			2274	1	1	57.817	1.000
simfoniyaları			2274	1	1	57.817	1.000
sina			2274	1	1	57.817	1.000
singapur			2274	1	1	57.817	1.000
sintetikalıq			2274	1	1	57.817	1.000
sionizm			2274	1	1	57.817	1.000
siriya			2274	1	1	57.817	1.000
sistemadan			2274	1	1	57.817	1.000
sistemalardıń			2274	1	1	57.817	1.000
sistemanı			2274	1	1	57.817	1.000
siyasatı			2274	1	1	57.817	1.000
siyrek			2274	1	1	57.817	1.000
sizde			2274	1	1	57.817	1.000
sizden			2274	1	1	57.817	1.000
sizge			2274	1	1	57.817	1.000
sińip			2274	1	1	57.817	1.000
sińirgen			2274	1	1	57.817	1.000
skluptor			2274	1	1	57.817	1.000
socialistlik			2274	1	1	57.817	1.000
sociallıq			2274	1	1	57.817	1.000
soda			2274	1	1	57.817	1.000
sohilida			2274	1	1	57.817	1.000
sokrat			2274	1	1	57.817	1.000
son			2274	1	1	57.817	1.000
sondaymız			2274	1	1	57.817	1.000
sonlıqtan			2274	1	1	57.817	1.000
sonlıqtanda			2274	1	1	57.817	1.000
sonshama			2274	1	1	57.817	1.000
soqlıǵısıw			2274	1	1	57.817	1.000
soqlıǵısıwlar			2274	1	1	57.817	1.000
soqlıǵısıwǵa			2274	1	1	57.817	1.000
soqır			2274	1	1	57.817	1.000
sora			2274	1	1	57.817	1.000
sorawlardı			2274	1	1	57.817	1.000
sorawlarınan			2274	1	1	57.817	1.000
soraǵan			2274	1	1	57.817	1.000
sorkól			2274	1	1	57.817	1.000
sotsializm			2274	1	1	57.817	1.000
sozadı			2274	1	1	57.817	1.000
sońın			2274	1	1	57.817	1.000
sońında			2274	1	1	57.817	1.000
sparta			2274	1	1	57.817	1.000
spektakllerdi			2274	1	1	57.817	1.000
spektakllerin			2274	1	1	57.817	1.000
spinoza			2274	1	1	57.817	1.000
sporalılar			2274	1	1	57.817	1.000
sporovikleriniń			2274	1	1	57.817	1.000
sport			2274	1	1	57.817	1.000
ssr			2274	1	1	57.817	1.000
sssr			2274	1	1	57.817	1.000
stanciya			2274	1	1	57.817	1.000
stanciyalarında			2274	1	1	57.817	1.000
stanciyası			2274	1	1	57.817	1.000
stanok			2274	1	1	57.817	1.000
strukturalarına			2274	1	1	57.817	1.000
strukturası			2274	1	1	57.817	1.000
strukturasın			2274	1	1	57.817	1.000
subalp			2274	1	1	57.817	1.000
subektlerine			2274	1	1	57.817	1.000
substantsiyanı			2274	1	1	57.817	1.000
suddxartxa			2274	1	1	57.817	1.000
suez			2274	1	1	57.817	1.000
sufiy			2274	1	1	57.817	1.000
suhrabtı			2274	1	1	57.817	1.000
sulayman			2274	1	1	57.817	1.000
sultanınıń			2274	1	1	57.817	1.000
sulıw			2274	1	1	57.817	1.000
sulıwlıq			2274	1	1	57.817	1.000
sumgaittaǵı			2274	1	1	57.817	1.000
summası			2274	1	1	57.817	1.000
surnay			2274	1	1	57.817	1.000
suverenitetiń			2274	1	1	57.817	1.000
suwretke			2274	1	1	57.817	1.000
suwǵarılatuǵın			2274	1	1	57.817	1.000
suxrab			2274	1	1	57.817	1.000
suxravardiy			2274	1	1	57.817	1.000
svetlov			2274	1	1	57.817	1.000
syujet			2274	1	1	57.817	1.000
syujetler			2274	1	1	57.817	1.000
syujetleri			2274	1	1	57.817	1.000
sál			2274	1	1	57.817	1.000
sálem			2274	1	1	57.817	1.000
sálemberdik			2274	1	1	57.817	1.000
sálemińdi			2274	1	1	57.817	1.000
sátli			2274	1	1	57.817	1.000
sáwlelendirdi			2274	1	1	57.817	1.000
sáwlelendiredi			2274	1	1	57.817	1.000
sáwlelendirgen			2274	1	1	57.817	1.000
sáwlelendirilgen			2274	1	1	57.817	1.000
sáwlelengen			2274	1	1	57.817	1.000
sáńgirbay			2274	1	1	57.817	1.000
sóngen			2274	1	1	57.817	1.000
sóyle			2274	1	1	57.817	1.000
sóylegendegi			2274	1	1	57.817	1.000
sóylep			2274	1	1	57.817	1.000
sóylese			2274	1	1	57.817	1.000
sóylesiw			2274	1	1	57.817	1.000
sóylesiwde			2274	1	1	57.817	1.000
sóylesken			2274	1	1	57.817	1.000
sóylew			2274	1	1	57.817	1.000
sózde			2274	1	1	57.817	1.000
sózden			2274	1	1	57.817	1.000
sózdi			2274	1	1	57.817	1.000
sóziniń			2274	1	1	57.817	1.000
sózlerdiń			2274	1	1	57.817	1.000
sózlikler			2274	1	1	57.817	1.000
sózsiz			2274	1	1	57.817	1.000
söyle			2274	1	1	57.817	1.000
súrgin			2274	1	1	57.817	1.000
súrginge			2274	1	1	57.817	1.000
súrginnen			2274	1	1	57.817	1.000
súrilgen			2274	1	1	57.817	1.000
súrme			2274	1	1	57.817	1.000
sút			2274	1	1	57.817	1.000
sútke			2274	1	1	57.817	1.000
súwreti			2274	1	1	57.817	1.000
súwretlegen			2274	1	1	57.817	1.000
súwretlemeleriniń			2274	1	1	57.817	1.000
súwretlengende			2274	1	1	57.817	1.000
súwretleniw			2274	1	1	57.817	1.000
súwretleniwin			2274	1	1	57.817	1.000
súwretlerde			2274	1	1	57.817	1.000
súwretleytuǵın			2274	1	1	57.817	1.000
súwretshilik			2274	1	1	57.817	1.000
súyegi			2274	1	1	57.817	1.000
súyekleri			2274	1	1	57.817	1.000
súyeklerin			2274	1	1	57.817	1.000
súyengende			2274	1	1	57.817	1.000
súygishlikke			2274	1	1	57.817	1.000
súyip			2274	1	1	57.817	1.000
súyiw			2274	1	1	57.817	1.000
súyiwshilik			2274	1	1	57.817	1.000
súykelip			2274	1	1	57.817	1.000
súylin			2274	1	1	57.817	1.000
súymese			2274	1	1	57.817	1.000
súymesin			2274	1	1	57.817	1.000
sı			2274	1	1	57.817	1.000
sınap			2274	1	1	57.817	1.000
sınaqtanda			2274	1	1	57.817	1.000
sınǵa			2274	1	1	57.817	1.000
sıpatlamalardıń			2274	1	1	57.817	1.000
sıpatlamalarına			2274	1	1	57.817	1.000
sıpatlar			2274	1	1	57.817	1.000
sıpatlarǵa			2274	1	1	57.817	1.000
sıpatlı			2274	1	1	57.817	1.000
sıpatı			2274	1	1	57.817	1.000
sıpatındaǵı			2274	1	1	57.817	1.000
sırdáryanı			2274	1	1	57.817	1.000
sırdáryanıń			2274	1	1	57.817	1.000
sırtınan			2274	1	1	57.817	1.000
sıyasıy			2274	1	1	57.817	1.000
sıylasıq			2274	1	1	57.817	1.000
sıylıǵın			2274	1	1	57.817	1.000
sıymaydı			2274	1	1	57.817	1.000
sıypalaydı			2274	1	1	57.817	1.000
sıyınıwshıları			2274	1	1	57.817	1.000
sızıq			2274	1	1	57.817	1.000
sızıqlar			2274	1	1	57.817	1.000
sızıw			2274	1	1	57.817	1.000
sızıǵınıń			2274	1	1	57.817	1.000
sızǵan			2274	1	1	57.817	1.000
səh			2274	1	1	57.817	1.000
ta			2274	1	1	57.817	1.000
tabatuǵın			2274	1	1	57.817	1.000
tabriz			2274	1	1	57.817	1.000
tabrizdegi			2274	1	1	57.817	1.000
tabılgan			2274	1	1	57.817	1.000
tabılmaǵan			2274	1	1	57.817	1.000
tabılıwı			2274	1	1	57.817	1.000
tabıslı			2274	1	1	57.817	1.000
tabıw			2274	1	1	57.817	1.000
tabıwı			2274	1	1	57.817	1.000
tagı			2274	1	1	57.817	1.000
tailand			2274	1	1	57.817	1.000
taksonomiya			2274	1	1	57.817	1.000
talabı			2274	1	1	57.817	1.000
taladı			2274	1	1	57.817	1.000
talant			2274	1	1	57.817	1.000
talantlılıǵı			2274	1	1	57.817	1.000
talantı			2274	1	1	57.817	1.000
talantın			2274	1	1	57.817	1.000
talanǵan			2274	1	1	57.817	1.000
talapqa			2274	1	1	57.817	1.000
talas			2274	1	1	57.817	1.000
talasqan			2274	1	1	57.817	1.000
tallaw			2274	1	1	57.817	1.000
talıqlaydı			2274	1	1	57.817	1.000
tamamlanılǵannan			2274	1	1	57.817	1.000
tamamlaydı			2274	1	1	57.817	1.000
tamamlaǵan			2274	1	1	57.817	1.000
tamamlaǵannan			2274	1	1	57.817	1.000
tamaq			2274	1	1	57.817	1.000
tamasa			2274	1	1	57.817	1.000
tamashagóyler			2274	1	1	57.817	1.000
tamashagóylerge			2274	1	1	57.817	1.000
tamashalar			2274	1	1	57.817	1.000
tamashaları			2274	1	1	57.817	1.000
tan			2274	1	1	57.817	1.000
tanaw			2274	1	1	57.817	1.000
tanday			2274	1	1	57.817	1.000
tanilǵan			2274	1	1	57.817	1.000
tansıqlıǵı			2274	1	1	57.817	1.000
tanılǵan			2274	1	1	57.817	1.000
tanıstı			2274	1	1	57.817	1.000
tanıstıradı			2274	1	1	57.817	1.000
tanıstırıw			2274	1	1	57.817	1.000
tanıstırıwǵa			2274	1	1	57.817	1.000
tanıstırǵanda			2274	1	1	57.817	1.000
tanıwshılıq			2274	1	1	57.817	1.000
tanıwı			2274	1	1	57.817	1.000
tanıwınan			2274	1	1	57.817	1.000
tanıytıwǵın			2274	1	1	57.817	1.000
tapsırıldı			2274	1	1	57.817	1.000
taqmaq			2274	1	1	57.817	1.000
taqmaqlarına			2274	1	1	57.817	1.000
tar			2274	1	1	57.817	1.000
tarala			2274	1	1	57.817	1.000
taralıp			2274	1	1	57.817	1.000
taralǵan			2274	1	1	57.817	1.000
tarawlardıń			2274	1	1	57.817	1.000
tarawlarındaǵı			2274	1	1	57.817	1.000
tarawı			2274	1	1	57.817	1.000
tarawında			2274	1	1	57.817	1.000
tarawınıń			2274	1	1	57.817	1.000
tarepinen			2274	1	1	57.817	1.000
tariyx			2274	1	1	57.817	1.000
tariyxiy			2274	1	1	57.817	1.000
tariyxqa			2274	1	1	57.817	1.000
tariyxshısı			2274	1	1	57.817	1.000
tariyxsız			2274	1	1	57.817	1.000
tarmaqları			2274	1	1	57.817	1.000
tarmaqlarınan			2274	1	1	57.817	1.000
tarmaqlarǵa			2274	1	1	57.817	1.000
tarmaǵı			2274	1	1	57.817	1.000
tarqadı			2274	1	1	57.817	1.000
tarqalıwına			2274	1	1	57.817	1.000
tarqatıw			2274	1	1	57.817	1.000
tartarlıq			2274	1	1	57.817	1.000
tartılıp			2274	1	1	57.817	1.000
tartınbaǵan			2274	1	1	57.817	1.000
tartıslar			2274	1	1	57.817	1.000
tarı			2274	1	1	57.817	1.000
tarıma			2274	1	1	57.817	1.000
tarıyxı			2274	1	1	57.817	1.000
tashawız			2274	1	1	57.817	1.000
tashkent			2274	1	1	57.817	1.000
tashkentte			2274	1	1	57.817	1.000
taslanadı			2274	1	1	57.817	1.000
taslanǵannan			2274	1	1	57.817	1.000
taslap			2274	1	1	57.817	1.000
taslar			2274	1	1	57.817	1.000
taslasaq			2274	1	1	57.817	1.000
taslaǵan			2274	1	1	57.817	1.000
tastan			2274	1	1	57.817	1.000
tastıyqlanıwı			2274	1	1	57.817	1.000
tastıyıqlawshı			2274	1	1	57.817	1.000
tastıyıqlaydı			2274	1	1	57.817	1.000
tatar			2274	1	1	57.817	1.000
tatlar			2274	1	1	57.817	1.000
tawda			2274	1	1	57.817	1.000
tawdıń			2274	1	1	57.817	1.000
tawlar			2274	1	1	57.817	1.000
tawlarda			2274	1	1	57.817	1.000
tawlarıin			2274	1	1	57.817	1.000
tawlarına			2274	1	1	57.817	1.000
tawsılmaytuǵın			2274	1	1	57.817	1.000
tawınan			2274	1	1	57.817	1.000
tawında			2274	1	1	57.817	1.000
taxminanıxanım			2274	1	1	57.817	1.000
taxtakópir			2274	1	1	57.817	1.000
taxtı			2274	1	1	57.817	1.000
tayanısh			2274	1	1	57.817	1.000
tayaq			2274	1	1	57.817	1.000
tayar			2274	1	1	57.817	1.000
tayarlanadı			2274	1	1	57.817	1.000
tayarlap			2274	1	1	57.817	1.000
tayarlaǵan			2274	1	1	57.817	1.000
taymasbek			2274	1	1	57.817	1.000
taypadaǵı			2274	1	1	57.817	1.000
tayr			2274	1	1	57.817	1.000
tayshıxanǵa			2274	1	1	57.817	1.000
tayvan			2274	1	1	57.817	1.000
tayınlanadı			2274	1	1	57.817	1.000
tayınlaydı			2274	1	1	57.817	1.000
tayıp			2274	1	1	57.817	1.000
tazalaw			2274	1	1	57.817	1.000
tağısoy			2274	1	1	57.817	1.000
tańlamalı			2274	1	1	57.817	1.000
tańlanǵan			2274	1	1	57.817	1.000
tchaikovsky			2274	1	1	57.817	1.000
teatrda			2274	1	1	57.817	1.000
teatrlar			2274	1	1	57.817	1.000
teatrlarında			2274	1	1	57.817	1.000
tegis			2274	1	1	57.817	1.000
tegisliklerde			2274	1	1	57.817	1.000
teksere			2274	1	1	57.817	1.000
teksti			2274	1	1	57.817	1.000
tekstine			2274	1	1	57.817	1.000
telbe			2274	1	1	57.817	1.000
telekórsetiw			2274	1	1	57.817	1.000
telekórsetiwleri			2274	1	1	57.817	1.000
televidenie			2274	1	1	57.817	1.000
temalardaǵı			2274	1	1	57.817	1.000
temalardı			2274	1	1	57.817	1.000
teması			2274	1	1	57.817	1.000
tematikalıq			2274	1	1	57.817	1.000
temaǵa			2274	1	1	57.817	1.000
temirjol			2274	1	1	57.817	1.000
temirshinin			2274	1	1	57.817	1.000
temperaturası			2274	1	1	57.817	1.000
temurdiń			2274	1	1	57.817	1.000
tendentsiya			2274	1	1	57.817	1.000
tendentsiyalar			2274	1	1	57.817	1.000
tentektiń			2274	1	1	57.817	1.000
teoriyalardı			2274	1	1	57.817	1.000
teoriyasınıń			2274	1	1	57.817	1.000
terbenbes			2274	1	1	57.817	1.000
tereńirek			2274	1	1	57.817	1.000
tereńirekten			2274	1	1	57.817	1.000
tereńligi			2274	1	1	57.817	1.000
tereńlikten			2274	1	1	57.817	1.000
tergen			2274	1	1	57.817	1.000
terisi			2274	1	1	57.817	1.000
termelerdiń			2274	1	1	57.817	1.000
termelerin			2274	1	1	57.817	1.000
termeleriniń			2274	1	1	57.817	1.000
texnika			2274	1	1	57.817	1.000
texnikalıq			2274	1	1	57.817	1.000
tezligi			2274	1	1	57.817	1.000
teńbe			2274	1	1	57.817	1.000
teńizge			2274	1	1	57.817	1.000
teńizinde			2274	1	1	57.817	1.000
teńizinen			2274	1	1	57.817	1.000
teńizler			2274	1	1	57.817	1.000
teńizleri			2274	1	1	57.817	1.000
teńizniń			2274	1	1	57.817	1.000
teńizshisin			2274	1	1	57.817	1.000
teńlemesi			2274	1	1	57.817	1.000
the			2274	1	1	57.817	1.000
tigiwshilik			2274	1	1	57.817	1.000
tikkeley			2274	1	1	57.817	1.000
tikledi			2274	1	1	57.817	1.000
tiklegennen			2274	1	1	57.817	1.000
tiklew			2274	1	1	57.817	1.000
tilegin			2274	1	1	57.817	1.000
tilek			2274	1	1	57.817	1.000
tilekke			2274	1	1	57.817	1.000
tilindegi			2274	1	1	57.817	1.000
tilinen			2274	1	1	57.817	1.000
tiliń			2274	1	1	57.817	1.000
tiller			2274	1	1	57.817	1.000
tillerde			2274	1	1	57.817	1.000
tillerge			2274	1	1	57.817	1.000
tilleri			2274	1	1	57.817	1.000
tillerin			2274	1	1	57.817	1.000
tillerine			2274	1	1	57.817	1.000
tillerinen			2274	1	1	57.817	1.000
tipiniń			2274	1	1	57.817	1.000
tiplerine			2274	1	1	57.817	1.000
tiptegi			2274	1	1	57.817	1.000
tiresinen			2274	1	1	57.817	1.000
tirewi			2274	1	1	57.817	1.000
tirishiliktiń			2274	1	1	57.817	1.000
tisi			2274	1	1	57.817	1.000
titulı			2274	1	1	57.817	1.000
tiyetuǵın			2274	1	1	57.817	1.000
tiyip			2274	1	1	57.817	1.000
tiyislik			2274	1	1	57.817	1.000
tiykarda			2274	1	1	57.817	1.000
tiykarlanıp			2274	1	1	57.817	1.000
tiykarlanıwı			2274	1	1	57.817	1.000
tiykarlarında			2274	1	1	57.817	1.000
tiykarlańgan			2274	1	1	57.817	1.000
tiykarın			2274	1	1	57.817	1.000
tiykarındaǵı			2274	1	1	57.817	1.000
tiykarǵılarınan			2274	1	1	57.817	1.000
tiyresindegi			2274	1	1	57.817	1.000
tiyresinen			2274	1	1	57.817	1.000
tolqınları			2274	1	1	57.817	1.000
tolstoy			2274	1	1	57.817	1.000
toltırıp			2274	1	1	57.817	1.000
tolıp			2274	1	1	57.817	1.000
tolıqtırıw			2274	1	1	57.817	1.000
tolısıwı			2274	1	1	57.817	1.000
tolıǵı			2274	1	1	57.817	1.000
tolıǵıraq			2274	1	1	57.817	1.000
tolǵawlardı			2274	1	1	57.817	1.000
tom			2274	1	1	57.817	1.000
tomlıq			2274	1	1	57.817	1.000
tomnıń			2274	1	1	57.817	1.000
tomson			2274	1	1	57.817	1.000
tomı			2274	1	1	57.817	1.000
tomın			2274	1	1	57.817	1.000
tomında			2274	1	1	57.817	1.000
ton			2274	1	1	57.817	1.000
toparı			2274	1	1	57.817	1.000
toparına			2274	1	1	57.817	1.000
toplamaqshı			2274	1	1	57.817	1.000
toplamlarında			2274	1	1	57.817	1.000
toplamınan			2274	1	1	57.817	1.000
toplap			2274	1	1	57.817	1.000
toplaǵan			2274	1	1	57.817	1.000
topographic			2274	1	1	57.817	1.000
topıraq			2274	1	1	57.817	1.000
topıraqlar			2274	1	1	57.817	1.000
topıraqta			2274	1	1	57.817	1.000
topıraǵı			2274	1	1	57.817	1.000
topıraǵın			2274	1	1	57.817	1.000
toqtattı			2274	1	1	57.817	1.000
toqtatılıp			2274	1	1	57.817	1.000
toqıw			2274	1	1	57.817	1.000
torǵaydan			2274	1	1	57.817	1.000
tosınnan			2274	1	1	57.817	1.000
toyların			2274	1	1	57.817	1.000
toyınadı			2274	1	1	57.817	1.000
toyǵa			2274	1	1	57.817	1.000
toǵay			2274	1	1	57.817	1.000
toǵaylar			2274	1	1	57.817	1.000
toǵaylardı			2274	1	1	57.817	1.000
toǵuz			2274	1	1	57.817	1.000
toǵız			2274	1	1	57.817	1.000
traditsiyalar			2274	1	1	57.817	1.000
transformatorlar			2274	1	1	57.817	1.000
transport			2274	1	1	57.817	1.000
transportı			2274	1	1	57.817	1.000
transportınıń			2274	1	1	57.817	1.000
treviranus			2274	1	1	57.817	1.000
tribune			2274	1	1	57.817	1.000
trikotaj			2274	1	1	57.817	1.000
tropikler			2274	1	1	57.817	1.000
truba			2274	1	1	57.817	1.000
trubaları			2274	1	1	57.817	1.000
trubası			2274	1	1	57.817	1.000
tsarskoye			2274	1	1	57.817	1.000
tsiklin			2274	1	1	57.817	1.000
tszi			2274	1	1	57.817	1.000
tujırımlı			2274	1	1	57.817	1.000
tulǵa			2274	1	1	57.817	1.000
tundrası			2274	1	1	57.817	1.000
turanda			2274	1	1	57.817	1.000
turanǵa			2274	1	1	57.817	1.000
turaq			2274	1	1	57.817	1.000
turbatiyler			2274	1	1	57.817	1.000
turdı			2274	1	1	57.817	1.000
turgenev			2274	1	1	57.817	1.000
turi			2274	1	1	57.817	1.000
turianchay			2274	1	1	57.817	1.000
turmaq			2274	1	1	57.817	1.000
turmıslıq			2274	1	1	57.817	1.000
turmısqa			2274	1	1	57.817	1.000
turmısta			2274	1	1	57.817	1.000
turmısı			2274	1	1	57.817	1.000
turmısın			2274	1	1	57.817	1.000
turmısına			2274	1	1	57.817	1.000
turmısında			2274	1	1	57.817	1.000
turpayı			2274	1	1	57.817	1.000
turpayılıqtı			2274	1	1	57.817	1.000
turıwshılıq			2274	1	1	57.817	1.000
turıńiz			2274	1	1	57.817	1.000
turǵanda			2274	1	1	57.817	1.000
turǵandaǵı			2274	1	1	57.817	1.000
tusindirile			2274	1	1	57.817	1.000
tusinik			2274	1	1	57.817	1.000
tutas			2274	1	1	57.817	1.000
tutasıwshı			2274	1	1	57.817	1.000
tutqan			2274	1	1	57.817	1.000
tutqanı			2274	1	1	57.817	1.000
tutqası			2274	1	1	57.817	1.000
tutqınnan			2274	1	1	57.817	1.000
tutqınǵa			2274	1	1	57.817	1.000
tutılıwı			2274	1	1	57.817	1.000
tutıwın			2274	1	1	57.817	1.000
tuwrılıq			2274	1	1	57.817	1.000
tuwıldı			2274	1	1	57.817	1.000
tuwılıp			2274	1	1	57.817	1.000
tuwılıw			2274	1	1	57.817	1.000
tuwılǵanlıǵı			2274	1	1	57.817	1.000
tuwılǵanlıǵınıń			2274	1	1	57.817	1.000
tuwısqanıma			2274	1	1	57.817	1.000
tuwǵanları			2274	1	1	57.817	1.000
tuwǵızdı			2274	1	1	57.817	1.000
tvorchestvasınıń			2274	1	1	57.817	1.000
tvorchestvolıq			2274	1	1	57.817	1.000
tyanshan			2274	1	1	57.817	1.000
tyulen			2274	1	1	57.817	1.000
tábiyatlı			2274	1	1	57.817	1.000
tábiyatın			2274	1	1	57.817	1.000
tábiyatına			2274	1	1	57.817	1.000
tájikstan			2274	1	1	57.817	1.000
tájireybesi			2274	1	1	57.817	1.000
tájiriybeler			2274	1	1	57.817	1.000
tákabırlıqtı			2274	1	1	57.817	1.000
tálimatı			2274	1	1	57.817	1.000
táliymatlardıń			2274	1	1	57.817	1.000
táliymatına			2274	1	1	57.817	1.000
támiyinlenedi			2274	1	1	57.817	1.000
támiyinlenetuǵın			2274	1	1	57.817	1.000
támiyinleniw			2274	1	1	57.817	1.000
támiyinleydi			2274	1	1	57.817	1.000
támiynlenedi			2274	1	1	57.817	1.000
támiynlenip			2274	1	1	57.817	1.000
támiynleydi			2274	1	1	57.817	1.000
tárbiyalanıp			2274	1	1	57.817	1.000
tárbiyalanǵan			2274	1	1	57.817	1.000
tárbiyalaw			2274	1	1	57.817	1.000
tárbiyalayman			2274	1	1	57.817	1.000
tárbiyashısı			2274	1	1	57.817	1.000
tárepdarları			2274	1	1	57.817	1.000
tárepke			2274	1	1	57.817	1.000
táreplerin			2274	1	1	57.817	1.000
tárepte			2274	1	1	57.817	1.000
tárepten			2274	1	1	57.817	1.000
táriplik			2274	1	1	57.817	1.000
táriyipleydi			2274	1	1	57.817	1.000
táriypleydi			2274	1	1	57.817	1.000
tártibi			2274	1	1	57.817	1.000
tártiplestiriwler			2274	1	1	57.817	1.000
tásirlendiriwshi			2274	1	1	57.817	1.000
tásirleniw			2274	1	1	57.817	1.000
táńirbergen			2274	1	1	57.817	1.000
táǵdirin			2274	1	1	57.817	1.000
tógin			2274	1	1	57.817	1.000
tólewge			2274	1	1	57.817	1.000
tóleyseń			2274	1	1	57.817	1.000
tómendegishe			2274	1	1	57.817	1.000
tómeninde			2274	1	1	57.817	1.000
tórde			2274	1	1	57.817	1.000
tóre			2274	1	1	57.817	1.000
tóresin			2274	1	1	57.817	1.000
tórkini			2274	1	1	57.817	1.000
tórtlenshi			2274	1	1	57.817	1.000
tórtlik			2274	1	1	57.817	1.000
tórtlikler			2274	1	1	57.817	1.000
tórtten			2274	1	1	57.817	1.000
túbinde			2274	1	1	57.817	1.000
túbirge			2274	1	1	57.817	1.000
tún			2274	1	1	57.817	1.000
túnde			2274	1	1	57.817	1.000
túni			2274	1	1	57.817	1.000
túp			2274	1	1	57.817	1.000
túrde			2274	1	1	57.817	1.000
túrden			2274	1	1	57.817	1.000
túrge			2274	1	1	57.817	1.000
túrindegi			2274	1	1	57.817	1.000
túrine			2274	1	1	57.817	1.000
túrkler			2274	1	1	57.817	1.000
túrkmenbası			2274	1	1	57.817	1.000
túrkmenstan			2274	1	1	57.817	1.000
túrkmenstanda			2274	1	1	57.817	1.000
túrkmenstannıń			2274	1	1	57.817	1.000
túrkstanda			2274	1	1	57.817	1.000
túrlerden			2274	1	1	57.817	1.000
túrlerge			2274	1	1	57.817	1.000
túrtki			2274	1	1	57.817	1.000
túrıń			2274	1	1	57.817	1.000
túsi			2274	1	1	57.817	1.000
túsindiriledi			2274	1	1	57.817	1.000
túsindirip			2274	1	1	57.817	1.000
túsingen			2274	1	1	57.817	1.000
túsingenine			2274	1	1	57.817	1.000
túsiniklerge			2274	1	1	57.817	1.000
túsiniw			2274	1	1	57.817	1.000
túsiniwi			2274	1	1	57.817	1.000
túsiniwine			2274	1	1	57.817	1.000
túsipti			2274	1	1	57.817	1.000
túsirdi			2274	1	1	57.817	1.000
túsiredi			2274	1	1	57.817	1.000
túslik			2274	1	1	57.817	1.000
tústen			2274	1	1	57.817	1.000
tústi			2274	1	1	57.817	1.000
túyinin			2274	1	1	57.817	1.000
túyiniń			2274	1	1	57.817	1.000
türksoy			2274	1	1	57.817	1.000
tınet			2274	1	1	57.817	1.000
tırısqan			2274	1	1	57.817	1.000
tıń			2274	1	1	57.817	1.000
tıńlap			2274	1	1	57.817	1.000
tıńlawshılardıń			2274	1	1	57.817	1.000
tıǵız			2274	1	1	57.817	1.000
təhsil			2274	1	1	57.817	1.000
tərif			2274	1	1	57.817	1.000
ud			2274	1	1	57.817	1.000
ulları			2274	1	1	57.817	1.000
ulm			2274	1	1	57.817	1.000
uluǵbek			2274	1	1	57.817	1.000
ulım			2274	1	1	57.817	1.000
ulıwmalasqan			2274	1	1	57.817	1.000
ulıwmalastırıwǵa			2274	1	1	57.817	1.000
umtıladı			2274	1	1	57.817	1.000
umıtıw			2274	1	1	57.817	1.000
unamaydı			2274	1	1	57.817	1.000
unamaytuǵın			2274	1	1	57.817	1.000
unamsız			2274	1	1	57.817	1.000
unatpadı			2274	1	1	57.817	1.000
unesco			2274	1	1	57.817	1.000
universallıq			2274	1	1	57.817	1.000
uqsaslıqqa			2274	1	1	57.817	1.000
uqtırmaqshı			2274	1	1	57.817	1.000
uqıbı			2274	1	1	57.817	1.000
uqıbınıń			2274	1	1	57.817	1.000
uqıplı			2274	1	1	57.817	1.000
uqıplılıq			2274	1	1	57.817	1.000
uqıpsız			2274	1	1	57.817	1.000
uqıpsızlıǵına			2274	1	1	57.817	1.000
urmaq			2274	1	1	57.817	1.000
urpaqları			2274	1	1	57.817	1.000
urısları			2274	1	1	57.817	1.000
urısqa			2274	1	1	57.817	1.000
urısta			2274	1	1	57.817	1.000
urısıw			2274	1	1	57.817	1.000
urıwları			2274	1	1	57.817	1.000
urıwına			2274	1	1	57.817	1.000
urǵan			2274	1	1	57.817	1.000
usaǵan			2274	1	1	57.817	1.000
useynov			2274	1	1	57.817	1.000
ushin			2274	1	1	57.817	1.000
ushqınları			2274	1	1	57.817	1.000
ushrasqan			2274	1	1	57.817	1.000
ushıptı			2274	1	1	57.817	1.000
ushırasamız			2274	1	1	57.817	1.000
ushırasıp			2274	1	1	57.817	1.000
ushıratamız			2274	1	1	57.817	1.000
ushıratıw			2274	1	1	57.817	1.000
ushıraǵan			2274	1	1	57.817	1.000
ushırma			2274	1	1	57.817	1.000
usta			2274	1	1	57.817	1.000
ustalarınıń			2274	1	1	57.817	1.000
ustavta			2274	1	1	57.817	1.000
ustavı			2274	1	1	57.817	1.000
ustavında			2274	1	1	57.817	1.000
ustavındaǵı			2274	1	1	57.817	1.000
ustazdan			2274	1	1	57.817	1.000
ustazdıń			2274	1	1	57.817	1.000
ustazlarına			2274	1	1	57.817	1.000
ustazlıq			2274	1	1	57.817	1.000
ustazı			2274	1	1	57.817	1.000
ustazına			2274	1	1	57.817	1.000
usıl			2274	1	1	57.817	1.000
usılayınsha			2274	1	1	57.817	1.000
usılları			2274	1	1	57.817	1.000
usınadı			2274	1	1	57.817	1.000
usında			2274	1	1	57.817	1.000
usındı			2274	1	1	57.817	1.000
usınısı			2274	1	1	57.817	1.000
utadı			2274	1	1	57.817	1.000
utanishadlar			2274	1	1	57.817	1.000
utanishadlardıń			2274	1	1	57.817	1.000
utıw			2274	1	1	57.817	1.000
uya			2274	1	1	57.817	1.000
uyalı			2274	1	1	57.817	1.000
uyat			2274	1	1	57.817	1.000
uyqasatuǵın			2274	1	1	57.817	1.000
uyqasımlı			2274	1	1	57.817	1.000
uyqlap			2274	1	1	57.817	1.000
uyrenedi			2274	1	1	57.817	1.000
uyreniwdiń			2274	1	1	57.817	1.000
uyıtqısı			2274	1	1	57.817	1.000
uyǵartıwınsha			2274	1	1	57.817	1.000
uyǵur			2274	1	1	57.817	1.000
uyǵır			2274	1	1	57.817	1.000
uzboy			2274	1	1	57.817	1.000
uǵlannıń			2274	1	1	57.817	1.000
valexoshuq			2274	1	1	57.817	1.000
valiev			2274	1	1	57.817	1.000
valyutası			2274	1	1	57.817	1.000
vandidod			2274	1	1	57.817	1.000
vaqif			2274	1	1	57.817	1.000
vaqiftin			2274	1	1	57.817	1.000
variantları			2274	1	1	57.817	1.000
variantın			2274	1	1	57.817	1.000
varinatı			2274	1	1	57.817	1.000
vayshelmika			2274	1	1	57.817	1.000
vaysheshaka			2274	1	1	57.817	1.000
vedalarda			2274	1	1	57.817	1.000
vedalarǵa			2274	1	1	57.817	1.000
vedanıń			2274	1	1	57.817	1.000
veli			2274	1	1	57.817	1.000
versiyalarına			2274	1	1	57.817	1.000
veysheshikanıń			2274	1	1	57.817	1.000
vezirovtıń			2274	1	1	57.817	1.000
vidadiy			2274	1	1	57.817	1.000
videvdat			2274	1	1	57.817	1.000
vino			2274	1	1	57.817	1.000
virusologiya			2274	1	1	57.817	1.000
vishka			2274	1	1	57.817	1.000
visperad			2274	1	1	57.817	1.000
vozrojdenie			2274	1	1	57.817	1.000
vulkan			2274	1	1	57.817	1.000
vurgunnıń			2274	1	1	57.817	1.000
vurǵun			2274	1	1	57.817	1.000
vyetnam			2274	1	1	57.817	1.000
vyurtemberg			2274	1	1	57.817	1.000
və			2274	1	1	57.817	1.000
walayatı			2274	1	1	57.817	1.000
waqiyalar			2274	1	1	57.817	1.000
waqtı			2274	1	1	57.817	1.000
waqıtlarda			2274	1	1	57.817	1.000
waqıtqa			2274	1	1	57.817	1.000
waqıtsha			2274	1	1	57.817	1.000
waqıtsız			2274	1	1	57.817	1.000
waqıttıń			2274	1	1	57.817	1.000
waqıyalardıń			2274	1	1	57.817	1.000
waqıyaları			2274	1	1	57.817	1.000
waqıyaların			2274	1	1	57.817	1.000
waqıyalarınan			2274	1	1	57.817	1.000
waqıyanıń			2274	1	1	57.817	1.000
waqıyası			2274	1	1	57.817	1.000
waqıyaǵa			2274	1	1	57.817	1.000
watan			2274	1	1	57.817	1.000
watandı			2274	1	1	57.817	1.000
watanın			2274	1	1	57.817	1.000
wazıypaların			2274	1	1	57.817	1.000
wazıypalarǵa			2274	1	1	57.817	1.000
wazıypasın			2274	1	1	57.817	1.000
waǵında			2274	1	1	57.817	1.000
wákil			2274	1	1	57.817	1.000
wákilleri			2274	1	1	57.817	1.000
wákilligi			2274	1	1	57.817	1.000
wálayatlar			2274	1	1	57.817	1.000
wálayatı			2274	1	1	57.817	1.000
wálayatına			2274	1	1	57.817	1.000
wálayatınıń			2274	1	1	57.817	1.000
wáziri			2274	1	1	57.817	1.000
wázirlik			2274	1	1	57.817	1.000
x			2274	1	1	57.817	1.000
xabar			2274	1	1	57.817	1.000
xabarladı			2274	1	1	57.817	1.000
xadjibekovtıń			2274	1	1	57.817	1.000
xafizi			2274	1	1	57.817	1.000
xaganiy			2274	1	1	57.817	1.000
xalayıqqa			2274	1	1	57.817	1.000
xalidtiń			2274	1	1	57.817	1.000
xalifalıǵı			2274	1	1	57.817	1.000
xalqınan			2274	1	1	57.817	1.000
xalıqlarınıń			2274	1	1	57.817	1.000
xalıqlarǵa			2274	1	1	57.817	1.000
xalıqlıq			2274	1	1	57.817	1.000
xalıqtın			2274	1	1	57.817	1.000
xalǵı			2274	1	1	57.817	1.000
xamsalar			2274	1	1	57.817	1.000
xamsalarǵa			2274	1	1	57.817	1.000
xamsanı			2274	1	1	57.817	1.000
xamsasında			2274	1	1	57.817	1.000
xanım			2274	1	1	57.817	1.000
xanǵa			2274	1	1	57.817	1.000
xarakterdi			2274	1	1	57.817	1.000
xarakteri			2274	1	1	57.817	1.000
xasan			2274	1	1	57.817	1.000
xatlar			2274	1	1	57.817	1.000
xatlardıń			2274	1	1	57.817	1.000
xatoiy			2274	1	1	57.817	1.000
xatun			2274	1	1	57.817	1.000
xayya			2274	1	1	57.817	1.000
xechshaki			2274	1	1	57.817	1.000
xibbat			2274	1	1	57.817	1.000
ximiyalıq			2274	1	1	57.817	1.000
ximiyası			2274	1	1	57.817	1.000
xirat			2274	1	1	57.817	1.000
xiratta			2274	1	1	57.817	1.000
xirattaǵı			2274	1	1	57.817	1.000
xiywadan			2274	1	1	57.817	1.000
xiywadaǵı			2274	1	1	57.817	1.000
xojalepes			2274	1	1	57.817	1.000
xojalıqtıń			2274	1	1	57.817	1.000
xojalıǵında			2274	1	1	57.817	1.000
xojambergenov			2274	1	1	57.817	1.000
xojamurat			2274	1	1	57.817	1.000
xojaqul			2274	1	1	57.817	1.000
xojeke			2274	1	1	57.817	1.000
xojelepes			2274	1	1	57.817	1.000
xonkandi			2274	1	1	57.817	1.000
xonkendi			2274	1	1	57.817	1.000
xonkendida			2274	1	1	57.817	1.000
xopxopnama			2274	1	1	57.817	1.000
xorasandaǵı			2274	1	1	57.817	1.000
xordadbek			2274	1	1	57.817	1.000
xorıma			2274	1	1	57.817	1.000
xosh			2274	1	1	57.817	1.000
xoshlasıw			2274	1	1	57.817	1.000
xristianlardıń			2274	1	1	57.817	1.000
xronobiologiya			2274	1	1	57.817	1.000
xudojnikler			2274	1	1	57.817	1.000
xudojniklerinde			2274	1	1	57.817	1.000
xudojniklerinen			2274	1	1	57.817	1.000
xumanch			2274	1	1	57.817	1.000
xurması			2274	1	1	57.817	1.000
xurramiyler			2274	1	1	57.817	1.000
xuseyn			2274	1	1	57.817	1.000
xısraw			2274	1	1	57.817	1.000
xızmetinde			2274	1	1	57.817	1.000
xızmetke			2274	1	1	57.817	1.000
ya			2274	1	1	57.817	1.000
yadjurvedá			2274	1	1	57.817	1.000
yakovleva			2274	1	1	57.817	1.000
yalǵannan			2274	1	1	57.817	1.000
yanvar			2274	1	1	57.817	1.000
yanvarda			2274	1	1	57.817	1.000
yapon			2274	1	1	57.817	1.000
yaponiya			2274	1	1	57.817	1.000
yaranlar			2274	1	1	57.817	1.000
yarur			2274	1	1	57.817	1.000
yarımın			2274	1	1	57.817	1.000
yaskart			2274	1	1	57.817	1.000
yasna			2274	1	1	57.817	1.000
yassawiyden			2274	1	1	57.817	1.000
yemen			2274	1	1	57.817	1.000
yenot			2274	1	1	57.817	1.000
yer			2274	1	1	57.817	1.000
yeri			2274	1	1	57.817	1.000
yok			2274	1	1	57.817	1.000
yubileyi			2274	1	1	57.817	1.000
yurdunu			2274	1	1	57.817	1.000
yurisdiktsiyası			2274	1	1	57.817	1.000
yusif			2274	1	1	57.817	1.000
yusip			2274	1	1	57.817	1.000
yusuf			2274	1	1	57.817	1.000
yusup			2274	1	1	57.817	1.000
yusupbek			2274	1	1	57.817	1.000
yıl			2274	1	1	57.817	1.000
zafaron			2274	1	1	57.817	1.000
zahhaq			2274	1	1	57.817	1.000
zakatala			2274	1	1	57.817	1.000
zakatali			2274	1	1	57.817	1.000
zalım			2274	1	1	57.817	1.000
zalında			2274	1	1	57.817	1.000
zamanagóy			2274	1	1	57.817	1.000
zamanlarda			2274	1	1	57.817	1.000
zamanlarǵa			2274	1	1	57.817	1.000
zamanlaslarınıń			2274	1	1	57.817	1.000
zamanımızda			2274	1	1	57.817	1.000
zamanımızǵa			2274	1	1	57.817	1.000
zamanına			2274	1	1	57.817	1.000
zamarıq			2274	1	1	57.817	1.000
zamarıqlar			2274	1	1	57.817	1.000
zamaxshariy			2274	1	1	57.817	1.000
zangazur			2274	1	1	57.817	1.000
zangilan			2274	1	1	57.817	1.000
zangori			2274	1	1	57.817	1.000
zapaslar			2274	1	1	57.817	1.000
zarafshan			2274	1	1	57.817	1.000
zardushtiylik			2274	1	1	57.817	1.000
zardushtiylikti			2274	1	1	57.817	1.000
zardushtiyliktiń			2274	1	1	57.817	1.000
zardushtıylıq			2274	1	1	57.817	1.000
zatta			2274	1	1	57.817	1.000
zattı			2274	1	1	57.817	1.000
zattıń			2274	1	1	57.817	1.000
zatı			2274	1	1	57.817	1.000
zavodlarınan			2274	1	1	57.817	1.000
zergeri			2274	1	1	57.817	1.000
zergerlikler			2274	1	1	57.817	1.000
zeynine			2274	1	1	57.817	1.000
zeynińdi			2274	1	1	57.817	1.000
zeynul			2274	1	1	57.817	1.000
zeytun			2274	1	1	57.817	1.000
zibanım			2274	1	1	57.817	1.000
zibold			2274	1	1	57.817	1.000
zira			2274	1	1	57.817	1.000
ziyat			2274	1	1	57.817	1.000
ziywar			2274	1	1	57.817	1.000
zonada			2274	1	1	57.817	1.000
zonası			2274	1	1	57.817	1.000
zoologiya			2274	1	1	57.817	1.000
zsfsr			2274	1	1	57.817	1.000
zulayxa			2274	1	1	57.817	1.000
zulfiqor			2274	1	1	57.817	1.000
zulqarnayınniń			2274	1	1	57.817	1.000
zulımlıqtı			2274	1	1	57.817	1.000
zárurligi			2274	1	1	57.817	1.000
zárúrli			2274	1	1	57.817	1.000
µm			2274	1	1	57.817	1.000
ábdisayıt			2274	1	1	57.817	1.000
ábdurazaq			2274	1	1	57.817	1.000
ádalat			2274	1	1	57.817	1.000
ádebiyatlarınıń			2274	1	1	57.817	1.000
ádebiyatqa			2274	1	1	57.817	1.000
ádebiyatta			2274	1	1	57.817	1.000
ádebiyattaǵ			2274	1	1	57.817	1.000
ádebiyattı			2274	1	1	57.817	1.000
ádebiyatımız			2274	1	1	57.817	1.000
ádebiyatın			2274	1	1	57.817	1.000
ádebiyatının			2274	1	1	57.817	1.000
ádepli			2274	1	1	57.817	1.000
ádibiniń			2274	1	1	57.817	1.000
ádil			2274	1	1	57.817	1.000
ádiy			2274	1	1	57.817	1.000
áhmiyetine			2274	1	1	57.817	1.000
áhmiyetke			2274	1	1	57.817	1.000
áhmiyetliligi			2274	1	1	57.817	1.000
áhmiyetlisi			2274	1	1	57.817	1.000
ájiniyazdan			2274	1	1	57.817	1.000
ájám			2274	1	1	57.817	1.000
ákeliwi			2274	1	1	57.817	1.000
ákeliwin			2274	1	1	57.817	1.000
ákesindegi			2274	1	1	57.817	1.000
ákesinen			2274	1	1	57.817	1.000
ákesiniá			2274	1	1	57.817	1.000
álbentti			2274	1	1	57.817	1.000
álem			2274	1	1	57.817	1.000
álemge			2274	1	1	57.817	1.000
áleminde			2274	1	1	57.817	1.000
áleyhis			2274	1	1	57.817	1.000
álik			2274	1	1	57.817	1.000
álipbesin			2274	1	1	57.817	1.000
áliy			2274	1	1	57.817	1.000
ámel			2274	1	1	57.817	1.000
ámeldarlarına			2274	1	1	57.817	1.000
ámeliy			2274	1	1	57.817	1.000
ámeliyat			2274	1	1	57.817	1.000
ámirlikleri			2274	1	1	57.817	1.000
ámiwdáryada			2274	1	1	57.817	1.000
ánar			2274	1	1	57.817	1.000
ángimeniń			2274	1	1	57.817	1.000
ánjir			2274	1	1	57.817	1.000
ápiwayılar			2274	1	1	57.817	1.000
ápsanalar			2274	1	1	57.817	1.000
árman			2274	1	1	57.817	1.000
ármanlardıń			2274	1	1	57.817	1.000
ásbap			2274	1	1	57.817	1.000
ásiri			2274	1	1	57.817	1.000
ásirlerdiń			2274	1	1	57.817	1.000
ásirlik			2274	1	1	57.817	1.000
áskerdi			2274	1	1	57.817	1.000
áskeriniń			2274	1	1	57.817	1.000
áste			2274	1	1	57.817	1.000
átiraplarınan			2274	1	1	57.817	1.000
átirapı			2274	1	1	57.817	1.000
átrapına			2274	1	1	57.817	1.000
áwelemen			2274	1	1	57.817	1.000
áwladları			2274	1	1	57.817	1.000
áwladlarınan			2274	1	1	57.817	1.000
áwladın			2274	1	1	57.817	1.000
áyyemgiligin			2274	1	1	57.817	1.000
ázben			2274	1	1	57.817	1.000
ázerbayjandaǵı			2274	1	1	57.817	1.000
ázerbayjanlar			2274	1	1	57.817	1.000
ázerbayjanlı			2274	1	1	57.817	1.000
ázerbayjanǵa			2274	1	1	57.817	1.000
ógiz			2274	1	1	57.817	1.000
ójirelerinde			2274	1	1	57.817	1.000
ókinedi			2274	1	1	57.817	1.000
óledi			2274	1	1	57.817	1.000
ólimin			2274	1	1	57.817	1.000
óliminen			2274	1	1	57.817	1.000
ólip			2274	1	1	57.817	1.000
ólshem			2274	1	1	57.817	1.000
ólshemin			2274	1	1	57.817	1.000
ólsheminde			2274	1	1	57.817	1.000
ólshemine			2274	1	1	57.817	1.000
ólshemlerde			2274	1	1	57.817	1.000
ólshemlerden			2274	1	1	57.817	1.000
ólshemlerge			2274	1	1	57.817	1.000
ólshemleriniń			2274	1	1	57.817	1.000
ólshep			2274	1	1	57.817	1.000
óltiredi			2274	1	1	57.817	1.000
óltirgen			2274	1	1	57.817	1.000
ómirde			2274	1	1	57.817	1.000
ómirdegi			2274	1	1	57.817	1.000
ómirdi			2274	1	1	57.817	1.000
ómirim			2274	1	1	57.817	1.000
ómiriniń			2274	1	1	57.817	1.000
ómirino			2274	1	1	57.817	1.000
ómirlerinde			2274	1	1	57.817	1.000
óndiriske			2274	1	1	57.817	1.000
óndiriste			2274	1	1	57.817	1.000
óndiristiń			2274	1	1	57.817	1.000
ónerdiń			2274	1	1	57.817	1.000
ónerin			2274	1	1	57.817	1.000
ónerine			2274	1	1	57.817	1.000
ónerinen			2274	1	1	57.817	1.000
ónermentler			2274	1	1	57.817	1.000
ónermentshilik			2274	1	1	57.817	1.000
ónermenttiń			2274	1	1	57.817	1.000
ónim			2274	1	1	57.817	1.000
ónimde			2274	1	1	57.817	1.000
ónimi			2274	1	1	57.817	1.000
ónimler			2274	1	1	57.817	1.000
ónimli			2274	1	1	57.817	1.000
ónimniń			2274	1	1	57.817	1.000
ósh			2274	1	1	57.817	1.000
óshpes			2274	1	1	57.817	1.000
ósimligi			2274	1	1	57.817	1.000
ósimliklerdiń			2274	1	1	57.817	1.000
ósimliklerge			2274	1	1	57.817	1.000
ósimlikli			2274	1	1	57.817	1.000
ósiwi			2274	1	1	57.817	1.000
ósiwshi			2274	1	1	57.817	1.000
ótepbergen			2274	1	1	57.817	1.000
ótesh			2274	1	1	57.817	1.000
ótiledi			2274	1	1	57.817	1.000
ótilgen			2274	1	1	57.817	1.000
ótinish			2274	1	1	57.817	1.000
ótinishim			2274	1	1	57.817	1.000
ótiw			2274	1	1	57.817	1.000
ótiwimiz			2274	1	1	57.817	1.000
ótkenlikleri			2274	1	1	57.817	1.000
ótkeredi			2274	1	1	57.817	1.000
ótkeriledi			2274	1	1	57.817	1.000
ótkeriliwi			2274	1	1	57.817	1.000
ótkeriwine			2274	1	1	57.817	1.000
ótkirligi			2274	1	1	57.817	1.000
ótkizgen			2274	1	1	57.817	1.000
ótkiziw			2274	1	1	57.817	1.000
ótmishin			2274	1	1	57.817	1.000
ótse			2274	1	1	57.817	1.000
óytkeni			2274	1	1	57.817	1.000
ózek			2274	1	1	57.817	1.000
ózgelerdi			2274	1	1	57.817	1.000
ózgerislerge			2274	1	1	57.817	1.000
ózgertken			2274	1	1	57.817	1.000
ózgeshelikke			2274	1	1	57.817	1.000
ózgesheliklerin			2274	1	1	57.817	1.000
ózgeshelikleriniń			2274	1	1	57.817	1.000
ózim			2274	1	1	57.817	1.000
ózimiz			2274	1	1	57.817	1.000
ózimnin			2274	1	1	57.817	1.000
ózindey			2274	1	1	57.817	1.000
ózinen			2274	1	1	57.817	1.000
ózinin			2274	1	1	57.817	1.000
ózińe			2274	1	1	57.817	1.000
ózlestirgen			2274	1	1	57.817	1.000
ózǵeshe			2274	1	1	57.817	1.000
úkelerin			2274	1	1	57.817	1.000
úlesin			2274	1	1	57.817	1.000
úlestiń			2274	1	1	57.817	1.000
úlgiler			2274	1	1	57.817	1.000
úlke			2274	1	1	57.817	1.000
úlkelerdi			2274	1	1	57.817	1.000
úlkeni			2274	1	1	57.817	1.000
úlkenligi			2274	1	1	57.817	1.000
úlkeygende			2274	1	1	57.817	1.000
úlkeygennen			2274	1	1	57.817	1.000
úlkeytilgen			2274	1	1	57.817	1.000
úrdiske			2274	1	1	57.817	1.000
úshinshiden			2274	1	1	57.817	1.000
úshkilsiz			2274	1	1	57.817	1.000
úshlenshi			2274	1	1	57.817	1.000
úskene			2274	1	1	57.817	1.000
ústindegi			2274	1	1	57.817	1.000
úyine			2274	1	1	57.817	1.000
úyiniń			2274	1	1	57.817	1.000
úyińnen			2274	1	1	57.817	1.000
úylengennen			2274	1	1	57.817	1.000
úyleniw			2274	1	1	57.817	1.000
úyleniwinde			2274	1	1	57.817	1.000
úylerde			2274	1	1	57.817	1.000
úylespedi			2274	1	1	57.817	1.000
úyme			2274	1	1	57.817	1.000
úyren			2274	1	1	57.817	1.000
úyrenildi			2274	1	1	57.817	1.000
úyrenip			2274	1	1	57.817	1.000
úyreniw			2274	1	1	57.817	1.000
úyreniwine			2274	1	1	57.817	1.000
úyretiliwi			2274	1	1	57.817	1.000
úyretiwge			2274	1	1	57.817	1.000
úyretken			2274	1	1	57.817	1.000
úzbewge			2274	1	1	57.817	1.000
úziliske			2274	1	1	57.817	1.000
úzilmeydi			2274	1	1	57.817	1.000
úńilip			2274	1	1	57.817	1.000
ünlü			2274	1	1	57.817	1.000
ı			2274	1	1	57.817	1.000
ılaq			2274	1	1	57.817	1.000
ılayıqlı			2274	1	1	57.817	1.000
ın			2274	1	1	57.817	1.000
ıqlımdı			2274	1	1	57.817	1.000
ıqlımnan			2274	1	1	57.817	1.000
ıqlımına			2274	1	1	57.817	1.000
ıshqı			2274	1	1	57.817	1.000
ıssılıq			2274	1	1	57.817	1.000
ızǵar			2274	1	1	57.817	1.000
şiirleri			2274	1	1	57.817	1.000
şiirlerinden			2274	1	1	57.817	1.000
ǵapılda			2274	1	1	57.817	1.000
ǵarrı			2274	1	1	57.817	1.000
ǵarrılar			2274	1	1	57.817	1.000
ǵarrılardıń			2274	1	1	57.817	1.000
ǵarrılıq			2274	1	1	57.817	1.000
ǵarrınıń			2274	1	1	57.817	1.000
ǵayratkerleri			2274	1	1	57.817	1.000
ǵayıp			2274	1	1	57.817	1.000
ǵaz			2274	1	1	57.817	1.000
ǵazday			2274	1	1	57.817	1.000
ǵaznaviy			2274	1	1	57.817	1.000
ǵańqıldaǵan			2274	1	1	57.817	1.000
ǵiyasatdin			2274	1	1	57.817	1.000
ǵoy			2274	1	1	57.817	1.000
ǵurujǵa			2274	1	1	57.817	1.000
ǵálle			2274	1	1	57.817	1.000
ǵárezli			2274	1	1	57.817	1.000
ǵárezsizligi			2274	1	1	57.817	1.000
ǵárip			2274	1	1	57.817	1.000
ǵázebi			2274	1	1	57.817	1.000
ǵáziynelerinen			2274	1	1	57.817	1.000
ǵáziynesine			2274	1	1	57.817	1.000
ǵázzellerin			2274	1	1	57.817	1.000
ədəbiyyatı			2274	1	1	57.817	1.000
дама			2274	1	1	57.817	1.000
пиковая			2274	1	1	57.817	1.000
сitologiya			2274	1	1	57.817	1.000
yyemgi			2274	1	1	57.817	1.000
