Type;POS;Headword;Rank;Freq;Range;NormFreq;NormRange
h?m;;;1;378;1;21854.764;1.000
menen;;;2;197;1;11389.917;1.000
ol;;;3;148;1;8556.892;1.000
bul;;;4;146;1;8441.258;1.000
bir;;;5;129;1;7458.372;1.000
bol?p;;;6;111;1;6417.669;1.000
on??;;;7;98;1;5666.050;1.000
da;;;8;86;1;4972.248;1.000
j?l?;;;8;86;1;4972.248;1.000
bol?an;;;10;82;1;4740.981;1.000
?z;;;10;82;1;4740.981;1.000
?zerbayjan;;;12;76;1;4394.080;1.000
dep;;;13;71;1;4104.995;1.000
e?;;;14;67;1;3873.728;1.000
ush?n;;;15;66;1;3815.911;1.000
degen;;;16;54;1;3122.109;1.000
penen;;;17;53;1;3064.292;1.000
belgili;;;18;52;1;3006.475;1.000
qaraqalpaq;;;19;50;1;2890.842;1.000
basqa;;;20;47;1;2717.391;1.000
bolad?;;;21;46;1;2659.574;1.000
?jiniyaz;;;21;46;1;2659.574;1.000
xal?q;;;23;45;1;2601.758;1.000
bar;;;24;43;1;2486.124;1.000
al;;;25;42;1;2428.307;1.000
edi;;;26;41;1;2370.490;1.000
shay?r;;;27;40;1;2312.673;1.000
k?p;;;28;39;1;2254.857;1.000
de;;;29;38;1;2197.040;1.000
title;;;29;38;1;2197.040;1.000
k?rkem;;;31;37;1;2139.223;1.000
payda;;;31;37;1;2139.223;1.000
biraq;;;33;36;1;2081.406;1.000
eki;;;34;35;1;2023.589;1.000
?lken;;;34;35;1;2023.589;1.000
biri;;;36;34;1;1965.772;1.000
bold?;;;37;33;1;1907.956;1.000
haqq?nda;;;37;33;1;1907.956;1.000
son??;;;37;33;1;1907.956;1.000
t?repinen;;;37;33;1;1907.956;1.000
adam;;;41;32;1;1850.139;1.000
bolsa;;;42;31;1;1792.322;1.000
keyin;;;42;31;1;1792.322;1.000
j?l;;;44;30;1;1734.505;1.000
sol;;;44;30;1;1734.505;1.000
us?;;;44;30;1;1734.505;1.000
?zini?;;;44;30;1;1734.505;1.000
m;;;48;29;1;1676.688;1.000
berdaq;;;49;28;1;1618.871;1.000
boy?nsha;;;49;28;1;1618.871;1.000
esaplanad?;;;49;28;1;1618.871;1.000
jaqs?;;;49;28;1;1618.871;1.000
aq;;;53;27;1;1561.055;1.000
arab;;;53;27;1;1561.055;1.000
aras?nda;;;53;27;1;1561.055;1.000
b;;;53;27;1;1561.055;1.000
iye;;;53;27;1;1561.055;1.000
naway?;;;53;27;1;1561.055;1.000
yamasa;;;53;27;1;1561.055;1.000
?ana;;;53;27;1;1561.055;1.000
birinshi;;;61;26;1;1503.238;1.000
j?miyetti?;;;61;26;1;1503.238;1.000
rus;;;61;26;1;1503.238;1.000
s?yaql?;;;61;26;1;1503.238;1.000
baslap;;;65;25;1;1445.421;1.000
shay?rd??;;;65;25;1;1445.421;1.000
emes;;;67;24;1;1387.604;1.000
h?r;;;67;24;1;1387.604;1.000
olar;;;67;24;1;1387.604;1.000
?yyemgi;;;67;24;1;1387.604;1.000
aral;;;71;23;1;1329.787;1.000
bol?w?;;;71;23;1;1329.787;1.000
h?zirgi;;;71;23;1;1329.787;1.000
jaz?an;;;71;23;1;1329.787;1.000
on?;;;71;23;1;1329.787;1.000
ul?;;;71;23;1;1329.787;1.000
al?p;;;77;21;1;1214.154;1.000
etip;;;77;21;1;1214.154;1.000
ja?a;;;77;21;1;1214.154;1.000
q?z;;;77;21;1;1214.154;1.000
tili;;;77;21;1;1214.154;1.000
a;;;82;20;1;1156.337;1.000
birge;;;82;20;1;1156.337;1.000
jaylasqan;;;82;20;1;1156.337;1.000
jerde;;;82;20;1;1156.337;1.000
j?d?;;;82;20;1;1156.337;1.000
k?plegen;;;82;20;1;1156.337;1.000
orta;;;82;20;1;1156.337;1.000
pushkin;;;82;20;1;1156.337;1.000
qos?qlar?;;;82;20;1;1156.337;1.000
suw;;;82;20;1;1156.337;1.000
s?z;;;82;20;1;1156.337;1.000
xix;;;82;20;1;1156.337;1.000
beredi;;;94;19;1;1098.520;1.000
e;;;94;19;1;1098.520;1.000
xalq?n??;;;94;19;1;1098.520;1.000
?sirdi?;;;94;19;1;1098.520;1.000
arqal?;;;98;18;1;1040.703;1.000
d?nya;;;98;18;1;1040.703;1.000
km;;;98;18;1;1040.703;1.000
olard??;;;98;18;1;1040.703;1.000
te?izi;;;98;18;1;1040.703;1.000
ull?;;;98;18;1;1040.703;1.000
?sirde;;;98;18;1;1040.703;1.000
alad?;;;105;17;1;982.886;1.000
bunnan;;;105;17;1;982.886;1.000
jaz?p;;;105;17;1;982.886;1.000
sh??armalar?;;;105;17;1;982.886;1.000
tek;;;105;17;1;982.886;1.000
tiyisli;;;105;17;1;982.886;1.000
tiykar??;;;105;17;1;982.886;1.000
turad?;;;105;17;1;982.886;1.000
ustavl?q;;;105;17;1;982.886;1.000
?jiniyazd??;;;105;17;1;982.886;1.000
?sir;;;105;17;1;982.886;1.000
?sirlerde;;;105;17;1;982.886;1.000
ay;;;117;16;1;925.069;1.000
j?llar?;;;117;16;1;925.069;1.000
m?mkin;;;117;16;1;925.069;1.000
qubla;;;117;16;1;925.069;1.000
q?yl?;;;117;16;1;925.069;1.000
sh;;;117;16;1;925.069;1.000
shay?r?;;;117;16;1;925.069;1.000
shekem;;;117;16;1;925.069;1.000
t;;;117;16;1;925.069;1.000
ul?wma;;;117;16;1;925.069;1.000
?kesi;;;117;16;1;925.069;1.000
?sh;;;117;16;1;925.069;1.000
abay;;;129;15;1;867.253;1.000
al?w;;;129;15;1;867.253;1.000
jasayd?;;;129;15;1;867.253;1.000
jer;;;129;15;1;867.253;1.000
qazaq;;;129;15;1;867.253;1.000
solay;;;129;15;1;867.253;1.000
tilinde;;;129;15;1;867.253;1.000
adamlar;;;136;14;1;809.436;1.000
al?n?an;;;136;14;1;809.436;1.000
at?;;;136;14;1;809.436;1.000
barl?q;;;136;14;1;809.436;1.000
etedi;;;136;14;1;809.436;1.000
ishinde;;;136;14;1;809.436;1.000
jaz?l?an;;;136;14;1;809.436;1.000
jol?;;;136;14;1;809.436;1.000
kategoriya;;;136;14;1;809.436;1.000
kelip;;;136;14;1;809.436;1.000
m?mleketlik;;;136;14;1;809.436;1.000
nizamiy;;;136;14;1;809.436;1.000
qos?qlar;;;136;14;1;809.436;1.000
tiykar?nan;;;136;14;1;809.436;1.000
ya?n?y;;;136;14;1;809.436;1.000
?zine;;;136;14;1;809.436;1.000
ash?q;;;152;13;1;751.619;1.000
az;;;152;13;1;751.619;1.000
bahal?;;;152;13;1;751.619;1.000
baku;;;152;13;1;751.619;1.000
bet;;;152;13;1;751.619;1.000
ekenligin;;;152;13;1;751.619;1.000
hesh;;;152;13;1;751.619;1.000
ibarat;;;152;13;1;751.619;1.000
ilimiy;;;152;13;1;751.619;1.000
iran;;;152;13;1;751.619;1.000
jaman;;;152;13;1;751.619;1.000
jaq?n;;;152;13;1;751.619;1.000
joqar?;;;152;13;1;751.619;1.000
keledi;;;152;13;1;751.619;1.000
k?rnekli;;;152;13;1;751.619;1.000
m??;;;152;13;1;751.619;1.000
n;;;152;13;1;751.619;1.000
patsha;;;152;13;1;751.619;1.000
qara;;;152;13;1;751.619;1.000
qara?anda;;;152;13;1;751.619;1.000
qos?q;;;152;13;1;751.619;1.000
sebebi;;;152;13;1;751.619;1.000
s?pat?nda;;;152;13;1;751.619;1.000
tiykar?nda;;;152;13;1;751.619;1.000
?miwd?rya;;;152;13;1;751.619;1.000
?zbek;;;152;13;1;751.619;1.000
alisher;;;178;12;1;693.802;1.000
antarktika;;;178;12;1;693.802;1.000
at?nda??;;;178;12;1;693.802;1.000
ayt?s;;;178;12;1;693.802;1.000
baylan?sl?;;;178;12;1;693.802;1.000
ekinshi;;;178;12;1;693.802;1.000
haqq?nda??;;;178;12;1;693.802;1.000
joq;;;178;12;1;693.802;1.000
j?miyet;;;178;12;1;693.802;1.000
me?esh;;;178;12;1;693.802;1.000
qanday;;;178;12;1;693.802;1.000
rayon?;;;178;12;1;693.802;1.000
s;;;178;12;1;693.802;1.000
shay?rlar;;;178;12;1;693.802;1.000
tariyx?y;;;178;12;1;693.802;1.000
waq?tta;;;178;12;1;693.802;1.000
xx;;;178;12;1;693.802;1.000
?zi;;;178;12;1;693.802;1.000
akciyalard??;;;196;11;1;635.985;1.000
arqa;;;196;11;1;635.985;1.000
aytad?;;;196;11;1;635.985;1.000
biologiya;;;196;11;1;635.985;1.000
d?stan?;;;196;11;1;635.985;1.000
etken;;;196;11;1;635.985;1.000
islep;;;196;11;1;635.985;1.000
jasa?an;;;196;11;1;635.985;1.000
ja??nan;;;196;11;1;635.985;1.000
juwap;;;196;11;1;635.985;1.000
j?rdem;;;196;11;1;635.985;1.000
m?mleket;;;196;11;1;635.985;1.000
neshe;;;196;11;1;635.985;1.000
n?siyat;;;196;11;1;635.985;1.000
pars?;;;196;11;1;635.985;1.000
qayt?s;;;196;11;1;635.985;1.000
sat?p;;;196;11;1;635.985;1.000
sonday;;;196;11;1;635.985;1.000
teatr?;;;196;11;1;635.985;1.000
tiri;;;196;11;1;635.985;1.000
t?n;;;196;11;1;635.985;1.000
t?rk;;;196;11;1;635.985;1.000
xal?qlar;;;196;11;1;635.985;1.000
?debiyat;;;196;11;1;635.985;1.000
?dewir;;;196;11;1;635.985;1.000
atal?an;;;221;10;1;578.168;1.000
atas?;;;221;10;1;578.168;1.000
aziya;;;221;10;1;578.168;1.000
balas?;;;221;10;1;578.168;1.000
bal?q;;;221;10;1;578.168;1.000
basqalar;;;221;10;1;578.168;1.000
benen;;;221;10;1;578.168;1.000
dawam?nda;;;221;10;1;578.168;1.000
einstein;;;221;10;1;578.168;1.000
h;;;221;10;1;578.168;1.000
j?miy;;;221;10;1;578.168;1.000
kelgen;;;221;10;1;578.168;1.000
kiredi;;;221;10;1;578.168;1.000
k?pshilik;;;221;10;1;578.168;1.000
m?sal?;;;221;10;1;578.168;1.000
naway?n??;;;221;10;1;578.168;1.000
neft;;;221;10;1;578.168;1.000
n?kis;;;221;10;1;578.168;1.000
o?an;;;221;10;1;578.168;1.000
qab?l;;;221;10;1;578.168;1.000
qalas?nda;;;221;10;1;578.168;1.000
qal?an;;;221;10;1;578.168;1.000
qatar;;;221;10;1;578.168;1.000
qos?bay;;;221;10;1;578.168;1.000
q?z?;;;221;10;1;578.168;1.000
rejissyor;;;221;10;1;578.168;1.000
respublikas?;;;221;10;1;578.168;1.000
r?stem;;;221;10;1;578.168;1.000
tab?lad?;;;221;10;1;578.168;1.000
us?nday;;;221;10;1;578.168;1.000
xal?qaral?q;;;221;10;1;578.168;1.000
?tti;;;221;10;1;578.168;1.000
adamlard??;;;253;9;1;520.352;1.000
al?an;;;253;9;1;520.352;1.000
ash?p;;;253;9;1;520.352;1.000
atl?;;;253;9;1;520.352;1.000
aw?zeki;;;253;9;1;520.352;1.000
ayapbergen;;;253;9;1;520.352;1.000
ayr?qsha;;;253;9;1;520.352;1.000
balalar;;;253;9;1;520.352;1.000
baslanad?;;;253;9;1;520.352;1.000
baslayd?;;;253;9;1;520.352;1.000
bas?nda;;;253;9;1;520.352;1.000
bas?p;;;253;9;1;520.352;1.000
etiw;;;253;9;1;520.352;1.000
h?reket;;;253;9;1;520.352;1.000
iri;;;253;9;1;520.352;1.000
jas;;;253;9;1;520.352;1.000
jazad?;;;253;9;1;520.352;1.000
jeti;;;253;9;1;520.352;1.000
kerek;;;253;9;1;520.352;1.000
ketedi;;;253;9;1;520.352;1.000
k?rsetedi;;;253;9;1;520.352;1.000
k?n;;;253;9;1;520.352;1.000
muz?ka;;;253;9;1;520.352;1.000
m?deniy;;;253;9;1;520.352;1.000
m?rtebe;;;253;9;1;520.352;1.000
ne;;;253;9;1;520.352;1.000
okean?;;;253;9;1;520.352;1.000
p?tkil;;;253;9;1;520.352;1.000
qol;;;253;9;1;520.352;1.000
qos?msha;;;253;9;1;520.352;1.000
qos?qlar?n??;;;253;9;1;520.352;1.000
qurayd?;;;253;9;1;520.352;1.000
rossiya;;;253;9;1;520.352;1.000
shekemgi;;;253;9;1;520.352;1.000
sh?qqan;;;253;9;1;520.352;1.000
sh??armalar;;;253;9;1;520.352;1.000
sh???s;;;253;9;1;520.352;1.000
so??nan;;;253;9;1;520.352;1.000
te?iz;;;253;9;1;520.352;1.000
t?rt;;;253;9;1;520.352;1.000
xamsa;;;253;9;1;520.352;1.000
?debiyat?n??;;;253;9;1;520.352;1.000
?sirese;;;253;9;1;520.352;1.000
?mir;;;253;9;1;520.352;1.000
adamn??;;;297;8;1;462.535;1.000
afrika;;;297;8;1;462.535;1.000
akcionerlik;;;297;8;1;462.535;1.000
ala;;;297;8;1;462.535;1.000
atalad?;;;297;8;1;462.535;1.000
aw?l;;;297;8;1;462.535;1.000
axmed;;;297;8;1;462.535;1.000
ayt?p;;;297;8;1;462.535;1.000
ayt?st??;;;297;8;1;462.535;1.000
bunda;;;297;8;1;462.535;1.000
bunday;;;297;8;1;462.535;1.000
dawam;;;297;8;1;462.535;1.000
eger;;;297;8;1;462.535;1.000
eski;;;297;8;1;462.535;1.000
evropa;;;297;8;1;462.535;1.000
fizuliy;;;297;8;1;462.535;1.000
huq?q?y;;;297;8;1;462.535;1.000
i;;;297;8;1;462.535;1.000
ishine;;;297;8;1;462.535;1.000
iskender;;;297;8;1;462.535;1.000
jazba;;;297;8;1;462.535;1.000
jigit;;;297;8;1;462.535;1.000
j?z;;;297;8;1;462.535;1.000
j?ldan;;;297;8;1;462.535;1.000
j?l?a;;;297;8;1;462.535;1.000
kavkaz;;;297;8;1;462.535;1.000
keyingi;;;297;8;1;462.535;1.000
ke?;;;297;8;1;462.535;1.000
kitab?;;;297;8;1;462.535;1.000
materiall?q;;;297;8;1;462.535;1.000
materik;;;297;8;1;462.535;1.000
muwsa;;;297;8;1;462.535;1.000
m?lim;;;297;8;1;462.535;1.000
on;;;297;8;1;462.535;1.000
q;;;297;8;1;462.535;1.000
qatarda;;;297;8;1;462.535;1.000
qazaqstan;;;297;8;1;462.535;1.000
retinde;;;297;8;1;462.535;1.000
sh??armalar?n;;;297;8;1;462.535;1.000
sh??ar?w;;;297;8;1;462.535;1.000
so???;;;297;8;1;462.535;1.000
teatr;;;297;8;1;462.535;1.000
te?izdi?;;;297;8;1;462.535;1.000
tilini?;;;297;8;1;462.535;1.000
tol?q;;;297;8;1;462.535;1.000
u;;;297;8;1;462.535;1.000
ush?nda;;;297;8;1;462.535;1.000
variant?;;;297;8;1;462.535;1.000
xalq?;;;297;8;1;462.535;1.000
yugnakiy;;;297;8;1;462.535;1.000
?jay?p;;;297;8;1;462.535;1.000
akcionerlerdi?;;;348;7;1;404.718;1.000
akciyalard?;;;348;7;1;404.718;1.000
ald?na;;;348;7;1;404.718;1.000
ald?nda;;;348;7;1;404.718;1.000
alpam?s;;;348;7;1;404.718;1.000
apsheron;;;348;7;1;404.718;1.000
aq?l;;;348;7;1;404.718;1.000
atap;;;348;7;1;404.718;1.000
bala;;;348;7;1;404.718;1.000
baqs?;;;348;7;1;404.718;1.000
bar?p;;;348;7;1;404.718;1.000
baslad?;;;348;7;1;404.718;1.000
basla?an;;;348;7;1;404.718;1.000
belgilengen;;;348;7;1;404.718;1.000
berdaqt??;;;348;7;1;404.718;1.000
birden;;;348;7;1;404.718;1.000
bol?an?;;;348;7;1;404.718;1.000
bur?n;;;348;7;1;404.718;1.000
b?legi;;;348;7;1;404.718;1.000
b?limi;;;348;7;1;404.718;1.000
den;;;348;7;1;404.718;1.000
dur?s;;;348;7;1;404.718;1.000
d?slepki;;;348;7;1;404.718;1.000
d?stan;;;348;7;1;404.718;1.000
eram?z?a;;;348;7;1;404.718;1.000
etiledi;;;348;7;1;404.718;1.000
hawa;;;348;7;1;404.718;1.000
h?yiw;;;348;7;1;404.718;1.000
ilim;;;348;7;1;404.718;1.000
jas?nda;;;348;7;1;404.718;1.000
jaw?n;;;348;7;1;404.718;1.000
ja?dayda;;;348;7;1;404.718;1.000
jerlerde;;;348;7;1;404.718;1.000
j?ne;;;348;7;1;404.718;1.000
j?llar;;;348;7;1;404.718;1.000
j?rawdan;;;348;7;1;404.718;1.000
kaspiy;;;348;7;1;404.718;1.000
keldi;;;348;7;1;404.718;1.000
ketken;;;348;7;1;404.718;1.000
keyinirek;;;348;7;1;404.718;1.000
kishkene;;;348;7;1;404.718;1.000
kub;;;348;7;1;404.718;1.000
k?birek;;;348;7;1;404.718;1.000
k?zge;;;348;7;1;404.718;1.000
milliy;;;348;7;1;404.718;1.000
mingechaur;;;348;7;1;404.718;1.000
molla;;;348;7;1;404.718;1.000
m?mleketler;;;348;7;1;404.718;1.000
m?selen;;;348;7;1;404.718;1.000
n?jep;;;348;7;1;404.718;1.000
olard?;;;348;7;1;404.718;1.000
onnan;;;348;7;1;404.718;1.000
o?ada;;;348;7;1;404.718;1.000
pushkinni?;;;348;7;1;404.718;1.000
qalad?;;;348;7;1;404.718;1.000
qay;;;348;7;1;404.718;1.000
qayt?p;;;348;7;1;404.718;1.000
qazaqstanda;;;348;7;1;404.718;1.000
qa?az;;;348;7;1;404.718;1.000
qos?qlar?n;;;348;7;1;404.718;1.000
qur?aq;;;348;7;1;404.718;1.000
q?tay;;;348;7;1;404.718;1.000
rawajlan?an;;;348;7;1;404.718;1.000
sheshim;;;348;7;1;404.718;1.000
sh??ar?l?an;;;348;7;1;404.718;1.000
sotsiall?q;;;348;7;1;404.718;1.000
talantl?;;;348;7;1;404.718;1.000
tap;;;348;7;1;404.718;1.000
tariyx?nda;;;348;7;1;404.718;1.000
te?izine;;;348;7;1;404.718;1.000
tur?an;;;348;7;1;404.718;1.000
tuw?l?an;;;348;7;1;404.718;1.000
t?jik;;;348;7;1;404.718;1.000
t?sir;;;348;7;1;404.718;1.000
t?ri;;;348;7;1;404.718;1.000
t?sqar?;;;348;7;1;404.718;1.000
vi;;;348;7;1;404.718;1.000
waq?tlar?;;;348;7;1;404.718;1.000
?debiyat?;;;348;7;1;404.718;1.000
?dette;;;348;7;1;404.718;1.000
?hmiyetli;;;348;7;1;404.718;1.000
?sirdegi;;;348;7;1;404.718;1.000
?miri;;;348;7;1;404.718;1.000
?shinshi;;;348;7;1;404.718;1.000
adamlar?;;;432;6;1;346.901;1.000
akademiyas?;;;432;6;1;346.901;1.000
arnal?an;;;432;6;1;346.901;1.000
at;;;432;6;1;346.901;1.000
ata;;;432;6;1;346.901;1.000
ata?an;;;432;6;1;346.901;1.000
avesto;;;432;6;1;346.901;1.000
ayt?s?;;;432;6;1;346.901;1.000
ay?r?m;;;432;6;1;346.901;1.000
a??zlar;;;432;6;1;346.901;1.000
bahalaw;;;432;6;1;346.901;1.000
bakteriya;;;432;6;1;346.901;1.000
bakteriyalar;;;432;6;1;346.901;1.000
bakuda;;;432;6;1;346.901;1.000
balan??;;;432;6;1;346.901;1.000
baylan?sta;;;432;6;1;346.901;1.000
bes;;;432;6;1;346.901;1.000
bola;;;432;6;1;346.901;1.000
bolsada;;;432;6;1;346.901;1.000
bun??;;;432;6;1;346.901;1.000
bu?an;;;432;6;1;346.901;1.000
b?lay;;;432;6;1;346.901;1.000
diniy;;;432;6;1;346.901;1.000
d?slep;;;432;6;1;346.901;1.000
d?wirde;;;432;6;1;346.901;1.000
d?nya?a;;;432;6;1;346.901;1.000
d?zildi;;;432;6;1;346.901;1.000
el;;;432;6;1;346.901;1.000
etti;;;432;6;1;346.901;1.000
f;;;432;6;1;346.901;1.000
ferdawsiy;;;432;6;1;346.901;1.000
filosofiyal?q;;;432;6;1;346.901;1.000
g;;;432;6;1;346.901;1.000
haywanlar;;;432;6;1;346.901;1.000
hind;;;432;6;1;346.901;1.000
iyeleydi;;;432;6;1;346.901;1.000
jaqs?raq;;;432;6;1;346.901;1.000
jeke;;;432;6;1;346.901;1.000
jol;;;432;6;1;346.901;1.000
ketti;;;432;6;1;346.901;1.000
kisi;;;432;6;1;346.901;1.000
kletkal?lar;;;432;6;1;346.901;1.000
kura;;;432;6;1;346.901;1.000
k?beytiw;;;432;6;1;346.901;1.000
k?z;;;432;6;1;346.901;1.000
l?yli;;;432;6;1;346.901;1.000
marafon;;;432;6;1;346.901;1.000
mazmun?;;;432;6;1;346.901;1.000
ma?l?wmatlar;;;432;6;1;346.901;1.000
mektebi;;;432;6;1;346.901;1.000
mektep;;;432;6;1;346.901;1.000
miynet;;;432;6;1;346.901;1.000
n?zerde;;;432;6;1;346.901;1.000
qalas?;;;432;6;1;346.901;1.000
qald?;;;432;6;1;346.901;1.000
qars?;;;432;6;1;346.901;1.000
q?y?n;;;432;6;1;346.901;1.000
q?z?l;;;432;6;1;346.901;1.000
r;;;432;6;1;346.901;1.000
rawajlan?w?na;;;432;6;1;346.901;1.000
sanaat?;;;432;6;1;346.901;1.000
sebepli;;;432;6;1;346.901;1.000
shaxnama;;;432;6;1;346.901;1.000
shay?rlard??;;;432;6;1;346.901;1.000
sh??ad?;;;432;6;1;346.901;1.000
sh??arma;;;432;6;1;346.901;1.000
tiline;;;432;6;1;346.901;1.000
ts;;;432;6;1;346.901;1.000
tuwral?;;;432;6;1;346.901;1.000
t?rkiy;;;432;6;1;346.901;1.000
t?rli;;;432;6;1;346.901;1.000
v;;;432;6;1;346.901;1.000
waq?t;;;432;6;1;346.901;1.000
waq?tta??;;;432;6;1;346.901;1.000
yaki;;;432;6;1;346.901;1.000
yar?m;;;432;6;1;346.901;1.000
?debiyat?nda;;;432;6;1;346.901;1.000
?lbent;;;432;6;1;346.901;1.000
?lbette;;;432;6;1;346.901;1.000
?piway?;;;432;6;1;346.901;1.000
?sirler;;;432;6;1;346.901;1.000
?ner;;;432;6;1;346.901;1.000
?zgerisler;;;432;6;1;346.901;1.000
?les;;;432;6;1;346.901;1.000
?ar?abayd??;;;432;6;1;346.901;1.000
adamd?;;;517;5;1;289.084;1.000
akciya;;;517;5;1;289.084;1.000
ald?;;;517;5;1;289.084;1.000
ald?n;;;517;5;1;289.084;1.000
anas?;;;517;5;1;289.084;1.000
antarktikan??;;;517;5;1;289.084;1.000
an?q;;;517;5;1;289.084;1.000
aq?r?;;;517;5;1;289.084;1.000
arake;;;517;5;1;289.084;1.000
aras?nan;;;517;5;1;289.084;1.000
aras?nda??;;;517;5;1;289.084;1.000
art?q;;;517;5;1;289.084;1.000
ashar;;;517;5;1;289.084;1.000
ashard??;;;517;5;1;289.084;1.000
ash?ld?;;;517;5;1;289.084;1.000
ayt?lad?;;;517;5;1;289.084;1.000
ayt?sta;;;517;5;1;289.084;1.000
azayt?w;;;517;5;1;289.084;1.000
bahas?n;;;517;5;1;289.084;1.000
baslar?nda;;;517;5;1;289.084;1.000
beretu??n;;;517;5;1;289.084;1.000
bergen;;;517;5;1;289.084;1.000
besik;;;517;5;1;289.084;1.000
bilim;;;517;5;1;289.084;1.000
bolma?an;;;517;5;1;289.084;1.000
derlik;;;517;5;1;289.084;1.000
dini;;;517;5;1;289.084;1.000
dost?;;;517;5;1;289.084;1.000
d?rya;;;517;5;1;289.084;1.000
d?wirinde;;;517;5;1;289.084;1.000
d?retiwshiligi;;;517;5;1;289.084;1.000
d?retiwshilik;;;517;5;1;289.084;1.000
d?nyan??;;;517;5;1;289.084;1.000
ekonomikal?q;;;517;5;1;289.084;1.000
er;;;517;5;1;289.084;1.000
evrey;;;517;5;1;289.084;1.000
filosofiyas?;;;517;5;1;289.084;1.000
ga;;;517;5;1;289.084;1.000
ganjaviy;;;517;5;1;289.084;1.000
gaz;;;517;5;1;289.084;1.000
geyde;;;517;5;1;289.084;1.000
haywanlard??;;;517;5;1;289.084;1.000
hindistan;;;517;5;1;289.084;1.000
h?kimet;;;517;5;1;289.084;1.000
islam;;;517;5;1;289.084;1.000
j;;;517;5;1;289.084;1.000
jasaw;;;517;5;1;289.084;1.000
jaz?w;;;517;5;1;289.084;1.000
ja?daylar;;;517;5;1;289.084;1.000
jep;;;517;5;1;289.084;1.000
jetim;;;517;5;1;289.084;1.000
jetip;;;517;5;1;289.084;1.000
jum?s;;;517;5;1;289.084;1.000
j?miyetlik;;;517;5;1;289.084;1.000
j?zege;;;517;5;1;289.084;1.000
kapitald?;;;517;5;1;289.084;1.000
kem;;;517;5;1;289.084;1.000
ke?esi;;;517;5;1;289.084;1.000
k?rip;;;517;5;1;289.084;1.000
k?nde;;;517;5;1;289.084;1.000
k?shli;;;517;5;1;289.084;1.000
materiya;;;517;5;1;289.084;1.000
medicina;;;517;5;1;289.084;1.000
mektepte;;;517;5;1;289.084;1.000
minez;;;517;5;1;289.084;1.000
mln;;;517;5;1;289.084;1.000
moynaq;;;517;5;1;289.084;1.000
m?deniyat;;;517;5;1;289.084;1.000
m?deniyat?;;;517;5;1;289.084;1.000
m?jb?r;;;517;5;1;289.084;1.000
m?mleketi;;;517;5;1;289.084;1.000
naxichevan;;;517;5;1;289.084;1.000
nominal;;;517;5;1;289.084;1.000
noyabr;;;517;5;1;289.084;1.000
onda;;;517;5;1;289.084;1.000
oq?p;;;517;5;1;289.084;1.000
oq?w;;;517;5;1;289.084;1.000
organizmler;;;517;5;1;289.084;1.000
ortasha;;;517;5;1;289.084;1.000
partiyas?;;;517;5;1;289.084;1.000
pedagogikal?q;;;517;5;1;289.084;1.000
poemalar?;;;517;5;1;289.084;1.000
poemas?;;;517;5;1;289.084;1.000
p?tkilley;;;517;5;1;289.084;1.000
qala;;;517;5;1;289.084;1.000
qald?r?an;;;517;5;1;289.084;1.000
qaraqalpaqstan;;;517;5;1;289.084;1.000
qayta;;;517;5;1;289.084;1.000
qos???nda;;;517;5;1;289.084;1.000
qo??rat;;;517;5;1;289.084;1.000
qunanbay;;;517;5;1;289.084;1.000
q?lad?;;;517;5;1;289.084;1.000
q?r?a;;;517;5;1;289.084;1.000
q?z?na;;;517;5;1;289.084;1.000
rawajland?;;;517;5;1;289.084;1.000
rawajlan?w;;;517;5;1;289.084;1.000
rawajlan?w?;;;517;5;1;289.084;1.000
ret;;;517;5;1;289.084;1.000
ruqsat;;;517;5;1;289.084;1.000
saxara;;;517;5;1;289.084;1.000
saz;;;517;5;1;289.084;1.000
sh??arad?;;;517;5;1;289.084;1.000
sh??armalar?nda;;;517;5;1;289.084;1.000
siyasiy;;;517;5;1;289.084;1.000
sonda;;;517;5;1;289.084;1.000
sumgait;;;517;5;1;289.084;1.000
s?zlerdi;;;517;5;1;289.084;1.000
s?wretlengen;;;517;5;1;289.084;1.000
tabriziy;;;517;5;1;289.084;1.000
tariyx?n;;;517;5;1;289.084;1.000
tere?;;;517;5;1;289.084;1.000
tilge;;;517;5;1;289.084;1.000
tiyis;;;517;5;1;289.084;1.000
tur?p;;;517;5;1;289.084;1.000
tut?l?an;;;517;5;1;289.084;1.000
tuw?sqan;;;517;5;1;289.084;1.000
t?siri;;;517;5;1;289.084;1.000
t?rki;;;517;5;1;289.084;1.000
t?ser;;;517;5;1;289.084;1.000
t?sip;;;517;5;1;289.084;1.000
vedal?q;;;517;5;1;289.084;1.000
waq?ya;;;517;5;1;289.084;1.000
xii;;;517;5;1;289.084;1.000
xiratqa;;;517;5;1;289.084;1.000
xojal?q;;;517;5;1;289.084;1.000
x?zmet;;;517;5;1;289.084;1.000
?debiy;;;517;5;1;289.084;1.000
?sirden;;;517;5;1;289.084;1.000
?zerbayjanda;;;517;5;1;289.084;1.000
?neri;;;517;5;1;289.084;1.000
?sken;;;517;5;1;289.084;1.000
?zbekstan;;;517;5;1;289.084;1.000
?ylenedi;;;517;5;1;289.084;1.000
?lay?q;;;517;5;1;289.084;1.000
?ar?abay;;;517;5;1;289.084;1.000
akciyalar;;;652;4;1;231.267;1.000
aleksandr;;;652;4;1;231.267;1.000
alt?;;;652;4;1;231.267;1.000
al?mlar;;;652;4;1;231.267;1.000
al?n?p;;;652;4;1;231.267;1.000
antarktikada;;;652;4;1;231.267;1.000
aq?r?nda;;;652;4;1;231.267;1.000
aral???nda;;;652;4;1;231.267;1.000
arnawl?;;;652;4;1;231.267;1.000
ast?;;;652;4;1;231.267;1.000
atawlar?;;;652;4;1;231.267;1.000
at?r?an;;;652;4;1;231.267;1.000
avtor;;;652;4;1;231.267;1.000
awdar?l?an;;;652;4;1;231.267;1.000
awdar?an;;;652;4;1;231.267;1.000
awqam?;;;652;4;1;231.267;1.000
ayma??nda;;;652;4;1;231.267;1.000
aytqanda;;;652;4;1;231.267;1.000
ayt?sqan;;;652;4;1;231.267;1.000
ayt?w;;;652;4;1;231.267;1.000
azia;;;652;4;1;231.267;1.000
a?latad?;;;652;4;1;231.267;1.000
barad?;;;652;4;1;231.267;1.000
bas;;;652;4;1;231.267;1.000
basl?;;;652;4;1;231.267;1.000
bay;;;652;4;1;231.267;1.000
bazar;;;652;4;1;231.267;1.000
beriw;;;652;4;1;231.267;1.000
bilimlendiriw;;;652;4;1;231.267;1.000
bilimli;;;652;4;1;231.267;1.000
biologiyas?;;;652;4;1;231.267;1.000
birgelikte;;;652;4;1;231.267;1.000
biy;;;652;4;1;231.267;1.000
bizge;;;652;4;1;231.267;1.000
bizi?;;;652;4;1;231.267;1.000
bol?w;;;652;4;1;231.267;1.000
bozataw;;;652;4;1;231.267;1.000
bur?nnan;;;652;4;1;231.267;1.000
b?legin;;;652;4;1;231.267;1.000
b?lim;;;652;4;1;231.267;1.000
di;;;652;4;1;231.267;1.000
din;;;652;4;1;231.267;1.000
dizimge;;;652;4;1;231.267;1.000
d?rejesi;;;652;4;1;231.267;1.000
d?stan?n??;;;652;4;1;231.267;1.000
d?wir;;;652;4;1;231.267;1.000
d?wirine;;;652;4;1;231.267;1.000
d?wirini?;;;652;4;1;231.267;1.000
d?wqaraev;;;652;4;1;231.267;1.000
d?retpelerini?;;;652;4;1;231.267;1.000
d?zilgen;;;652;4;1;231.267;1.000
d?qqatqa;;;652;4;1;231.267;1.000
eken;;;652;4;1;231.267;1.000
ekenin;;;652;4;1;231.267;1.000
elektr;;;652;4;1;231.267;1.000
ganja;;;652;4;1;231.267;1.000
haq?yq?y;;;652;4;1;231.267;1.000
huq?q?na;;;652;4;1;231.267;1.000
h?mme;;;652;4;1;231.267;1.000
h?mmesi;;;652;4;1;231.267;1.000
h?rbir;;;652;4;1;231.267;1.000
h?jjet;;;652;4;1;231.267;1.000
ilimpaz;;;652;4;1;231.267;1.000
iyelerini?;;;652;4;1;231.267;1.000
izertlew;;;652;4;1;231.267;1.000
jan;;;652;4;1;231.267;1.000
janr?;;;652;4;1;231.267;1.000
jaslar?nan;;;652;4;1;231.267;1.000
jaylast?r?w;;;652;4;1;231.267;1.000
jaz?w?a;;;652;4;1;231.267;1.000
ja?daylarda;;;652;4;1;231.267;1.000
jerini?;;;652;4;1;231.267;1.000
jigirma;;;652;4;1;231.267;1.000
jolda;;;652;4;1;231.267;1.000
joqar??;;;652;4;1;231.267;1.000
jum?slar?;;;652;4;1;231.267;1.000
j?rek;;;652;4;1;231.267;1.000
j?rgen;;;652;4;1;231.267;1.000
j?llarda;;;652;4;1;231.267;1.000
j?llar?nda;;;652;4;1;231.267;1.000
j?ll?;;;652;4;1;231.267;1.000
j?l?na;;;652;4;1;231.267;1.000
j?ynal?s?nda;;;652;4;1;231.267;1.000
j?ynal?an;;;652;4;1;231.267;1.000
kapital?;;;652;4;1;231.267;1.000
kapital?n;;;652;4;1;231.267;1.000
kartas?nda;;;652;4;1;231.267;1.000
karta?a;;;652;4;1;231.267;1.000
keliwi;;;652;4;1;231.267;1.000
kemnen;;;652;4;1;231.267;1.000
ke?nen;;;652;4;1;231.267;1.000
kim;;;652;4;1;231.267;1.000
kirip;;;652;4;1;231.267;1.000
kisini?;;;652;4;1;231.267;1.000
kletkal?lard??;;;652;4;1;231.267;1.000
konferenciya;;;652;4;1;231.267;1.000
k?pshiligi;;;652;4;1;231.267;1.000
k?rgen;;;652;4;1;231.267;1.000
k?rsetilgen;;;652;4;1;231.267;1.000
k?rsetken;;;652;4;1;231.267;1.000
k?zi;;;652;4;1;231.267;1.000
lirikal?q;;;652;4;1;231.267;1.000
materiallar;;;652;4;1;231.267;1.000
metrge;;;652;4;1;231.267;1.000
mirza;;;652;4;1;231.267;1.000
miyras;;;652;4;1;231.267;1.000
mol;;;652;4;1;231.267;1.000
mu?dar?;;;652;4;1;231.267;1.000
n?jip;;;652;4;1;231.267;1.000
n?tiyjesinde;;;652;4;1;231.267;1.000
obraz?;;;652;4;1;231.267;1.000
opera?a;;;652;4;1;231.267;1.000
oq?w?a;;;652;4;1;231.267;1.000
oy?n;;;652;4;1;231.267;1.000
poetikal?q;;;652;4;1;231.267;1.000
pul;;;652;4;1;231.267;1.000
qalalar;;;652;4;1;231.267;1.000
qalas?na;;;652;4;1;231.267;1.000
qalay;;;652;4;1;231.267;1.000
qaraqalpaqlar;;;652;4;1;231.267;1.000
qatarlar?;;;652;4;1;231.267;1.000
qatt?;;;652;4;1;231.267;1.000
qayda;;;652;4;1;231.267;1.000
qazaqstann??;;;652;4;1;231.267;1.000
qoljazba;;;652;4;1;231.267;1.000
qosqan;;;652;4;1;231.267;1.000
qos?p;;;652;4;1;231.267;1.000
qurap;;;652;4;1;231.267;1.000
qur?ld?;;;652;4;1;231.267;1.000
q?legen;;;652;4;1;231.267;1.000
q?sqa;;;652;4;1;231.267;1.000
realistlik;;;652;4;1;231.267;1.000
sankt;;;652;4;1;231.267;1.000
saqlan?an;;;652;4;1;231.267;1.000
saray?;;;652;4;1;231.267;1.000
sebepshi;;;652;4;1;231.267;1.000
shamalas;;;652;4;1;231.267;1.000
shaxnaman??;;;652;4;1;231.267;1.000
shay?rlar?;;;652;4;1;231.267;1.000
sheber;;;652;4;1;231.267;1.000
sh?rtnama;;;652;4;1;231.267;1.000
sh?lkemlestirildi;;;652;4;1;231.267;1.000
sh??ar?p;;;652;4;1;231.267;1.000
sh???p;;;652;4;1;231.267;1.000
sonnan;;;652;4;1;231.267;1.000
so?;;;652;4;1;231.267;1.000
suhrab;;;652;4;1;231.267;1.000
s?yleytu??n;;;652;4;1;231.267;1.000
s?wret;;;652;4;1;231.267;1.000
tas;;;652;4;1;231.267;1.000
taw;;;652;4;1;231.267;1.000
tawlar?;;;652;4;1;231.267;1.000
te;;;652;4;1;231.267;1.000
tez;;;652;4;1;231.267;1.000
tilles;;;652;4;1;231.267;1.000
tirishilik;;;652;4;1;231.267;1.000
turm?st??;;;652;4;1;231.267;1.000
t?lim;;;652;4;1;231.267;1.000
t?rin;;;652;4;1;231.267;1.000
t?rkiyan??;;;652;4;1;231.267;1.000
t?rkstan;;;652;4;1;231.267;1.000
t?sedi;;;652;4;1;231.267;1.000
t?sirgen;;;652;4;1;231.267;1.000
t?n?sh;;;652;4;1;231.267;1.000
ul;;;652;4;1;231.267;1.000
universitetinde;;;652;4;1;231.267;1.000
ustaz;;;652;4;1;231.267;1.000
us?l?;;;652;4;1;231.267;1.000
uz?n;;;652;4;1;231.267;1.000
uz?nl???;;;652;4;1;231.267;1.000
vedalar;;;652;4;1;231.267;1.000
xann??;;;652;4;1;231.267;1.000
xi;;;652;4;1;231.267;1.000
xiv;;;652;4;1;231.267;1.000
xiywa;;;652;4;1;231.267;1.000
xojal???;;;652;4;1;231.267;1.000
xusayn;;;652;4;1;231.267;1.000
xvi;;;652;4;1;231.267;1.000
xvii;;;652;4;1;231.267;1.000
x?s?raw;;;652;4;1;231.267;1.000
yadtan;;;652;4;1;231.267;1.000
yar?m?nda;;;652;4;1;231.267;1.000
yugnak;;;652;4;1;231.267;1.000
zaman;;;652;4;1;231.267;1.000
zat;;;652;4;1;231.267;1.000
?bilqas?m;;;652;4;1;231.267;1.000
?sbaplar?;;;652;4;1;231.267;1.000
?jiniyaz;;;652;4;1;231.267;1.000
?tken;;;652;4;1;231.267;1.000
?tkir;;;652;4;1;231.267;1.000
?zgesheligi;;;652;4;1;231.267;1.000
?zlerini?;;;652;4;1;231.267;1.000
?lesi;;;652;4;1;231.267;1.000
adamlard?;;;845;3;1;173.451;1.000
advokatlar;;;845;3;1;173.451;1.000
advokatura;;;845;3;1;173.451;1.000
afrikada;;;845;3;1;173.451;1.000
afrikan??;;;845;3;1;173.451;1.000
albert;;;845;3;1;173.451;1.000
almad?;;;845;3;1;173.451;1.000
almay;;;845;3;1;173.451;1.000
almayd?;;;845;3;1;173.451;1.000
al?nd?;;;845;3;1;173.451;1.000
al?w?;;;845;3;1;173.451;1.000
appa??m;;;845;3;1;173.451;1.000
aql?q;;;845;3;1;173.451;1.000
aqsh;;;845;3;1;173.451;1.000
aq?betinde;;;845;3;1;173.451;1.000
arablar;;;845;3;1;173.451;1.000
arnap;;;845;3;1;173.451;1.000
arshin;;;845;3;1;173.451;1.000
arxitektor?;;;845;3;1;173.451;1.000
arxitektural?q;;;845;3;1;173.451;1.000
aslam;;;845;3;1;173.451;1.000
ataql?;;;845;3;1;173.451;1.000
atayd?;;;845;3;1;173.451;1.000
atqar?latu??n;;;845;3;1;173.451;1.000
awqat;;;845;3;1;173.451;1.000
aw?lda;;;845;3;1;173.451;1.000
aw?ll?q;;;845;3;1;173.451;1.000
axundov;;;845;3;1;173.451;1.000
aytatu??n;;;845;3;1;173.451;1.000
aytqan;;;845;3;1;173.451;1.000
ayt?l?w?;;;845;3;1;173.451;1.000
ayt?slar?;;;845;3;1;173.451;1.000
ay?r?l?p;;;845;3;1;173.451;1.000
azayt?w?a;;;845;3;1;173.451;1.000
az?q;;;845;3;1;173.451;1.000
a?art?wsh?l?q;;;845;3;1;173.451;1.000
baha;;;845;3;1;173.451;1.000
bahas?;;;845;3;1;173.451;1.000
bakteriyan??;;;845;3;1;173.451;1.000
balalar?;;;845;3;1;173.451;1.000
baqlaw;;;845;3;1;173.451;1.000
bard?;;;845;3;1;173.451;1.000
bar?w?;;;845;3;1;173.451;1.000
bar?an;;;845;3;1;173.451;1.000
baspa;;;845;3;1;173.451;1.000
baspadan;;;845;3;1;173.451;1.000
basqar?w;;;845;3;1;173.451;1.000
bast?r?p;;;845;3;1;173.451;1.000
bat?r;;;845;3;1;173.451;1.000
ba?darda;;;845;3;1;173.451;1.000
ba??shlan?an;;;845;3;1;173.451;1.000
berdi;;;845;3;1;173.451;1.000
berdimurat;;;845;3;1;173.451;1.000
berildi;;;845;3;1;173.451;1.000
berilgen;;;845;3;1;173.451;1.000
bilgen;;;845;3;1;173.451;1.000
bilimin;;;845;3;1;173.451;1.000
biologlar;;;845;3;1;173.451;1.000
birew;;;845;3;1;173.451;1.000
birin;;;845;3;1;173.451;1.000
birlikte;;;845;3;1;173.451;1.000
bizler;;;845;3;1;173.451;1.000
bolgan;;;845;3;1;173.451;1.000
bol?w?na;;;845;3;1;173.451;1.000
bol?anl???;;;845;3;1;173.451;1.000
bulard??;;;845;3;1;173.451;1.000
bun?;;;845;3;1;173.451;1.000
butakov;;;845;3;1;173.451;1.000
b?limde;;;845;3;1;173.451;1.000
b?limin;;;845;3;1;173.451;1.000
b?liminde;;;845;3;1;173.451;1.000
b?lip;;;845;3;1;173.451;1.000
degende;;;845;3;1;173.451;1.000
deregi;;;845;3;1;173.451;1.000
d?wirdi?;;;845;3;1;173.451;1.000
d?wirindegi;;;845;3;1;173.451;1.000
d?wirlerde;;;845;3;1;173.451;1.000
d?retiwshiligine;;;845;3;1;173.451;1.000
d?retken;;;845;3;1;173.451;1.000
d?ziw;;;845;3;1;173.451;1.000
d?qqat;;;845;3;1;173.451;1.000
edim;;;845;3;1;173.451;1.000
ele;;;845;3;1;173.451;1.000
elge;;;845;3;1;173.451;1.000
eline;;;845;3;1;173.451;1.000
elmurat;;;845;3;1;173.451;1.000
ertekleri;;;845;3;1;173.451;1.000
esaplaw;;;845;3;1;173.451;1.000
ese;;;845;3;1;173.451;1.000
eskertkish;;;845;3;1;173.451;1.000
et;;;845;3;1;173.451;1.000
etildi;;;845;3;1;173.451;1.000
evgeniy;;;845;3;1;173.451;1.000
eynshteyn;;;845;3;1;173.451;1.000
farhad;;;845;3;1;173.451;1.000
folklorda??;;;845;3;1;173.451;1.000
folklor?;;;845;3;1;173.451;1.000
folklor?a;;;845;3;1;173.451;1.000
ge;;;845;3;1;173.451;1.000
geyparalar?;;;845;3;1;173.451;1.000
gretsiyada;;;845;3;1;173.451;1.000
haf?z;;;845;3;1;173.451;1.000
haq?yqatlar;;;845;3;1;173.451;1.000
haq?yqat?nda;;;845;3;1;173.451;1.000
hayal?;;;845;3;1;173.451;1.000
hayal?nan;;;845;3;1;173.451;1.000
hojibekov;;;845;3;1;173.451;1.000
huq?q?;;;845;3;1;173.451;1.000
huq?q?n;;;845;3;1;173.451;1.000
h?rbiri;;;845;3;1;173.451;1.000
h?reketi;;;845;3;1;173.451;1.000
ilimge;;;845;3;1;173.451;1.000
ilimler;;;845;3;1;173.451;1.000
in;;;845;3;1;173.451;1.000
institut?nda;;;845;3;1;173.451;1.000
ishki;;;845;3;1;173.451;1.000
islewi;;;845;3;1;173.451;1.000
isleydi;;;845;3;1;173.451;1.000
istanbul;;;845;3;1;173.451;1.000
izbe;;;845;3;1;173.451;1.000
jamanl?q;;;845;3;1;173.451;1.000
jana;;;845;3;1;173.451;1.000
jaqtan;;;845;3;1;173.451;1.000
jaqt?l?q;;;845;3;1;173.451;1.000
jasap;;;845;3;1;173.451;1.000
jasawsh?;;;845;3;1;173.451;1.000
jaslay?nan;;;845;3;1;173.451;1.000
jasl???nan;;;845;3;1;173.451;1.000
jas?l;;;845;3;1;173.451;1.000
jaza;;;845;3;1;173.451;1.000
jazd?;;;845;3;1;173.451;1.000
jaz?wsh?;;;845;3;1;173.451;1.000
ja?adan;;;845;3;1;173.451;1.000
jergilikli;;;845;3;1;173.451;1.000
jerler;;;845;3;1;173.451;1.000
jerlerge;;;845;3;1;173.451;1.000
je?iske;;;845;3;1;173.451;1.000
jiberilgen;;;845;3;1;173.451;1.000
jol?n;;;845;3;1;173.451;1.000
jum?s?n;;;845;3;1;173.451;1.000
juw?r?w;;;845;3;1;173.451;1.000
j?miydi?;;;845;3;1;173.451;1.000
j?miyetti;;;845;3;1;173.451;1.000
j?rdeminde;;;845;3;1;173.451;1.000
j?rip;;;845;3;1;173.451;1.000
j?zi;;;845;3;1;173.451;1.000
j?lday;;;845;3;1;173.451;1.000
j?ld??;;;845;3;1;173.451;1.000
j?llarda??;;;845;3;1;173.451;1.000
j?llard??;;;845;3;1;173.451;1.000
j?r?;;;845;3;1;173.451;1.000
j?yna??;;;845;3;1;173.451;1.000
k;;;845;3;1;173.451;1.000
karakalpak;;;845;3;1;173.451;1.000
kelgende;;;845;3;1;173.451;1.000
kelgennen;;;845;3;1;173.451;1.000
kelinshek;;;845;3;1;173.451;1.000
keyninde;;;845;3;1;173.451;1.000
kishi;;;845;3;1;173.451;1.000
kitaplar;;;845;3;1;173.451;1.000
kitaplard?;;;845;3;1;173.451;1.000
kitapt?;;;845;3;1;173.451;1.000
klassikal?q;;;845;3;1;173.451;1.000
konservatoriya;;;845;3;1;173.451;1.000
kosmos;;;845;3;1;173.451;1.000
k?l;;;845;3;1;173.451;1.000
k?re;;;845;3;1;173.451;1.000
k?rinedi;;;845;3;1;173.451;1.000
k?rsetti;;;845;3;1;173.451;1.000
k?ship;;;845;3;1;173.451;1.000
k?shirilgen;;;845;3;1;173.451;1.000
k?shpeli;;;845;3;1;173.451;1.000
k?nsh???s;;;845;3;1;173.451;1.000
k?sheydi;;;845;3;1;173.451;1.000
l;;;845;3;1;173.451;1.000
majnun;;;845;3;1;173.451;1.000
maqset;;;845;3;1;173.451;1.000
maqul;;;845;3;1;173.451;1.000
maydan?;;;845;3;1;173.451;1.000
mediresede;;;845;3;1;173.451;1.000
medireselerinde;;;845;3;1;173.451;1.000
mediresesinde;;;845;3;1;173.451;1.000
mektepke;;;845;3;1;173.451;1.000
men;;;845;3;1;173.451;1.000
metr;;;845;3;1;173.451;1.000
meyli;;;845;3;1;173.451;1.000
me?eshti?;;;845;3;1;173.451;1.000
mikroskop;;;845;3;1;173.451;1.000
mimansa;;;845;3;1;173.451;1.000
mine;;;845;3;1;173.451;1.000
ministrler;;;845;3;1;173.451;1.000
minnetlemesi;;;845;3;1;173.451;1.000
miyneti?;;;845;3;1;173.451;1.000
mm;;;845;3;1;173.451;1.000
muhammed;;;845;3;1;173.451;1.000
muwap?q;;;845;3;1;173.451;1.000
muz;;;845;3;1;173.451;1.000
muzeyi;;;845;3;1;173.451;1.000
muzl?;;;845;3;1;173.451;1.000
m?jn??;;;845;3;1;173.451;1.000
m?mleketke;;;845;3;1;173.451;1.000
m?mleketlerde;;;845;3;1;173.451;1.000
m?nisi;;;845;3;1;173.451;1.000
m?seleleri;;;845;3;1;173.451;1.000
m??gi;;;845;3;1;173.451;1.000
m?yten;;;845;3;1;173.451;1.000
naway?n?;;;845;3;1;173.451;1.000
negizinen;;;845;3;1;173.451;1.000
n?jepti;;;845;3;1;173.451;1.000
n??;;;845;3;1;173.451;1.000
obraz;;;845;3;1;173.451;1.000
olimpiada;;;845;3;1;173.451;1.000
olon;;;845;3;1;173.451;1.000
onegin;;;845;3;1;173.451;1.000
oq?w?;;;845;3;1;173.451;1.000
oq?w?n;;;845;3;1;173.451;1.000
oq?yd?;;;845;3;1;173.451;1.000
oq??an;;;845;3;1;173.451;1.000
oray?nda;;;845;3;1;173.451;1.000
or?nd?;;;845;3;1;173.451;1.000
or?n?a;;;845;3;1;173.451;1.000
ot?r?an;;;845;3;1;173.451;1.000
oylap;;;845;3;1;173.451;1.000
par?q;;;845;3;1;173.451;1.000
patshal???;;;845;3;1;173.451;1.000
patshan??;;;845;3;1;173.451;1.000
paydalan?w;;;845;3;1;173.451;1.000
paydas?;;;845;3;1;173.451;1.000
paytaxt?;;;845;3;1;173.451;1.000
pikir;;;845;3;1;173.451;1.000
pikirdi;;;845;3;1;173.451;1.000
pikirler;;;845;3;1;173.451;1.000
poeziyas?;;;845;3;1;173.451;1.000
poeziyas?n??;;;845;3;1;173.451;1.000
p?sh?q;;;845;3;1;173.451;1.000
qaharmanl?q;;;845;3;1;173.451;1.000
qalalar?;;;845;3;1;173.451;1.000
qalas?n??;;;845;3;1;173.451;1.000
qal?p;;;845;3;1;173.451;1.000
qal?w?;;;845;3;1;173.451;1.000
qam?s;;;845;3;1;173.451;1.000
qam?sl?qlar;;;845;3;1;173.451;1.000
qaraba?;;;845;3;1;173.451;1.000
qarajan;;;845;3;1;173.451;1.000
qarap;;;845;3;1;173.451;1.000
qaraqalpaqlard??;;;845;3;1;173.451;1.000
qash;;;845;3;1;173.451;1.000
qash?p;;;845;3;1;173.451;1.000
qatar?na;;;845;3;1;173.451;1.000
qatnas;;;845;3;1;173.451;1.000
qays?;;;845;3;1;173.451;1.000
qollan?lad?;;;845;3;1;173.451;1.000
qollan?latu??n;;;845;3;1;173.451;1.000
qol?na;;;845;3;1;173.451;1.000
qon?p;;;845;3;1;173.451;1.000
qorshal?an;;;845;3;1;173.451;1.000
quliyev;;;845;3;1;173.451;1.000
qunt;;;845;3;1;173.451;1.000
qurall?;;;845;3;1;173.451;1.000
quram?na;;;845;3;1;173.451;1.000
qura?an;;;845;3;1;173.451;1.000
quy?an;;;845;3;1;173.451;1.000
q?zd??;;;845;3;1;173.451;1.000
q?zlar;;;845;3;1;173.451;1.000
ray?;;;845;3;1;173.451;1.000
respublika;;;845;3;1;173.451;1.000
re?li;;;845;3;1;173.451;1.000
rossiyan??;;;845;3;1;173.451;1.000
ruwx?y;;;845;3;1;173.451;1.000
r?smiy;;;845;3;1;173.451;1.000
saadiy;;;845;3;1;173.451;1.000
sanaat;;;845;3;1;173.451;1.000
saqlanad?;;;845;3;1;173.451;1.000
saqlan?p;;;845;3;1;173.451;1.000
saray;;;845;3;1;173.451;1.000
saray?nda;;;845;3;1;173.451;1.000
sat?w;;;845;3;1;173.451;1.000
sa?an;;;845;3;1;173.451;1.000
sen;;;845;3;1;173.451;1.000
sentyabr;;;845;3;1;173.451;1.000
sezip;;;845;3;1;173.451;1.000
shah;;;845;3;1;173.451;1.000
shash?n;;;845;3;1;173.451;1.000
shawl?qlar?;;;845;3;1;173.451;1.000
shayx;;;845;3;1;173.451;1.000
shay?rlar?n??;;;845;3;1;173.451;1.000
shay?rl?q;;;845;3;1;173.451;1.000
sha?ara??;;;845;3;1;173.451;1.000
sha?ara??nan;;;845;3;1;173.451;1.000
shet;;;845;3;1;173.451;1.000
shirvaniy;;;845;3;1;173.451;1.000
shiyrin;;;845;3;1;173.451;1.000
shiyri?;;;845;3;1;173.451;1.000
shu??llanad?;;;845;3;1;173.451;1.000
sh?l;;;845;3;1;173.451;1.000
sh?n?nda;;;845;3;1;173.451;1.000
sh?qt?;;;845;3;1;173.451;1.000
sorayd?;;;845;3;1;173.451;1.000
subtropikal?q;;;845;3;1;173.451;1.000
suw?n??;;;845;3;1;173.451;1.000
s?nege;;;845;3;1;173.451;1.000
s?zdi?;;;845;3;1;173.451;1.000
s?zi;;;845;3;1;173.451;1.000
s?zine;;;845;3;1;173.451;1.000
s?zler;;;845;3;1;173.451;1.000
s?rginde;;;845;3;1;173.451;1.000
s?wretlew;;;845;3;1;173.451;1.000
s?rd?rya;;;845;3;1;173.451;1.000
s?rtq?;;;845;3;1;173.451;1.000
s?yl???;;;845;3;1;173.451;1.000
tab?l?an;;;845;3;1;173.451;1.000
talap;;;845;3;1;173.451;1.000
tapqan;;;845;3;1;173.451;1.000
tariyx?;;;845;3;1;173.451;1.000
tawl?;;;845;3;1;173.451;1.000
taza;;;845;3;1;173.451;1.000
temir;;;845;3;1;173.451;1.000
temuriy;;;845;3;1;173.451;1.000
teoriyalar;;;845;3;1;173.451;1.000
teoriyalar?;;;845;3;1;173.451;1.000
te?;;;845;3;1;173.451;1.000
te?izin;;;845;3;1;173.451;1.000
thumb;;;845;3;1;173.451;1.000
tilde;;;845;3;1;173.451;1.000
tilin;;;845;3;1;173.451;1.000
tillerinde;;;845;3;1;173.451;1.000
tiykarlan?an;;;845;3;1;173.451;1.000
tol?;;;845;3;1;173.451;1.000
toy;;;845;3;1;173.451;1.000
turan;;;845;3;1;173.451;1.000
turm?s;;;845;3;1;173.451;1.000
tuwr?;;;845;3;1;173.451;1.000
tuwr?s?nda;;;845;3;1;173.451;1.000
tuw?lad?;;;845;3;1;173.451;1.000
t?liymat?;;;845;3;1;173.451;1.000
t?rip;;;845;3;1;173.451;1.000
t?lew;;;845;3;1;173.451;1.000
t?mendegi;;;845;3;1;173.451;1.000
t?mengi;;;845;3;1;173.451;1.000
t?r;;;845;3;1;173.451;1.000
t?rdegi;;;845;3;1;173.451;1.000
t?rleri;;;845;3;1;173.451;1.000
t?sinedi;;;845;3;1;173.451;1.000
ulama;;;845;3;1;173.451;1.000
ul?n??;;;845;3;1;173.451;1.000
universiteti;;;845;3;1;173.451;1.000
ural;;;845;3;1;173.451;1.000
ush?rasad?;;;845;3;1;173.451;1.000
ustav?na;;;845;3;1;173.451;1.000
ustazlar?;;;845;3;1;173.451;1.000
uyqas?p;;;845;3;1;173.451;1.000
uzaq;;;845;3;1;173.451;1.000
waqt?nda;;;845;3;1;173.451;1.000
waq?tlar?nan;;;845;3;1;173.451;1.000
waq?yalar;;;845;3;1;173.451;1.000
xal?qlar?;;;845;3;1;173.451;1.000
xal?qt?;;;845;3;1;173.451;1.000
xal?qt??;;;845;3;1;173.451;1.000
xamsada;;;845;3;1;173.451;1.000
xan;;;845;3;1;173.451;1.000
xiii;;;845;3;1;173.451;1.000
ximiya;;;845;3;1;173.451;1.000
xojal???n??;;;845;3;1;173.451;1.000
xorasan;;;845;3;1;173.451;1.000
xorezmiy;;;845;3;1;173.451;1.000
xv;;;845;3;1;173.451;1.000
x?zmetkerleri;;;845;3;1;173.451;1.000
yan;;;845;3;1;173.451;1.000
yu;;;845;3;1;173.451;1.000
yumor;;;845;3;1;173.451;1.000
zakavkazye;;;845;3;1;173.451;1.000
zamanlas?;;;845;3;1;173.451;1.000
zatlard??;;;845;3;1;173.451;1.000
?b?w;;;845;3;1;173.451;1.000
?dalatl?;;;845;3;1;173.451;1.000
?debiyatt??;;;845;3;1;173.451;1.000
?hmiyeti;;;845;3;1;173.451;1.000
?miwd?ryan??;;;845;3;1;173.451;1.000
?sirge;;;845;3;1;173.451;1.000
?tirap?na;;;845;3;1;173.451;1.000
?yyemnen;;;845;3;1;173.451;1.000
?zerbayjann??;;;845;3;1;173.451;1.000
?mirinde;;;845;3;1;173.451;1.000
?nerini?;;;845;3;1;173.451;1.000
?sedi;;;845;3;1;173.451;1.000
?simlikler;;;845;3;1;173.451;1.000
?tew;;;845;3;1;173.451;1.000
?tkennen;;;845;3;1;173.451;1.000
?zgeshe;;;845;3;1;173.451;1.000
?zin;;;845;3;1;173.451;1.000
?zleri;;;845;3;1;173.451;1.000
?lgileri;;;845;3;1;173.451;1.000
?stine;;;845;3;1;173.451;1.000
?yrengen;;;845;3;1;173.451;1.000
?yreniwshi;;;845;3;1;173.451;1.000
?zliksiz;;;845;3;1;173.451;1.000
?airi;;;845;3;1;173.451;1.000
abayd??;;;1242;2;1;115.634;1.000
abdiraxman;;;1242;2;1;115.634;1.000
abrar;;;1242;2;1;115.634;1.000
absolyut;;;1242;2;1;115.634;1.000
abu;;;1242;2;1;115.634;1.000
adamlar?a;;;1242;2;1;115.634;1.000
adamzat;;;1242;2;1;115.634;1.000
adamzatt??;;;1242;2;1;115.634;1.000
adam?a;;;1242;2;1;115.634;1.000
adeb;;;1242;2;1;115.634;1.000
adjiva;;;1242;2;1;115.634;1.000
advokatl?q;;;1242;2;1;115.634;1.000
advokaturan??;;;1242;2;1;115.634;1.000
afina;;;1242;2;1;115.634;1.000
afina?a;;;1242;2;1;115.634;1.000
afrikas?;;;1242;2;1;115.634;1.000
ajay?bat;;;1242;2;1;115.634;1.000
aj?ralad?;;;1242;2;1;115.634;1.000
akcioner;;;1242;2;1;115.634;1.000
akcionerler;;;1242;2;1;115.634;1.000
akciyalar?n;;;1242;2;1;115.634;1.000
aktivler;;;1242;2;1;115.634;1.000
albaniya;;;1242;2;1;115.634;1.000
alekperov;;;1242;2;1;115.634;1.000
aleksandrovskiyge;;;1242;2;1;115.634;1.000
almas?w;;;1242;2;1;115.634;1.000
alt?n;;;1242;2;1;115.634;1.000
alt?nk?kirt;;;1242;2;1;115.634;1.000
alunit;;;1242;2;1;115.634;1.000
alyuminiy;;;1242;2;1;115.634;1.000
al?m;;;1242;2;1;115.634;1.000
al?m?;;;1242;2;1;115.634;1.000
al?anda;;;1242;2;1;115.634;1.000
amerika;;;1242;2;1;115.634;1.000
amirovt??;;;1242;2;1;115.634;1.000
anas?nan;;;1242;2;1;115.634;1.000
anas?n??;;;1242;2;1;115.634;1.000
anatomiya;;;1242;2;1;115.634;1.000
ankara;;;1242;2;1;115.634;1.000
antarktika?a;;;1242;2;1;115.634;1.000
aprel;;;1242;2;1;115.634;1.000
aprelde;;;1242;2;1;115.634;1.000
aqqala;;;1242;2;1;115.634;1.000
aqsha;;;1242;2;1;115.634;1.000
aqsha?a;;;1242;2;1;115.634;1.000
aq?ll?;;;1242;2;1;115.634;1.000
ara;;;1242;2;1;115.634;1.000
arablard??;;;1242;2;1;115.634;1.000
arada;;;1242;2;1;115.634;1.000
aradan;;;1242;2;1;115.634;1.000
aralap;;;1242;2;1;115.634;1.000
aralda;;;1242;2;1;115.634;1.000
aral???n;;;1242;2;1;115.634;1.000
aral???na;;;1242;2;1;115.634;1.000
aristokrat;;;1242;2;1;115.634;1.000
armeniya;;;1242;2;1;115.634;1.000
arqas?nda;;;1242;2;1;115.634;1.000
arsha;;;1242;2;1;115.634;1.000
art?qmashl?;;;1242;2;1;115.634;1.000
arxeologiyal?q;;;1242;2;1;115.634;1.000
arxitekturas?;;;1242;2;1;115.634;1.000
ashamayl?;;;1242;2;1;115.634;1.000
ashk?z;;;1242;2;1;115.634;1.000
ash?l?p;;;1242;2;1;115.634;1.000
ash?qlar;;;1242;2;1;115.634;1.000
asim;;;1242;2;1;115.634;1.000
astana;;;1242;2;1;115.634;1.000
ast?na;;;1242;2;1;115.634;1.000
ast?nda;;;1242;2;1;115.634;1.000
atalatu??n;;;1242;2;1;115.634;1.000
atald?;;;1242;2;1;115.634;1.000
atamas?nda??;;;1242;2;1;115.634;1.000
ataqqa;;;1242;2;1;115.634;1.000
atlantika;;;1242;2;1;115.634;1.000
atqarad?;;;1242;2;1;115.634;1.000
at?n;;;1242;2;1;115.634;1.000
avgustta;;;1242;2;1;115.634;1.000
awdar?l?p;;;1242;2;1;115.634;1.000
awqatlan?p;;;1242;2;1;115.634;1.000
aw?l?nda;;;1242;2;1;115.634;1.000
aw?l?n??;;;1242;2;1;115.634;1.000
aw?r;;;1242;2;1;115.634;1.000
aw?r?w;;;1242;2;1;115.634;1.000
aw?z;;;1242;2;1;115.634;1.000
axmet;;;1242;2;1;115.634;1.000
axun;;;1242;2;1;115.634;1.000
ayaq;;;1242;2;1;115.634;1.000
aylanad?;;;1242;2;1;115.634;1.000
ayland?r?an;;;1242;2;1;115.634;1.000
aylan?p;;;1242;2;1;115.634;1.000
aymaql?q;;;1242;2;1;115.634;1.000
ayma??nan;;;1242;2;1;115.634;1.000
ayma??n??;;;1242;2;1;115.634;1.000
ayr?l?p;;;1242;2;1;115.634;1.000
ayr?qsh?;;;1242;2;1;115.634;1.000
ayt?l?an;;;1242;2;1;115.634;1.000
ayt?sad?;;;1242;2;1;115.634;1.000
ayt?slar;;;1242;2;1;115.634;1.000
ayt?sqa;;;1242;2;1;115.634;1.000
ayt?stan;;;1242;2;1;115.634;1.000
ayt?st?;;;1242;2;1;115.634;1.000
ayt?s?n;;;1242;2;1;115.634;1.000
ayt?w?;;;1242;2;1;115.634;1.000
azap;;;1242;2;1;115.634;1.000
azat;;;1242;2;1;115.634;1.000
azizbekov;;;1242;2;1;115.634;1.000
az?rbaycan;;;1242;2;1;115.634;1.000
a?sat;;;1242;2;1;115.634;1.000
a?a;;;1242;2;1;115.634;1.000
a?ash;;;1242;2;1;115.634;1.000
a?zalar?;;;1242;2;1;115.634;1.000
a??s?;;;1242;2;1;115.634;1.000
babur;;;1242;2;1;115.634;1.000
bahram;;;1242;2;1;115.634;1.000
balalar?n;;;1242;2;1;115.634;1.000
balalar?n??;;;1242;2;1;115.634;1.000
balan?;;;1242;2;1;115.634;1.000
balas?n;;;1242;2;1;115.634;1.000
balas?n??;;;1242;2;1;115.634;1.000
balpa?;;;1242;2;1;115.634;1.000
baltabay;;;1242;2;1;115.634;1.000
balzam;;;1242;2;1;115.634;1.000
bal?qsh?l?q;;;1242;2;1;115.634;1.000
bal?qt??;;;1242;2;1;115.634;1.000
baqlayd?;;;1242;2;1;115.634;1.000
baqs?lar?n??;;;1242;2;1;115.634;1.000
baqs?sh?l?q;;;1242;2;1;115.634;1.000
baqs?s?;;;1242;2;1;115.634;1.000
baraban;;;1242;2;1;115.634;1.000
barmaqta;;;1242;2;1;115.634;1.000
bar?lad?;;;1242;2;1;115.634;1.000
bar?an?nda;;;1242;2;1;115.634;1.000
basland?;;;1242;2;1;115.634;1.000
baslan?an;;;1242;2;1;115.634;1.000
basl???;;;1242;2;1;115.634;1.000
basq?nsh?l???nan;;;1242;2;1;115.634;1.000
bassh?l?q;;;1242;2;1;115.634;1.000
bastan;;;1242;2;1;115.634;1.000
bas?;;;1242;2;1;115.634;1.000
bas?ld?;;;1242;2;1;115.634;1.000
bas?l?p;;;1242;2;1;115.634;1.000
bas?l?an;;;1242;2;1;115.634;1.000
bas?nda??;;;1242;2;1;115.634;1.000
bat?sta;;;1242;2;1;115.634;1.000
bayqara;;;1242;2;1;115.634;1.000
bayqaran??;;;1242;2;1;115.634;1.000
ba??shla?an;;;1242;2;1;115.634;1.000
bekkem;;;1242;2;1;115.634;1.000
belgilenedi;;;1242;2;1;115.634;1.000
belgilerin;;;1242;2;1;115.634;1.000
belgileydi;;;1242;2;1;115.634;1.000
berdaqt?;;;1242;2;1;115.634;1.000
berdimuratt??;;;1242;2;1;115.634;1.000
berer;;;1242;2;1;115.634;1.000
beriwge;;;1242;2;1;115.634;1.000
beriwshi;;;1242;2;1;115.634;1.000
bermeydi;;;1242;2;1;115.634;1.000
besten;;;1242;2;1;115.634;1.000
biledi;;;1242;2;1;115.634;1.000
bilimsiz;;;1242;2;1;115.634;1.000
bilip;;;1242;2;1;115.634;1.000
biraqta;;;1242;2;1;115.634;1.000
birdey;;;1242;2;1;115.634;1.000
birewlerdi;;;1242;2;1;115.634;1.000
birigip;;;1242;2;1;115.634;1.000
birigiwi;;;1242;2;1;115.634;1.000
birine;;;1242;2;1;115.634;1.000
birinshisi;;;1242;2;1;115.634;1.000
birlesken;;;1242;2;1;115.634;1.000
birligi;;;1242;2;1;115.634;1.000
birneshe;;;1242;2;1;115.634;1.000
biyik;;;1242;2;1;115.634;1.000
biz;;;1242;2;1;115.634;1.000
boku;;;1242;2;1;115.634;1.000
bolar;;;1242;2;1;115.634;1.000
bolatu??n?n;;;1242;2;1;115.634;1.000
bolmasa;;;1242;2;1;115.634;1.000
bolmas?n;;;1242;2;1;115.634;1.000
bolmay;;;1242;2;1;115.634;1.000
bolmayd?;;;1242;2;1;115.634;1.000
bolsa?;;;1242;2;1;115.634;1.000
bols?n;;;1242;2;1;115.634;1.000
bol?w?n;;;1242;2;1;115.634;1.000
bol?w?nda;;;1242;2;1;115.634;1.000
bol?w?n??;;;1242;2;1;115.634;1.000
bol?w?a;;;1242;2;1;115.634;1.000
bol?anda;;;1242;2;1;115.634;1.000
bol?anday;;;1242;2;1;115.634;1.000
bol?annan;;;1242;2;1;115.634;1.000
boris;;;1242;2;1;115.634;1.000
bos;;;1242;2;1;115.634;1.000
boylap;;;1242;2;1;115.634;1.000
boy?;;;1242;2;1;115.634;1.000
boy?nda;;;1242;2;1;115.634;1.000
boy?nda??;;;1242;2;1;115.634;1.000
buddizm;;;1242;2;1;115.634;1.000
bular;;;1242;2;1;115.634;1.000
bulbul;;;1242;2;1;115.634;1.000
bulsh?q;;;1242;2;1;115.634;1.000
buxaran??;;;1242;2;1;115.634;1.000
buxgalteriya;;;1242;2;1;115.634;1.000
b?get;;;1242;2;1;115.634;1.000
b?leginde;;;1242;2;1;115.634;1.000
b?lek;;;1242;2;1;115.634;1.000
b?leklengen;;;1242;2;1;115.634;1.000
b?limindegi;;;1242;2;1;115.634;1.000
b?linedi;;;1242;2;1;115.634;1.000
b?linip;;;1242;2;1;115.634;1.000
cikli;;;1242;2;1;115.634;1.000
d;;;1242;2;1;115.634;1.000
dalalar?nda;;;1242;2;1;115.634;1.000
danas?;;;1242;2;1;115.634;1.000
dan?shpan;;;1242;2;1;115.634;1.000
dan?shpanl?q;;;1242;2;1;115.634;1.000
da?q?n;;;1242;2;1;115.634;1.000
degendi;;;1242;2;1;115.634;1.000
degenni?;;;1242;2;1;115.634;1.000
dekabr;;;1242;2;1;115.634;1.000
dem;;;1242;2;1;115.634;1.000
dene;;;1242;2;1;115.634;1.000
deneni;;;1242;2;1;115.634;1.000
denesi;;;1242;2;1;115.634;1.000
derekler;;;1242;2;1;115.634;1.000
desedi;;;1242;2;1;115.634;1.000
desek;;;1242;2;1;115.634;1.000
dexleviy;;;1242;2;1;115.634;1.000
deyin;;;1242;2;1;115.634;1.000
didaktikal?q;;;1242;2;1;115.634;1.000
dinge;;;1242;2;1;115.634;1.000
diyqan;;;1242;2;1;115.634;1.000
diyqanlar;;;1242;2;1;115.634;1.000
dosl?q;;;1242;2;1;115.634;1.000
drama;;;1242;2;1;115.634;1.000
dramaturg;;;1242;2;1;115.634;1.000
dramaturglar?n??;;;1242;2;1;115.634;1.000
duelde;;;1242;2;1;115.634;1.000
duzilgen;;;1242;2;1;115.634;1.000
duzl?l???;;;1242;2;1;115.634;1.000
d?ramatt??;;;1242;2;1;115.634;1.000
d?rejede;;;1242;2;1;115.634;1.000
d?ryas?;;;1242;2;1;115.634;1.000
d?ryas?nda;;;1242;2;1;115.634;1.000
d?stanlar?a;;;1242;2;1;115.634;1.000
d?stan?n;;;1242;2;1;115.634;1.000
d?ste;;;1242;2;1;115.634;1.000
d?st?r;;;1242;2;1;115.634;1.000
d?st?ri;;;1242;2;1;115.634;1.000
d?wirdegi;;;1242;2;1;115.634;1.000
d?wirden;;;1242;2;1;115.634;1.000
d?wirler;;;1242;2;1;115.634;1.000
d?regen;;;1242;2;1;115.634;1.000
d?retiwshiliginde;;;1242;2;1;115.634;1.000
d?retiwshilikke;;;1242;2;1;115.634;1.000
d?retiwshisi;;;1242;2;1;115.634;1.000
d?retpe;;;1242;2;1;115.634;1.000
d?retpeleri;;;1242;2;1;115.634;1.000
d?retpelerinde;;;1242;2;1;115.634;1.000
d?retti;;;1242;2;1;115.634;1.000
d?nyada;;;1242;2;1;115.634;1.000
d?nyada??;;;1242;2;1;115.634;1.000
d?nyan?;;;1242;2;1;115.634;1.000
d?nyas?;;;1242;2;1;115.634;1.000
d?rkinindegi;;;1242;2;1;115.634;1.000
einsteindi;;;1242;2;1;115.634;1.000
ekenligi;;;1242;2;1;115.634;1.000
ekenligine;;;1242;2;1;115.634;1.000
ekinshisi;;;1242;2;1;115.634;1.000
ekspeditsiya;;;1242;2;1;115.634;1.000
ekspeditsiyalar;;;1242;2;1;115.634;1.000
ekvator;;;1242;2;1;115.634;1.000
eldi;;;1242;2;1;115.634;1.000
eldi?;;;1242;2;1;115.634;1.000
elementlerden;;;1242;2;1;115.634;1.000
ellerdi?;;;1242;2;1;115.634;1.000
ellerim;;;1242;2;1;115.634;1.000
endi;;;1242;2;1;115.634;1.000
energiya;;;1242;2;1;115.634;1.000
epikal?q;;;1242;2;1;115.634;1.000
epos;;;1242;2;1;115.634;1.000
erise;;;1242;2;1;115.634;1.000
eristi;;;1242;2;1;115.634;1.000
erkin;;;1242;2;1;115.634;1.000
erte;;;1242;2;1;115.634;1.000
erteden;;;1242;2;1;115.634;1.000
ertek;;;1242;2;1;115.634;1.000
esab?nan;;;1242;2;1;115.634;1.000
esab?nda;;;1242;2;1;115.634;1.000
esap;;;1242;2;1;115.634;1.000
esapla?an;;;1242;2;1;115.634;1.000
eshki;;;1242;2;1;115.634;1.000
estelikleri;;;1242;2;1;115.634;1.000
etetu??n;;;1242;2;1;115.634;1.000
etika;;;1242;2;1;115.634;1.000
etilgen;;;1242;2;1;115.634;1.000
etiwi;;;1242;2;1;115.634;1.000
evropada;;;1242;2;1;115.634;1.000
evropadan;;;1242;2;1;115.634;1.000
farxad;;;1242;2;1;115.634;1.000
fevral;;;1242;2;1;115.634;1.000
filial?n??;;;1242;2;1;115.634;1.000
filmler;;;1242;2;1;115.634;1.000
filmlerin;;;1242;2;1;115.634;1.000
filosofiya;;;1242;2;1;115.634;1.000
filosofiyan??;;;1242;2;1;115.634;1.000
finans;;;1242;2;1;115.634;1.000
fizuliydi?;;;1242;2;1;115.634;1.000
folklord??;;;1242;2;1;115.634;1.000
folklorl?q;;;1242;2;1;115.634;1.000
folklor?n;;;1242;2;1;115.634;1.000
fond?n;;;1242;2;1;115.634;1.000
formalan?w?;;;1242;2;1;115.634;1.000
formalar?;;;1242;2;1;115.634;1.000
formas?;;;1242;2;1;115.634;1.000
francuz;;;1242;2;1;115.634;1.000
franklin;;;1242;2;1;115.634;1.000
funkciyalar?;;;1242;2;1;115.634;1.000
ganjada??;;;1242;2;1;115.634;1.000
gannibal;;;1242;2;1;115.634;1.000
gazeta;;;1242;2;1;115.634;1.000
genjeqarabek;;;1242;2;1;115.634;1.000
gezleme;;;1242;2;1;115.634;1.000
godunov;;;1242;2;1;115.634;1.000
grafikas?;;;1242;2;1;115.634;1.000
grek;;;1242;2;1;115.634;1.000
guwas?;;;1242;2;1;115.634;1.000
g?;;;1242;2;1;115.634;1.000
g?ru?l?;;;1242;2;1;115.634;1.000
g?sh;;;1242;2;1;115.634;1.000
g?ldir;;;1242;2;1;115.634;1.000
g?res;;;1242;2;1;115.634;1.000
g?resiw;;;1242;2;1;115.634;1.000
halda;;;1242;2;1;115.634;1.000
hall?;;;1242;2;1;115.634;1.000
haq?n??;;;1242;2;1;115.634;1.000
haq?yqatl?qt??;;;1242;2;1;115.634;1.000
has;;;1242;2;1;115.634;1.000
hayal;;;1242;2;1;115.634;1.000
hindistanda;;;1242;2;1;115.634;1.000
hindistann??;;;1242;2;1;115.634;1.000
hojibekovt??;;;1242;2;1;115.634;1.000
h?;;;1242;2;1;115.634;1.000
h?dden;;;1242;2;1;115.634;1.000
h?jibten;;;1242;2;1;115.634;1.000
h?kimiyatt?;;;1242;2;1;115.634;1.000
h?mmesinde;;;1242;2;1;115.634;1.000
h?reketin;;;1242;2;1;115.634;1.000
h?ribi;;;1242;2;1;115.634;1.000
h?tte;;;1242;2;1;115.634;1.000
h?kimranl?q;;;1242;2;1;115.634;1.000
h?rliman;;;1242;2;1;115.634;1.000
h?rmet;;;1242;2;1;115.634;1.000
h?rmetine;;;1242;2;1;115.634;1.000
ibn;;;1242;2;1;115.634;1.000
ibray?m;;;1242;2;1;115.634;1.000
ibrohimov;;;1242;2;1;115.634;1.000
ideyalard?;;;1242;2;1;115.634;1.000
ideyas?;;;1242;2;1;115.634;1.000
ii;;;1242;2;1;115.634;1.000
ikraml?l?q;;;1242;2;1;115.634;1.000
ilimni?;;;1242;2;1;115.634;1.000
ilimpazi;;;1242;2;1;115.634;1.000
ilimpazlar?a;;;1242;2;1;115.634;1.000
imarat;;;1242;2;1;115.634;1.000
imaratlar;;;1242;2;1;115.634;1.000
imarat?;;;1242;2;1;115.634;1.000
imkaniyat;;;1242;2;1;115.634;1.000
inaq;;;1242;2;1;115.634;1.000
insan;;;1242;2;1;115.634;1.000
institut?;;;1242;2;1;115.634;1.000
iranda??;;;1242;2;1;115.634;1.000
irileri;;;1242;2;1;115.634;1.000
is;;;1242;2;1;115.634;1.000
iship;;;1242;2;1;115.634;1.000
island;;;1242;2;1;115.634;1.000
islegen;;;1242;2;1;115.634;1.000
islengen;;;1242;2;1;115.634;1.000
ismay?l;;;1242;2;1;115.634;1.000
itibar;;;1242;2;1;115.634;1.000
iv;;;1242;2;1;115.634;1.000
ix;;;1242;2;1;115.634;1.000
iyesi;;;1242;2;1;115.634;1.000
iyesini?;;;1242;2;1;115.634;1.000
iz;;;1242;2;1;115.634;1.000
izertlewler;;;1242;2;1;115.634;1.000
izlep;;;1242;2;1;115.634;1.000
izlik;;;1242;2;1;115.634;1.000
izrail;;;1242;2;1;115.634;1.000
izraildi?;;;1242;2;1;115.634;1.000
i?men;;;1242;2;1;115.634;1.000
i?ndualizmni?;;;1242;2;1;115.634;1.000
i?nv;;;1242;2;1;115.634;1.000
jalp?;;;1242;2;1;115.634;1.000
jal??z;;;1242;2;1;115.634;1.000
jamalov;;;1242;2;1;115.634;1.000
janrlar;;;1242;2;1;115.634;1.000
janr?n;;;1242;2;1;115.634;1.000
jans?z;;;1242;2;1;115.634;1.000
jan?nda;;;1242;2;1;115.634;1.000
jaqt?;;;1242;2;1;115.634;1.000
jaratqan;;;1242;2;1;115.634;1.000
jaratt?;;;1242;2;1;115.634;1.000
jarat?ld?;;;1242;2;1;115.634;1.000
jarat?l?an;;;1242;2;1;115.634;1.000
jarl?;;;1242;2;1;115.634;1.000
jasal?an;;;1242;2;1;115.634;1.000
jasaw?;;;1242;2;1;115.634;1.000
jasaw?a;;;1242;2;1;115.634;1.000
jaslar?nda;;;1242;2;1;115.634;1.000
jasqa;;;1242;2;1;115.634;1.000
jas?na;;;1242;2;1;115.634;1.000
jas?nan;;;1242;2;1;115.634;1.000
jas??a;;;1242;2;1;115.634;1.000
jaylast?r?latu??n;;;1242;2;1;115.634;1.000
jazd?m;;;1242;2;1;115.634;1.000
jaz?wd?;;;1242;2;1;115.634;1.000
jaz?wsh?lar;;;1242;2;1;115.634;1.000
ja?a;;;1242;2;1;115.634;1.000
ja?alawlar?nda;;;1242;2;1;115.634;1.000
ja?as?nda;;;1242;2;1;115.634;1.000
ja?day;;;1242;2;1;115.634;1.000
jerdi?;;;1242;2;1;115.634;1.000
jerge;;;1242;2;1;115.634;1.000
jerinde;;;1242;2;1;115.634;1.000
jerlerinde;;;1242;2;1;115.634;1.000
jetedi;;;1242;2;1;115.634;1.000
jetekshi;;;1242;2;1;115.634;1.000
jetilisip;;;1242;2;1;115.634;1.000
jetistiriledi;;;1242;2;1;115.634;1.000
jetken;;;1242;2;1;115.634;1.000
jewge;;;1242;2;1;115.634;1.000
jez;;;1242;2;1;115.634;1.000
je?il;;;1242;2;1;115.634;1.000
jiberiledi;;;1242;2;1;115.634;1.000
jigitler;;;1242;2;1;115.634;1.000
jil;;;1242;2;1;115.634;1.000
jili;;;1242;2;1;115.634;1.000
jol?nda;;;1242;2;1;115.634;1.000
jum?sqa;;;1242;2;1;115.634;1.000
jurt;;;1242;2;1;115.634;1.000
jurt?na;;;1242;2;1;115.634;1.000
juwaptan;;;1242;2;1;115.634;1.000
juwmaq;;;1242;2;1;115.634;1.000
juwsan;;;1242;2;1;115.634;1.000
juw?p;;;1242;2;1;115.634;1.000
juw?r?p;;;1242;2;1;115.634;1.000
j?miyetinde;;;1242;2;1;115.634;1.000
j?miyetke;;;1242;2;1;115.634;1.000
j?rdemlesedi;;;1242;2;1;115.634;1.000
j?riyalan?an;;;1242;2;1;115.634;1.000
j?n;;;1242;2;1;115.634;1.000
j?zbe;;;1242;2;1;115.634;1.000
j?zlik;;;1242;2;1;115.634;1.000
j?lan;;;1242;2;1;115.634;1.000
j?ll?q;;;1242;2;1;115.634;1.000
j?r?nda;;;1242;2;1;115.634;1.000
kamalov;;;1242;2;1;115.634;1.000
kanal?;;;1242;2;1;115.634;1.000
kapital;;;1242;2;1;115.634;1.000
kapitald??;;;1242;2;1;115.634;1.000
karam;;;1242;2;1;115.634;1.000
karman??;;;1242;2;1;115.634;1.000
kashtan;;;1242;2;1;115.634;1.000
keleshegi;;;1242;2;1;115.634;1.000
keleshegin;;;1242;2;1;115.634;1.000
keleshekke;;;1242;2;1;115.634;1.000
kelinshekler;;;1242;2;1;115.634;1.000
keltirgen;;;1242;2;1;115.634;1.000
keltirip;;;1242;2;1;115.634;1.000
kerekligin;;;1242;2;1;115.634;1.000
keshiretu??n;;;1242;2;1;115.634;1.000
keshte;;;1242;2;1;115.634;1.000
keskin;;;1242;2;1;115.634;1.000
ketetu??n;;;1242;2;1;115.634;1.000
ketiwge;;;1242;2;1;115.634;1.000
ketiwi;;;1242;2;1;115.634;1.000
ketiwinen;;;1242;2;1;115.634;1.000
keyinshelik;;;1242;2;1;115.634;1.000
kirdi;;;1242;2;1;115.634;1.000
kirgizildi;;;1242;2;1;115.634;1.000
kirgizilgen;;;1242;2;1;115.634;1.000
kirgizip;;;1242;2;1;115.634;1.000
kirgiziw;;;1242;2;1;115.634;1.000
kitap;;;1242;2;1;115.634;1.000
kitaplar?;;;1242;2;1;115.634;1.000
kitaptan;;;1242;2;1;115.634;1.000
kitapxanas?;;;1242;2;1;115.634;1.000
kitapxanas?nda;;;1242;2;1;115.634;1.000
kiyat?r?an;;;1242;2;1;115.634;1.000
klassigi;;;1242;2;1;115.634;1.000
klassik;;;1242;2;1;115.634;1.000
klassikleri;;;1242;2;1;115.634;1.000
klassiklerini?;;;1242;2;1;115.634;1.000
kletka;;;1242;2;1;115.634;1.000
kletkadan;;;1242;2;1;115.634;1.000
kletkal?;;;1242;2;1;115.634;1.000
kombinatlar?;;;1242;2;1;115.634;1.000
kombinat?;;;1242;2;1;115.634;1.000
kompleksi;;;1242;2;1;115.634;1.000
koncert;;;1242;2;1;115.634;1.000
koreya;;;1242;2;1;115.634;1.000
kos?bay;;;1242;2;1;115.634;1.000
krestyanlar;;;1242;2;1;115.634;1.000
kurortlar?;;;1242;2;1;115.634;1.000
kv;;;1242;2;1;115.634;1.000
k?nleri;;;1242;2;1;115.634;1.000
k?rwan;;;1242;2;1;115.634;1.000
k?binese;;;1242;2;1;115.634;1.000
k?k;;;1242;2;1;115.634;1.000
k?lemi;;;1242;2;1;115.634;1.000
k?li;;;1242;2;1;115.634;1.000
k?plep;;;1242;2;1;115.634;1.000
k?pshilikke;;;1242;2;1;115.634;1.000
k?rer;;;1242;2;1;115.634;1.000
k?rgizbe;;;1242;2;1;115.634;1.000
k?ringen;;;1242;2;1;115.634;1.000
k?rinip;;;1242;2;1;115.634;1.000
k?rinisi;;;1242;2;1;115.634;1.000
k?rinisin;;;1242;2;1;115.634;1.000
k?risi;;;1242;2;1;115.634;1.000
k?riwge;;;1242;2;1;115.634;1.000
k?rkemlik;;;1242;2;1;115.634;1.000
k?rsetip;;;1242;2;1;115.634;1.000
k?rsetse;;;1242;2;1;115.634;1.000
k?terildi;;;1242;2;1;115.634;1.000
k?terilisi;;;1242;2;1;115.634;1.000
k?lre?;;;1242;2;1;115.634;1.000
k?ndelikli;;;1242;2;1;115.634;1.000
k?sh;;;1242;2;1;115.634;1.000
k?shi;;;1242;2;1;115.634;1.000
k?tip;;;1242;2;1;115.634;1.000
legizm;;;1242;2;1;115.634;1.000
lenkoran;;;1242;2;1;115.634;1.000
lirik;;;1242;2;1;115.634;1.000
logikal?q;;;1242;2;1;115.634;1.000
lokayatan??;;;1242;2;1;115.634;1.000
mal;;;1242;2;1;115.634;1.000
mansur;;;1242;2;1;115.634;1.000
maqsetinde;;;1242;2;1;115.634;1.000
maqsetov;;;1242;2;1;115.634;1.000
maqt?mqul?n??;;;1242;2;1;115.634;1.000
maro?iy;;;1242;2;1;115.634;1.000
mart;;;1242;2;1;115.634;1.000
mashinasazl?q;;;1242;2;1;115.634;1.000
massa;;;1242;2;1;115.634;1.000
mavzoleyi;;;1242;2;1;115.634;1.000
mayda;;;1242;2;1;115.634;1.000
ma?l?wmat;;;1242;2;1;115.634;1.000
mediresesi;;;1242;2;1;115.634;1.000
mediresesin;;;1242;2;1;115.634;1.000
mediresesine;;;1242;2;1;115.634;1.000
megzer;;;1242;2;1;115.634;1.000
mektepler;;;1242;2;1;115.634;1.000
meni;;;1242;2;1;115.634;1.000
menshik;;;1242;2;1;115.634;1.000
meshit;;;1242;2;1;115.634;1.000
metallsazl?q;;;1242;2;1;115.634;1.000
minay?m;;;1242;2;1;115.634;1.000
miniatyura;;;1242;2;1;115.634;1.000
minimal;;;1242;2;1;115.634;1.000
miyman;;;1242;2;1;115.634;1.000
miynetleri;;;1242;2;1;115.634;1.000
ml;;;1242;2;1;115.634;1.000
moda?a;;;1242;2;1;115.634;1.000
molibden;;;1242;2;1;115.634;1.000
muxabbat;;;1242;2;1;115.634;1.000
muzey;;;1242;2;1;115.634;1.000
muz?kal?;;;1242;2;1;115.634;1.000
m?deniyat?na;;;1242;2;1;115.634;1.000
m?mleketini?;;;1242;2;1;115.634;1.000
m?mleketten;;;1242;2;1;115.634;1.000
m?mleketti?;;;1242;2;1;115.634;1.000
m?nisin;;;1242;2;1;115.634;1.000
m?pin;;;1242;2;1;115.634;1.000
m??gilik;;;1242;2;1;115.634;1.000
m?lkti;;;1242;2;1;115.634;1.000
m?mkinshilik;;;1242;2;1;115.634;1.000
m?sinshilik;;;1242;2;1;115.634;1.000
m?naday;;;1242;2;1;115.634;1.000
m?naw;;;1242;2;1;115.634;1.000
m?rza;;;1242;2;1;115.634;1.000
m?rzan??;;;1242;2;1;115.634;1.000
m???nsh?;;;1242;2;1;115.634;1.000
naq?l;;;1242;2;1;115.634;1.000
nargiz;;;1242;2;1;115.634;1.000
nasimiy;;;1242;2;1;115.634;1.000
naway?n?n;;;1242;2;1;115.634;1.000
na??z;;;1242;2;1;115.634;1.000
negizinde;;;1242;2;1;115.634;1.000
nikolay;;;1242;2;1;115.634;1.000
nizamiydi?;;;1242;2;1;115.634;1.000
nova;;;1242;2;1;115.634;1.000
nusqa;;;1242;2;1;115.634;1.000
nusqas?;;;1242;2;1;115.634;1.000
n?jib;;;1242;2;1;115.634;1.000
n?rseden;;;1242;2;1;115.634;1.000
n?rselerdi;;;1242;2;1;115.634;1.000
n?rselerdi?;;;1242;2;1;115.634;1.000
n?tiyjede;;;1242;2;1;115.634;1.000
n?zer;;;1242;2;1;115.634;1.000
n?kiske;;;1242;2;1;115.634;1.000
n?zam;;;1242;2;1;115.634;1.000
n?zamsh?l?q;;;1242;2;1;115.634;1.000
o;;;1242;2;1;115.634;1.000
oazis;;;1242;2;1;115.634;1.000
obektlerin;;;1242;2;1;115.634;1.000
of;;;1242;2;1;115.634;1.000
oktyabrde;;;1242;2;1;115.634;1.000
oktyabrden;;;1242;2;1;115.634;1.000
okus;;;1242;2;1;115.634;1.000
olimpiyada;;;1242;2;1;115.634;1.000
opera;;;1242;2;1;115.634;1.000
oq?m?sl?;;;1242;2;1;115.634;1.000
orap;;;1242;2;1;115.634;1.000
organizm;;;1242;2;1;115.634;1.000
organizmlerdi?;;;1242;2;1;115.634;1.000
orkestr;;;1242;2;1;115.634;1.000
orkestri;;;1242;2;1;115.634;1.000
or?n;;;1242;2;1;115.634;1.000
ot;;;1242;2;1;115.634;1.000
ot?r;;;1242;2;1;115.634;1.000
oy;;;1242;2;1;115.634;1.000
oyla?an;;;1242;2;1;115.634;1.000
oymash?l???;;;1242;2;1;115.634;1.000
oypatl?qlarda;;;1242;2;1;115.634;1.000
oy?nlar?;;;1242;2;1;115.634;1.000
oy?nlar?n??;;;1242;2;1;115.634;1.000
p;;;1242;2;1;115.634;1.000
parra;;;1242;2;1;115.634;1.000
patshalar;;;1242;2;1;115.634;1.000
patshas?;;;1242;2;1;115.634;1.000
paydalan?w?;;;1242;2;1;115.634;1.000
paydalan?w?a;;;1242;2;1;115.634;1.000
paydalan?an;;;1242;2;1;115.634;1.000
paydal?;;;1242;2;1;115.634;1.000
peterburgta;;;1242;2;1;115.634;1.000
petro;;;1242;2;1;115.634;1.000
peyzaj;;;1242;2;1;115.634;1.000
pikiri;;;1242;2;1;115.634;1.000
pikirinshe;;;1242;2;1;115.634;1.000
pikirleri;;;1242;2;1;115.634;1.000
poemalarda;;;1242;2;1;115.634;1.000
poemalard?;;;1242;2;1;115.634;1.000
portret;;;1242;2;1;115.634;1.000
praktikal?q;;;1242;2;1;115.634;1.000
prezentaciyas?;;;1242;2;1;115.634;1.000
prezidenti;;;1242;2;1;115.634;1.000
problemalar?na;;;1242;2;1;115.634;1.000
processinde;;;1242;2;1;115.634;1.000
prozal?q;;;1242;2;1;115.634;1.000
psixologiyal?q;;;1242;2;1;115.634;1.000
puqaralar?a;;;1242;2;1;115.634;1.000
px;;;1242;2;1;115.634;1.000
p?sh?qlar;;;1242;2;1;115.634;1.000
p?sh?qqa;;;1242;2;1;115.634;1.000
qa;;;1242;2;1;115.634;1.000
qabaq;;;1242;2;1;115.634;1.000
qab?llaw;;;1242;2;1;115.634;1.000
qalalar?n??;;;1242;2;1;115.634;1.000
qalas?nda??;;;1242;2;1;115.634;1.000
qald?m;;;1242;2;1;115.634;1.000
qalma?an;;;1242;2;1;115.634;1.000
qalpa??m;;;1242;2;1;115.634;1.000
qal?w;;;1242;2;1;115.634;1.000
qam?stan;;;1242;2;1;115.634;1.000
qan;;;1242;2;1;115.634;1.000
qansha;;;1242;2;1;115.634;1.000
qanshama;;;1242;2;1;115.634;1.000
qaplan?an;;;1242;2;1;115.634;1.000
qarama;;;1242;2;1;115.634;1.000
qaramastan;;;1242;2;1;115.634;1.000
qaraqalpaqstanda;;;1242;2;1;115.634;1.000
qarasl?;;;1242;2;1;115.634;1.000
qaras?;;;1242;2;1;115.634;1.000
qarataw;;;1242;2;1;115.634;1.000
qaraw;;;1242;2;1;115.634;1.000
qaraxaniyler;;;1242;2;1;115.634;1.000
qaray;;;1242;2;1;115.634;1.000
qarayd?;;;1242;2;1;115.634;1.000
qara?zek;;;1242;2;1;115.634;1.000
qara??m;;;1242;2;1;115.634;1.000
qarj?;;;1242;2;1;115.634;1.000
qarj?lar?n;;;1242;2;1;115.634;1.000
qarl?;;;1242;2;1;115.634;1.000
qar?z;;;1242;2;1;115.634;1.000
qas?na;;;1242;2;1;115.634;1.000
qatarlar;;;1242;2;1;115.634;1.000
qatlam?;;;1242;2;1;115.634;1.000
qatnasqan;;;1242;2;1;115.634;1.000
qatnas?;;;1242;2;1;115.634;1.000
qat?qulaq;;;1242;2;1;115.634;1.000
qaytad?;;;1242;2;1;115.634;1.000
qay??;;;1242;2;1;115.634;1.000
qazaqd?ryada;;;1242;2;1;115.634;1.000
qazaqstan?a;;;1242;2;1;115.634;1.000
qaz?lmalar;;;1242;2;1;115.634;1.000
qaz?p;;;1242;2;1;115.634;1.000
qa?azlar;;;1242;2;1;115.634;1.000
qa?azlard??;;;1242;2;1;115.634;1.000
qolayl?;;;1242;2;1;115.634;1.000
qoldawl?;;;1242;2;1;115.634;1.000
qol?a;;;1242;2;1;115.634;1.000
qosa;;;1242;2;1;115.634;1.000
qos?l?p;;;1242;2;1;115.634;1.000
qos?qlard??;;;1242;2;1;115.634;1.000
qos?qlar?nda;;;1242;2;1;115.634;1.000
qos?qt?;;;1242;2;1;115.634;1.000
qos???;;;1242;2;1;115.634;1.000
qos???n;;;1242;2;1;115.634;1.000
qoy;;;1242;2;1;115.634;1.000
qoymastan;;;1242;2;1;115.634;1.000
qoy?ld?;;;1242;2;1;115.634;1.000
qoy?nl?lar;;;1242;2;1;115.634;1.000
qoy?p;;;1242;2;1;115.634;1.000
qo??r;;;1242;2;1;115.634;1.000
qublada;;;1242;2;1;115.634;1.000
qulq?;;;1242;2;1;115.634;1.000
qun?;;;1242;2;1;115.634;1.000
qurallar;;;1242;2;1;115.634;1.000
qur?l?an;;;1242;2;1;115.634;1.000
qus;;;1242;2;1;115.634;1.000
quslar;;;1242;2;1;115.634;1.000
qutl?murat;;;1242;2;1;115.634;1.000
quw?rshaq;;;1242;2;1;115.634;1.000
quyar;;;1242;2;1;115.634;1.000
q?ddi;;;1242;2;1;115.634;1.000
q?lemeydi;;;1242;2;1;115.634;1.000
q?lemi;;;1242;2;1;115.634;1.000
q?liplesti;;;1242;2;1;115.634;1.000
q?nigelesken;;;1242;2;1;115.634;1.000
q?tquda;;;1242;2;1;115.634;1.000
q?l?sh;;;1242;2;1;115.634;1.000
q?rq;;;1242;2;1;115.634;1.000
q?r?q;;;1242;2;1;115.634;1.000
q?sqar?p;;;1242;2;1;115.634;1.000
q?ssaxan;;;1242;2;1;115.634;1.000
q?sta;;;1242;2;1;115.634;1.000
q?zd?;;;1242;2;1;115.634;1.000
q?z?q;;;1242;2;1;115.634;1.000
q?z???p;;;1242;2;1;115.634;1.000
rawajlan?w?nda;;;1242;2;1;115.634;1.000
rawajlan?w?n??;;;1242;2;1;115.634;1.000
rayonlar?nda;;;1242;2;1;115.634;1.000
rayon?nda;;;1242;2;1;115.634;1.000
rayon?n??;;;1242;2;1;115.634;1.000
resurslar?na;;;1242;2;1;115.634;1.000
roman;;;1242;2;1;115.634;1.000
romantikal?q;;;1242;2;1;115.634;1.000
rustam;;;1242;2;1;115.634;1.000
saat;;;1242;2;1;115.634;1.000
sald?;;;1242;2;1;115.634;1.000
saljukiyler;;;1242;2;1;115.634;1.000
salmaql?;;;1242;2;1;115.634;1.000
sal?st?r?anda;;;1242;2;1;115.634;1.000
san?;;;1242;2;1;115.634;1.000
sat?q;;;1242;2;1;115.634;1.000
sawat?n;;;1242;2;1;115.634;1.000
sawda;;;1242;2;1;115.634;1.000
saxnalast?r?ld?;;;1242;2;1;115.634;1.000
saytlar;;;1242;2;1;115.634;1.000
sebepler;;;1242;2;1;115.634;1.000
seni?;;;1242;2;1;115.634;1.000
sezgen;;;1242;2;1;115.634;1.000
sezimleri;;;1242;2;1;115.634;1.000
shaxlar;;;1242;2;1;115.634;1.000
shay?rd?;;;1242;2;1;115.634;1.000
shay?r?a;;;1242;2;1;115.634;1.000
sha?araq;;;1242;2;1;115.634;1.000
sheberlerini?;;;1242;2;1;115.634;1.000
shegaralasqan;;;1242;2;1;115.634;1.000
sheginde;;;1242;2;1;115.634;1.000
shekidegi;;;1242;2;1;115.634;1.000
sheksiz;;;1242;2;1;115.634;1.000
sher?az?xan;;;1242;2;1;115.634;1.000
sheshiw;;;1242;2;1;115.634;1.000
shevchenkon??;;;1242;2;1;115.634;1.000
shirvon;;;1242;2;1;115.634;1.000
shirvonshahlar;;;1242;2;1;115.634;1.000
shusha;;;1242;2;1;115.634;1.000
shu??llan?wsh?;;;1242;2;1;115.634;1.000
sh?kirt;;;1242;2;1;115.634;1.000
sh?nl???;;;1242;2;1;115.634;1.000
sh???;;;1242;2;1;115.634;1.000
sh????s;;;1242;2;1;115.634;1.000
sh??armada;;;1242;2;1;115.634;1.000
sh??armalar?n??;;;1242;2;1;115.634;1.000
sh??ar?latu??n;;;1242;2;1;115.634;1.000
sh???s?nda;;;1242;2;1;115.634;1.000
simfoniyal?q;;;1242;2;1;115.634;1.000
sistemas?;;;1242;2;1;115.634;1.000
siyasat;;;1242;2;1;115.634;1.000
social;;;1242;2;1;115.634;1.000
solard??;;;1242;2;1;115.634;1.000
sonshelli;;;1242;2;1;115.634;1.000
son?n;;;1242;2;1;115.634;1.000
soraw;;;1242;2;1;115.634;1.000
sorlaq;;;1242;2;1;115.634;1.000
sotsial;;;1242;2;1;115.634;1.000
sovet;;;1242;2;1;115.634;1.000
stantsiya;;;1242;2;1;115.634;1.000
stantsiyas?;;;1242;2;1;115.634;1.000
stilde;;;1242;2;1;115.634;1.000
sultan;;;1242;2;1;115.634;1.000
summas?n;;;1242;2;1;115.634;1.000
suverenitetin;;;1242;2;1;115.634;1.000
suwda;;;1242;2;1;115.634;1.000
suwd?;;;1242;2;1;115.634;1.000
suwd??;;;1242;2;1;115.634;1.000
suwlar?;;;1242;2;1;115.634;1.000
suw?;;;1242;2;1;115.634;1.000
suw?q;;;1242;2;1;115.634;1.000
suw?armal?;;;1242;2;1;115.634;1.000
suw?ar?w;;;1242;2;1;115.634;1.000
s?ykes;;;1242;2;1;115.634;1.000
s?ylegen;;;1242;2;1;115.634;1.000
s?ylegende;;;1242;2;1;115.634;1.000
s?ytip;;;1242;2;1;115.634;1.000
s?zge;;;1242;2;1;115.634;1.000
s?zlerin;;;1242;2;1;115.634;1.000
s?wretke;;;1242;2;1;115.634;1.000
s?wretlenedi;;;1242;2;1;115.634;1.000
s?wretleri;;;1242;2;1;115.634;1.000
s?wretleydi;;;1242;2;1;115.634;1.000
s?yek;;;1242;2;1;115.634;1.000
s?ygen;;;1242;2;1;115.634;1.000
s?yikli;;;1242;2;1;115.634;1.000
s?rt;;;1242;2;1;115.634;1.000
s?yaql?lar;;;1242;2;1;115.634;1.000
taba;;;1242;2;1;115.634;1.000
tabad?;;;1242;2;1;115.634;1.000
tab?ld?;;;1242;2;1;115.634;1.000
tab?l?anl???;;;1242;2;1;115.634;1.000
tagizoda;;;1242;2;1;115.634;1.000
talaplar;;;1242;2;1;115.634;1.000
talay;;;1242;2;1;115.634;1.000
tamam;;;1242;2;1;115.634;1.000
tan?la;;;1242;2;1;115.634;1.000
tan?mal?;;;1242;2;1;115.634;1.000
tan?s;;;1242;2;1;115.634;1.000
tarawlar?;;;1242;2;1;115.634;1.000
tariyx?m?z;;;1242;2;1;115.634;1.000
tarqald?;;;1242;2;1;115.634;1.000
tarqalgan;;;1242;2;1;115.634;1.000
tarqal?an;;;1242;2;1;115.634;1.000
tasqa;;;1242;2;1;115.634;1.000
tast?y?qlaytu??n;;;1242;2;1;115.634;1.000
taw?p;;;1242;2;1;115.634;1.000
taxt?n;;;1242;2;1;115.634;1.000
tazalap;;;1242;2;1;115.634;1.000
ta?lap;;;1242;2;1;115.634;1.000
ta??;;;1242;2;1;115.634;1.000
tekslerdi;;;1242;2;1;115.634;1.000
telegraf;;;1242;2;1;115.634;1.000
temada;;;1242;2;1;115.634;1.000
temeki;;;1242;2;1;115.634;1.000
temperatura;;;1242;2;1;115.634;1.000
temur;;;1242;2;1;115.634;1.000
teoriya;;;1242;2;1;115.634;1.000
teoriyal?q;;;1242;2;1;115.634;1.000
teoriyas?;;;1242;2;1;115.634;1.000
terme;;;1242;2;1;115.634;1.000
termeler;;;1242;2;1;115.634;1.000
te?izdi;;;1242;2;1;115.634;1.000
te?izini?;;;1242;2;1;115.634;1.000
te?lik;;;1242;2;1;115.634;1.000
ti;;;1242;2;1;115.634;1.000
til;;;1242;2;1;115.634;1.000
tiyer;;;1242;2;1;115.634;1.000
tiygizdi;;;1242;2;1;115.634;1.000
tiykar;;;1242;2;1;115.634;1.000
tiykarlar?;;;1242;2;1;115.634;1.000
tiykar?;;;1242;2;1;115.634;1.000
tolish;;;1242;2;1;115.634;1.000
topar;;;1242;2;1;115.634;1.000
toparda??;;;1242;2;1;115.634;1.000
toplam?;;;1242;2;1;115.634;1.000
tor?ay;;;1242;2;1;115.634;1.000
tor?ayd?;;;1242;2;1;115.634;1.000
tosattan;;;1242;2;1;115.634;1.000
tovar;;;1242;2;1;115.634;1.000
toyda;;;1242;2;1;115.634;1.000
toz?w;;;1242;2;1;115.634;1.000
tropikal?q;;;1242;2;1;115.634;1.000
tropikas?;;;1242;2;1;115.634;1.000
turaql?;;;1242;2;1;115.634;1.000
turatu??n;;;1242;2;1;115.634;1.000
tuw;;;1242;2;1;115.634;1.000
tuw?an;;;1242;2;1;115.634;1.000
t?biyat;;;1242;2;1;115.634;1.000
t?liymat;;;1242;2;1;115.634;1.000
t?rbiyalaw?a;;;1242;2;1;115.634;1.000
t?rbiyal?q;;;1242;2;1;115.634;1.000
t?rbiyash?;;;1242;2;1;115.634;1.000
t?repinde;;;1242;2;1;115.634;1.000
t?riyplenedi;;;1242;2;1;115.634;1.000
t?rizli;;;1242;2;1;115.634;1.000
t?rtibin;;;1242;2;1;115.634;1.000
t?rtip;;;1242;2;1;115.634;1.000
t?sirin;;;1242;2;1;115.634;1.000
t?sirli;;;1242;2;1;115.634;1.000
t?menlep;;;1242;2;1;115.634;1.000
t?rtinshi;;;1242;2;1;115.634;1.000
t?lki;;;1242;2;1;115.634;1.000
t?lkishek;;;1242;2;1;115.634;1.000
t?rkistan;;;1242;2;1;115.634;1.000
t?rkiya;;;1242;2;1;115.634;1.000
t?rkmen;;;1242;2;1;115.634;1.000
t?s;;;1242;2;1;115.634;1.000
t?sindiriwinshe;;;1242;2;1;115.634;1.000
t?sinik;;;1242;2;1;115.634;1.000
t?sinikler;;;1242;2;1;115.634;1.000
t?siniwge;;;1242;2;1;115.634;1.000
t?sken;;;1242;2;1;115.634;1.000
t?netti?;;;1242;2;1;115.634;1.000
ulamalar;;;1242;2;1;115.634;1.000
umt?l?w;;;1242;2;1;115.634;1.000
un;;;1242;2;1;115.634;1.000
unaml?;;;1242;2;1;115.634;1.000
unatqan;;;1242;2;1;115.634;1.000
urad?;;;1242;2;1;115.634;1.000
ur?p;;;1242;2;1;115.634;1.000
ur?s;;;1242;2;1;115.634;1.000
ur?s?wsh?;;;1242;2;1;115.634;1.000
ur?w?nda??;;;1242;2;1;115.634;1.000
ur?w?n??;;;1242;2;1;115.634;1.000
usas;;;1242;2;1;115.634;1.000
usayd?;;;1242;2;1;115.634;1.000
ush?raw?;;;1242;2;1;115.634;1.000
usi;;;1242;2;1;115.634;1.000
ustas?;;;1242;2;1;115.634;1.000
us?lar;;;1242;2;1;115.634;1.000
us?lay;;;1242;2;1;115.634;1.000
us?n??;;;1242;2;1;115.634;1.000
us??an;;;1242;2;1;115.634;1.000
uyqas;;;1242;2;1;115.634;1.000
vedanta;;;1242;2;1;115.634;1.000
vii;;;1242;2;1;115.634;1.000
viii;;;1242;2;1;115.634;1.000
waqt?n;;;1242;2;1;115.634;1.000
waq?tlar;;;1242;2;1;115.634;1.000
waq?tlar?a;;;1242;2;1;115.634;1.000
waq?yan?;;;1242;2;1;115.634;1.000
web;;;1242;2;1;115.634;1.000
w?killerini?;;;1242;2;1;115.634;1.000
w?zir;;;1242;2;1;115.634;1.000
xalil;;;1242;2;1;115.634;1.000
xalq;;;1242;2;1;115.634;1.000
xalq?na;;;1242;2;1;115.634;1.000
xal?qqa;;;1242;2;1;115.634;1.000
xams?;;;1242;2;1;115.634;1.000
xanlar;;;1242;2;1;115.634;1.000
xat;;;1242;2;1;115.634;1.000
xatib;;;1242;2;1;115.634;1.000
xayratul;;;1242;2;1;115.634;1.000
xiywada;;;1242;2;1;115.634;1.000
xiywan??;;;1242;2;1;115.634;1.000
xoja;;;1242;2;1;115.634;1.000
xoqoniy;;;1242;2;1;115.634;1.000
xor;;;1242;2;1;115.634;1.000
xorasann??;;;1242;2;1;115.634;1.000
xviii;;;1242;2;1;115.634;1.000
x?zmeti;;;1242;2;1;115.634;1.000
yad?nda;;;1242;2;1;115.634;1.000
yoga;;;1242;2;1;115.634;1.000
yuridikal?q;;;1242;2;1;115.634;1.000
z;;;1242;2;1;115.634;1.000
zal;;;1242;2;1;115.634;1.000
zaman?n??;;;1242;2;1;115.634;1.000
zardusht;;;1242;2;1;115.634;1.000
zatlard?;;;1242;2;1;115.634;1.000
zavod?;;;1242;2;1;115.634;1.000
ziyrek;;;1242;2;1;115.634;1.000
zordan;;;1242;2;1;115.634;1.000
zulqarnay?n;;;1242;2;1;115.634;1.000
z?r?r;;;1242;2;1;115.634;1.000
z?yat;;;1242;2;1;115.634;1.000
?bdiraxman;;;1242;2;1;115.634;1.000
?dalats?z;;;1242;2;1;115.634;1.000
?debiyat?na;;;1242;2;1;115.634;1.000
?dep;;;1242;2;1;115.634;1.000
?dillik;;;1242;2;1;115.634;1.000
?jiniyazd?;;;1242;2;1;115.634;1.000
?jiniyaz?a;;;1242;2;1;115.634;1.000
?ke;;;1242;2;1;115.634;1.000
?kesini?;;;1242;2;1;115.634;1.000
?lbentten;;;1242;2;1;115.634;1.000
?lipbe;;;1242;2;1;115.634;1.000
?lisher;;;1242;2;1;115.634;1.000
?melge;;;1242;2;1;115.634;1.000
?mir;;;1242;2;1;115.634;1.000
?piway?lard??;;;1242;2;1;115.634;1.000
?sker;;;1242;2;1;115.634;1.000
?skerleri;;;1242;2;1;115.634;1.000
?tirap?nda??;;;1242;2;1;115.634;1.000
?zerbayjand?;;;1242;2;1;115.634;1.000
?lim;;;1242;2;1;115.634;1.000
?ltiriledi;;;1242;2;1;115.634;1.000
?mirbayan?;;;1242;2;1;115.634;1.000
?mirdi?;;;1242;2;1;115.634;1.000
?mirin;;;1242;2;1;115.634;1.000
?nimdarl???;;;1242;2;1;115.634;1.000
?simlikleri;;;1242;2;1;115.634;1.000
?sti;;;1242;2;1;115.634;1.000
?tip;;;1242;2;1;115.634;1.000
?tiwge;;;1242;2;1;115.634;1.000
?tkergen;;;1242;2;1;115.634;1.000
?tkeriw;;;1242;2;1;115.634;1.000
?tkeriwge;;;1242;2;1;115.634;1.000
?zbekstanda;;;1242;2;1;115.634;1.000
?zekleri;;;1242;2;1;115.634;1.000
?zgeriwi;;;1242;2;1;115.634;1.000
?zgeshelikler;;;1242;2;1;115.634;1.000
?zgeshelikleri;;;1242;2;1;115.634;1.000
?zinde;;;1242;2;1;115.634;1.000
?zinshe;;;1242;2;1;115.634;1.000
?shewi;;;1242;2;1;115.634;1.000
?stinde;;;1242;2;1;115.634;1.000
?stinen;;;1242;2;1;115.634;1.000
?y;;;1242;2;1;115.634;1.000
?yde;;;1242;2;1;115.634;1.000
?yge;;;1242;2;1;115.634;1.000
?yi;;;1242;2;1;115.634;1.000
?ylengen;;;1242;2;1;115.634;1.000
?yrek;;;1242;2;1;115.634;1.000
?yrendi;;;1242;2;1;115.634;1.000
?laqt?r?w;;;1242;2;1;115.634;1.000
?l?;;;1242;2;1;115.634;1.000
?qlas?;;;1242;2;1;115.634;1.000
?ql?m;;;1242;2;1;115.634;1.000
?ss?;;;1242;2;1;115.634;1.000
??al;;;1242;2;1;115.634;1.000
??rezsiz;;;1242;2;1;115.634;1.000
??rezsizlik;;;1242;2;1;115.634;1.000
abadanl???;;;2274;1;1;57.817;1.000
abayl?;;;2274;1;1;57.817;1.000
abbas;;;2274;1;1;57.817;1.000
abbashuq;;;2274;1;1;57.817;1.000
abbos;;;2274;1;1;57.817;1.000
abduda;;;2274;1;1;57.817;1.000
abdulloh;;;2274;1;1;57.817;1.000
abdulqodir;;;2274;1;1;57.817;1.000
abdurahmonov;;;2274;1;1;57.817;1.000
abduraxmanov;;;2274;1;1;57.817;1.000
abiddin;;;2274;1;1;57.817;1.000
abissiniyal?;;;2274;1;1;57.817;1.000
abram;;;2274;1;1;57.817;1.000
absolyutl?q;;;2274;1;1;57.817;1.000
ab?ray;;;2274;1;1;57.817;1.000
ab?royl?;;;2274;1;1;57.817;1.000
adamgershilik;;;2274;1;1;57.817;1.000
adamgershilikke;;;2274;1;1;57.817;1.000
adamlarda;;;2274;1;1;57.817;1.000
adamlar?n;;;2274;1;1;57.817;1.000
adamlar?n??;;;2274;1;1;57.817;1.000
adamnan;;;2274;1;1;57.817;1.000
adamxor;;;2274;1;1;57.817;1.000
adam?;;;2274;1;1;57.817;1.000
afinal?lar;;;2274;1;1;57.817;1.000
afrikaday;;;2274;1;1;57.817;1.000
afrikal?q;;;2274;1;1;57.817;1.000
afrikas?nda;;;2274;1;1;57.817;1.000
afrik?;;;2274;1;1;57.817;1.000
agentligi;;;2274;1;1;57.817;1.000
agentlikleri;;;2274;1;1;57.817;1.000
agrar;;;2274;1;1;57.817;1.000
ahamaniyler;;;2274;1;1;57.817;1.000
ahmad;;;2274;1;1;57.817;1.000
ajamiy;;;2274;1;1;57.817;1.000
ajapas?;;;2274;1;1;57.817;1.000
aja?as?;;;2274;1;1;57.817;1.000
ajiniyaz;;;2274;1;1;57.817;1.000
aj?rat?lad?;;;2274;1;1;57.817;1.000
aj?rat?p;;;2274;1;1;57.817;1.000
akademik;;;2274;1;1;57.817;1.000
akcionerdi?;;;2274;1;1;57.817;1.000
akcionerleri;;;2274;1;1;57.817;1.000
akcionerleskende;;;2274;1;1;57.817;1.000
akciyalar?n??;;;2274;1;1;57.817;1.000
akciyan??;;;2274;1;1;57.817;1.000
akespe;;;2274;1;1;57.817;1.000
akstafa;;;2274;1;1;57.817;1.000
aktivligi;;;2274;1;1;57.817;1.000
aktsionerlik;;;2274;1;1;57.817;1.000
aktsiyalard?;;;2274;1;1;57.817;1.000
aktsiyan?;;;2274;1;1;57.817;1.000
akula;;;2274;1;1;57.817;1.000
alam?z;;;2274;1;1;57.817;1.000
alatu??n;;;2274;1;1;57.817;1.000
alay?q;;;2274;1;1;57.817;1.000
albaniyas?;;;2274;1;1;57.817;1.000
albanlar;;;2274;1;1;57.817;1.000
aldama;;;2274;1;1;57.817;1.000
aldap;;;2274;1;1;57.817;1.000
ald?m;;;2274;1;1;57.817;1.000
ald?nda??;;;2274;1;1;57.817;1.000
ald?n??dan;;;2274;1;1;57.817;1.000
ald?r?p;;;2274;1;1;57.817;1.000
ald??a;;;2274;1;1;57.817;1.000
alekper;;;2274;1;1;57.817;1.000
alesker;;;2274;1;1;57.817;1.000
alfavit;;;2274;1;1;57.817;1.000
algologiya;;;2274;1;1;57.817;1.000
ali;;;2274;1;1;57.817;1.000
aliev;;;2274;1;1;57.817;1.000
alimov;;;2274;1;1;57.817;1.000
alisherge;;;2274;1;1;57.817;1.000
aliyev;;;2274;1;1;57.817;1.000
alizoda;;;2274;1;1;57.817;1.000
alla;;;2274;1;1;57.817;1.000
allamalar;;;2274;1;1;57.817;1.000
almagest;;;2274;1;1;57.817;1.000
almas;;;2274;1;1;57.817;1.000
almassa;;;2274;1;1;57.817;1.000
almast?r?l?anda;;;2274;1;1;57.817;1.000
almaym?z;;;2274;1;1;57.817;1.000
almaytu??n;;;2274;1;1;57.817;1.000
alma?a;;;2274;1;1;57.817;1.000
alp;;;2274;1;1;57.817;1.000
alp?s;;;2274;1;1;57.817;1.000
alsa?;;;2274;1;1;57.817;1.000
alt?nlar;;;2274;1;1;57.817;1.000
alt?nsh?;;;2274;1;1;57.817;1.000
al?mlard?;;;2274;1;1;57.817;1.000
al?mlard??;;;2274;1;1;57.817;1.000
al?mlar?n??;;;2274;1;1;57.817;1.000
al?nad?;;;2274;1;1;57.817;1.000
al?nba?an;;;2274;1;1;57.817;1.000
al?ngan;;;2274;1;1;57.817;1.000
al?n?w?;;;2274;1;1;57.817;1.000
al?pt?;;;2274;1;1;57.817;1.000
al?s;;;2274;1;1;57.817;1.000
al?sta;;;2274;1;1;57.817;1.000
al?wd?;;;2274;1;1;57.817;1.000
al?wlar?;;;2274;1;1;57.817;1.000
al?wsh?;;;2274;1;1;57.817;1.000
al?wsh?l?q;;;2274;1;1;57.817;1.000
al?anl???;;;2274;1;1;57.817;1.000
al?an?m?zd?;;;2274;1;1;57.817;1.000
al??slap;;;2274;1;1;57.817;1.000
aman;;;2274;1;1;57.817;1.000
amanb?sa?;;;2274;1;1;57.817;1.000
amangeldi;;;2274;1;1;57.817;1.000
amanqul;;;2274;1;1;57.817;1.000
amortizatsiya;;;2274;1;1;57.817;1.000
ana;;;2274;1;1;57.817;1.000
analar;;;2274;1;1;57.817;1.000
analiz;;;2274;1;1;57.817;1.000
anatomiyan?;;;2274;1;1;57.817;1.000
anatomiy?;;;2274;1;1;57.817;1.000
anaw;;;2274;1;1;57.817;1.000
ana?url?m;;;2274;1;1;57.817;1.000
and;;;2274;1;1;57.817;1.000
anekdotlar?;;;2274;1;1;57.817;1.000
anglichanl?;;;2274;1;1;57.817;1.000
angliyal?;;;2274;1;1;57.817;1.000
ansambli;;;2274;1;1;57.817;1.000
ant;;;2274;1;1;57.817;1.000
antaraktika;;;2274;1;1;57.817;1.000
antarctic;;;2274;1;1;57.817;1.000
antarktikan?;;;2274;1;1;57.817;1.000
antologiyas?;;;2274;1;1;57.817;1.000
antropologiya;;;2274;1;1;57.817;1.000
anvariy;;;2274;1;1;57.817;1.000
an?qlama;;;2274;1;1;57.817;1.000
an?qlanad?;;;2274;1;1;57.817;1.000
an?qland?;;;2274;1;1;57.817;1.000
an?qlap;;;2274;1;1;57.817;1.000
an?qlast?r?w;;;2274;1;1;57.817;1.000
an?ql?q;;;2274;1;1;57.817;1.000
apparatlar;;;2274;1;1;57.817;1.000
aqjigit;;;2274;1;1;57.817;1.000
aql?qlar?n;;;2274;1;1;57.817;1.000
aql???;;;2274;1;1;57.817;1.000
aqmaq;;;2274;1;1;57.817;1.000
aqquw;;;2274;1;1;57.817;1.000
aqshqa;;;2274;1;1;57.817;1.000
aqun;;;2274;1;1;57.817;1.000
aq?ls?z;;;2274;1;1;57.817;1.000
aq?l?;;;2274;1;1;57.817;1.000
aq?rg?;;;2274;1;1;57.817;1.000
aq?rlar?nda;;;2274;1;1;57.817;1.000
aq?r?na;;;2274;1;1;57.817;1.000
aq?r?nan;;;2274;1;1;57.817;1.000
aq?r??;;;2274;1;1;57.817;1.000
ar;;;2274;1;1;57.817;1.000
arabstan?;;;2274;1;1;57.817;1.000
arab?y;;;2274;1;1;57.817;1.000
araknologiya;;;2274;1;1;57.817;1.000
aralama?an?;;;2274;1;1;57.817;1.000
aralas;;;2274;1;1;57.817;1.000
aralast?r?p;;;2274;1;1;57.817;1.000
aralas?p;;;2274;1;1;57.817;1.000
aral?q;;;2274;1;1;57.817;1.000
aral?qlar?a;;;2274;1;1;57.817;1.000
aral?qqa;;;2274;1;1;57.817;1.000
aral???;;;2274;1;1;57.817;1.000
aral?a;;;2274;1;1;57.817;1.000
aranyaklar;;;2274;1;1;57.817;1.000
ardabidtegi;;;2274;1;1;57.817;1.000
ardasher;;;2274;1;1;57.817;1.000
arina;;;2274;1;1;57.817;1.000
aristoteldi?;;;2274;1;1;57.817;1.000
arisvlerdi?;;;2274;1;1;57.817;1.000
arkrn;;;2274;1;1;57.817;1.000
arktikadan;;;2274;1;1;57.817;1.000
arman?;;;2274;1;1;57.817;1.000
arman?n;;;2274;1;1;57.817;1.000
armiya;;;2274;1;1;57.817;1.000
arnaw;;;2274;1;1;57.817;1.000
arpa;;;2274;1;1;57.817;1.000
arqada;;;2274;1;1;57.817;1.000
arqada??;;;2274;1;1;57.817;1.000
arqa?a;;;2274;1;1;57.817;1.000
artistler;;;2274;1;1;57.817;1.000
artq?;;;2274;1;1;57.817;1.000
artt?r?p;;;2274;1;1;57.817;1.000
artt?r?an;;;2274;1;1;57.817;1.000
artyom;;;2274;1;1;57.817;1.000
art?nda;;;2274;1;1;57.817;1.000
art?n??;;;2274;1;1;57.817;1.000
art?p;;;2274;1;1;57.817;1.000
art?qmashl???;;;2274;1;1;57.817;1.000
arxitektor;;;2274;1;1;57.817;1.000
arxitektori;;;2274;1;1;57.817;1.000
arxitektorlar;;;2274;1;1;57.817;1.000
arxitektorlar?;;;2274;1;1;57.817;1.000
arxitekturas?n??;;;2274;1;1;57.817;1.000
arxivimizde;;;2274;1;1;57.817;1.000
arza;;;2274;1;1;57.817;1.000
arz?mbet;;;2274;1;1;57.817;1.000
arz?w;;;2274;1;1;57.817;1.000
ar?slan;;;2274;1;1;57.817;1.000
ar?s?;;;2274;1;1;57.817;1.000
ar?wdan;;;2274;1;1;57.817;1.000
ar??;;;2274;1;1;57.817;1.000
asa;;;2274;1;1;57.817;1.000
asad;;;2274;1;1;57.817;1.000
asad?;;;2274;1;1;57.817;1.000
asha;;;2274;1;1;57.817;1.000
ashamayl?lard??;;;2274;1;1;57.817;1.000
asharda;;;2274;1;1;57.817;1.000
ashard?;;;2274;1;1;57.817;1.000
ashar?;;;2274;1;1;57.817;1.000
ashatu??n;;;2274;1;1;57.817;1.000
ashqan;;;2274;1;1;57.817;1.000
ashtan;;;2274;1;1;57.817;1.000
asht?;;;2274;1;1;57.817;1.000
ash?l?s?p;;;2274;1;1;57.817;1.000
ash?l?w?;;;2274;1;1;57.817;1.000
ash?l?an;;;2274;1;1;57.817;1.000
ash?l?ay;;;2274;1;1;57.817;1.000
ash?qlardan;;;2274;1;1;57.817;1.000
ash?ql?q;;;2274;1;1;57.817;1.000
ash?w;;;2274;1;1;57.817;1.000
ash?wlanad?;;;2274;1;1;57.817;1.000
ash???;;;2274;1;1;57.817;1.000
aslam?na;;;2274;1;1;57.817;1.000
asli;;;2274;1;1;57.817;1.000
asov;;;2274;1;1;57.817;1.000
asqan;;;2274;1;1;57.817;1.000
asror;;;2274;1;1;57.817;1.000
assa;;;2274;1;1;57.817;1.000
assiriyan?n;;;2274;1;1;57.817;1.000
astarl?;;;2274;1;1;57.817;1.000
astarl?q;;;2274;1;1;57.817;1.000
astrabad;;;2274;1;1;57.817;1.000
astrabadta;;;2274;1;1;57.817;1.000
astrobiologiya;;;2274;1;1;57.817;1.000
astronomiya;;;2274;1;1;57.817;1.000
ast?rad?;;;2274;1;1;57.817;1.000
as?rad?;;;2274;1;1;57.817;1.000
as?raw;;;2274;1;1;57.817;1.000
as?r?lad?;;;2274;1;1;57.817;1.000
atalmaqta;;;2274;1;1;57.817;1.000
atal?p;;;2274;1;1;57.817;1.000
atamasi;;;2274;1;1;57.817;1.000
atanad?;;;2274;1;1;57.817;1.000
ataqtan;;;2274;1;1;57.817;1.000
atasa;;;2274;1;1;57.817;1.000
atast?r?l?an;;;2274;1;1;57.817;1.000
atas?n??;;;2274;1;1;57.817;1.000
ataw;;;2274;1;1;57.817;1.000
atawda;;;2274;1;1;57.817;1.000
atawlard??;;;2274;1;1;57.817;1.000
ataw?nda??;;;2274;1;1;57.817;1.000
ataw?n??;;;2274;1;1;57.817;1.000
ataym?z;;;2274;1;1;57.817;1.000
ata?anl???;;;2274;1;1;57.817;1.000
ata?an?n;;;2274;1;1;57.817;1.000
atlar;;;2274;1;1;57.817;1.000
atlar?n;;;2274;1;1;57.817;1.000
atom;;;2274;1;1;57.817;1.000
atqa;;;2274;1;1;57.817;1.000
atqaratu??n;;;2274;1;1;57.817;1.000
atqar?lad?;;;2274;1;1;57.817;1.000
atqar?l?w?;;;2274;1;1;57.817;1.000
atqar?wsh?;;;2274;1;1;57.817;1.000
atqar?w?nda;;;2274;1;1;57.817;1.000
atqar?an;;;2274;1;1;57.817;1.000
atropatena;;;2274;1;1;57.817;1.000
attard??;;;2274;1;1;57.817;1.000
atxarved?;;;2274;1;1;57.817;1.000
at?n??;;;2274;1;1;57.817;1.000
at?r?anda;;;2274;1;1;57.817;1.000
at?wsh?;;;2274;1;1;57.817;1.000
avarlar;;;2274;1;1;57.817;1.000
avgusta;;;2274;1;1;57.817;1.000
avogardo;;;2274;1;1;57.817;1.000
avrang;;;2274;1;1;57.817;1.000
avstraliya;;;2274;1;1;57.817;1.000
avtobiografiyas?n;;;2274;1;1;57.817;1.000
avtomobil;;;2274;1;1;57.817;1.000
avtonom;;;2274;1;1;57.817;1.000
avtonomiya;;;2274;1;1;57.817;1.000
avtonomiyal?q;;;2274;1;1;57.817;1.000
avtorlar?;;;2274;1;1;57.817;1.000
avxadiy;;;2274;1;1;57.817;1.000
awdarmalardan;;;2274;1;1;57.817;1.000
awdarman??;;;2274;1;1;57.817;1.000
awdarmas?nda??;;;2274;1;1;57.817;1.000
awdar?lad?;;;2274;1;1;57.817;1.000
awdar?w;;;2274;1;1;57.817;1.000
awdar?w?a;;;2274;1;1;57.817;1.000
awlanad?;;;2274;1;1;57.817;1.000
awlan?p;;;2274;1;1;57.817;1.000
awlayd?;;;2274;1;1;57.817;1.000
awqamlas;;;2274;1;1;57.817;1.000
awqatlan?w;;;2274;1;1;57.817;1.000
awqat?n;;;2274;1;1;57.817;1.000
awz?bas?n;;;2274;1;1;57.817;1.000
awz?na;;;2274;1;1;57.817;1.000
awz?nan;;;2274;1;1;57.817;1.000
aw?ld??;;;2274;1;1;57.817;1.000
aw?llarda;;;2274;1;1;57.817;1.000
aw?l?na;;;2274;1;1;57.817;1.000
aw?l?nan;;;2274;1;1;57.817;1.000
aw?l?nda??;;;2274;1;1;57.817;1.000
aw?rl?q;;;2274;1;1;57.817;1.000
aw?r?raq;;;2274;1;1;57.817;1.000
aw?r?w?nan;;;2274;1;1;57.817;1.000
aw?z?nan;;;2274;1;1;57.817;1.000
aw?anstan;;;2274;1;1;57.817;1.000
axmedbek;;;2274;1;1;57.817;1.000
axundovt??;;;2274;1;1;57.817;1.000
axverdiyevti?;;;2274;1;1;57.817;1.000
ayapberegn;;;2274;1;1;57.817;1.000
ayapberegnni?;;;2274;1;1;57.817;1.000
ayaqlar;;;2274;1;1;57.817;1.000
aya??na;;;2274;1;1;57.817;1.000
aya??nda;;;2274;1;1;57.817;1.000
aydal?p;;;2274;1;1;57.817;1.000
ayd?n;;;2274;1;1;57.817;1.000
ayd?nnan;;;2274;1;1;57.817;1.000
ayd?n?a;;;2274;1;1;57.817;1.000
ayland?;;;2274;1;1;57.817;1.000
ayland?rd?;;;2274;1;1;57.817;1.000
ayland?r?l?an;;;2274;1;1;57.817;1.000
aylan?s;;;2274;1;1;57.817;1.000
aylan?sta??;;;2274;1;1;57.817;1.000
aylan?s?;;;2274;1;1;57.817;1.000
aylan?an;;;2274;1;1;57.817;1.000
aymaqt??;;;2274;1;1;57.817;1.000
ayma??na;;;2274;1;1;57.817;1.000
ayma??n?n??;;;2274;1;1;57.817;1.000
aynalay?n;;;2274;1;1;57.817;1.000
aynald?r?anda;;;2274;1;1;57.817;1.000
aynal?an;;;2274;1;1;57.817;1.000
aynanay?n;;;2274;1;1;57.817;1.000
ayqulash;;;2274;1;1;57.817;1.000
ayq?n;;;2274;1;1;57.817;1.000
ayra;;;2274;1;1;57.817;1.000
ayr?lsa;;;2274;1;1;57.817;1.000
ayta;;;2274;1;1;57.817;1.000
aytarl?qtay;;;2274;1;1;57.817;1.000
ayteke;;;2274;1;1;57.817;1.000
aytiwinsha;;;2274;1;1;57.817;1.000
aytmatov;;;2274;1;1;57.817;1.000
aytmuxammed;;;2274;1;1;57.817;1.000
aytqanday;;;2274;1;1;57.817;1.000
aytqanlard?;;;2274;1;1;57.817;1.000
ayt?la;;;2274;1;1;57.817;1.000
ayt?latu??n;;;2274;1;1;57.817;1.000
ayt?l?w?nan;;;2274;1;1;57.817;1.000
ayt?l?an?nday;;;2274;1;1;57.817;1.000
ayt?slarda;;;2274;1;1;57.817;1.000
ayt?slardan;;;2274;1;1;57.817;1.000
ayt?slar?n;;;2274;1;1;57.817;1.000
ayt?slar?n?n;;;2274;1;1;57.817;1.000
ayt?sqanda;;;2274;1;1;57.817;1.000
ayt?st?r?wd?;;;2274;1;1;57.817;1.000
ayt?s?n??;;;2274;1;1;57.817;1.000
ayt?s?w;;;2274;1;1;57.817;1.000
ayt?s?wlar;;;2274;1;1;57.817;1.000
ayt?wda;;;2274;1;1;57.817;1.000
ayt?wd?;;;2274;1;1;57.817;1.000
ayt?w?s?z;;;2274;1;1;57.817;1.000
ayt?w?w?;;;2274;1;1;57.817;1.000
ayt?w?a;;;2274;1;1;57.817;1.000
ay?;;;2274;1;1;57.817;1.000
ay?ld??;;;2274;1;1;57.817;1.000
ay?ll?;;;2274;1;1;57.817;1.000
ay?mbetov;;;2274;1;1;57.817;1.000
ay?mbetovlar;;;2274;1;1;57.817;1.000
ay?mxan;;;2274;1;1;57.817;1.000
ay?plan?p;;;2274;1;1;57.817;1.000
ay?playd?;;;2274;1;1;57.817;1.000
ay?r?lad?;;;2274;1;1;57.817;1.000
ay?r?ld?;;;2274;1;1;57.817;1.000
ay?r?mlar?;;;2274;1;1;57.817;1.000
ay?w;;;2274;1;1;57.817;1.000
ay??r;;;2274;1;1;57.817;1.000
azamat?n;;;2274;1;1;57.817;1.000
azar;;;2274;1;1;57.817;1.000
azarlar?na;;;2274;1;1;57.817;1.000
azatl?q;;;2274;1;1;57.817;1.000
azaytqanda;;;2274;1;1;57.817;1.000
azayt?l?an;;;2274;1;1;57.817;1.000
azay?p;;;2274;1;1;57.817;1.000
azd?m;;;2274;1;1;57.817;1.000
azerbaydjan;;;2274;1;1;57.817;1.000
azerbayjan;;;2274;1;1;57.817;1.000
azerin;;;2274;1;1;57.817;1.000
aziada;;;2274;1;1;57.817;1.000
azian?;;;2274;1;1;57.817;1.000
azim;;;2274;1;1;57.817;1.000
azimzada;;;2274;1;1;57.817;1.000
aziy;;;2274;1;1;57.817;1.000
aziyada;;;2274;1;1;57.817;1.000
aziyada??;;;2274;1;1;57.817;1.000
az?antay;;;2274;1;1;57.817;1.000
a?sar;;;2274;1;1;57.817;1.000
a?satlast?rad?;;;2274;1;1;57.817;1.000
a?sh?l?q;;;2274;1;1;57.817;1.000
a??zd??;;;2274;1;1;57.817;1.000
a??zlard??;;;2274;1;1;57.817;1.000
a??zlar?a;;;2274;1;1;57.817;1.000
a??z?n;;;2274;1;1;57.817;1.000
a??z?nan;;;2274;1;1;57.817;1.000
a?ayinleri;;;2274;1;1;57.817;1.000
a?ay?n;;;2274;1;1;57.817;1.000
a?dam;;;2274;1;1;57.817;1.000
a?eke;;;2274;1;1;57.817;1.000
a?zas?;;;2274;1;1;57.817;1.000
a??m?;;;2274;1;1;57.817;1.000
a??p;;;2274;1;1;57.817;1.000
a??s;;;2274;1;1;57.817;1.000
baba;;;2274;1;1;57.817;1.000
babak;;;2274;1;1;57.817;1.000
babalar?;;;2274;1;1;57.817;1.000
babalar?m?zdan;;;2274;1;1;57.817;1.000
babalar?m?zd??;;;2274;1;1;57.817;1.000
babas?;;;2274;1;1;57.817;1.000
badam;;;2274;1;1;57.817;1.000
bahalanad?;;;2274;1;1;57.817;1.000
bahalawd??;;;2274;1;1;57.817;1.000
bahala?an;;;2274;1;1;57.817;1.000
baharden;;;2274;1;1;57.817;1.000
bahas?nan;;;2274;1;1;57.817;1.000
bahas?nda;;;2274;1;1;57.817;1.000
bahmanyor;;;2274;1;1;57.817;1.000
bahovuddin;;;2274;1;1;57.817;1.000
bakida??;;;2274;1;1;57.817;1.000
bakinskiy;;;2274;1;1;57.817;1.000
bakteriologiya;;;2274;1;1;57.817;1.000
bakuda??;;;2274;1;1;57.817;1.000
balalard?;;;2274;1;1;57.817;1.000
balalard??;;;2274;1;1;57.817;1.000
balalar?a;;;2274;1;1;57.817;1.000
balal?q;;;2274;1;1;57.817;1.000
balal?qt??;;;2274;1;1;57.817;1.000
balam;;;2274;1;1;57.817;1.000
balaman;;;2274;1;1;57.817;1.000
balans?n;;;2274;1;1;57.817;1.000
balas?na;;;2274;1;1;57.817;1.000
balet;;;2274;1;1;57.817;1.000
baletleri;;;2274;1;1;57.817;1.000
balneologiya;;;2274;1;1;57.817;1.000
balsh?qta;;;2274;1;1;57.817;1.000
baltabek;;;2274;1;1;57.817;1.000
bal?qlar;;;2274;1;1;57.817;1.000
bangladesh;;;2274;1;1;57.817;1.000
banklerdi?;;;2274;1;1;57.817;1.000
baplar?a;;;2274;1;1;57.817;1.000
bapqa;;;2274;1;1;57.817;1.000
baqlawd?;;;2274;1;1;57.817;1.000
baqqan;;;2274;1;1;57.817;1.000
baqsi;;;2274;1;1;57.817;1.000
baqs?dan;;;2274;1;1;57.817;1.000
baqs?lar;;;2274;1;1;57.817;1.000
baqs?lardan;;;2274;1;1;57.817;1.000
baqs?lard??;;;2274;1;1;57.817;1.000
baqs?lar?;;;2274;1;1;57.817;1.000
barabar;;;2274;1;1;57.817;1.000
baraman;;;2274;1;1;57.817;1.000
barasa?;;;2274;1;1;57.817;1.000
baratu??n;;;2274;1;1;57.817;1.000
barat?r?an;;;2274;1;1;57.817;1.000
bardur;;;2274;1;1;57.817;1.000
barit;;;2274;1;1;57.817;1.000
barl?bay;;;2274;1;1;57.817;1.000
barmeken;;;2274;1;1;57.817;1.000
barnet;;;2274;1;1;57.817;1.000
barsakelmes;;;2274;1;1;57.817;1.000
baruch;;;2274;1;1;57.817;1.000
bar?ld?;;;2274;1;1;57.817;1.000
bar?w;;;2274;1;1;57.817;1.000
bar?wd?;;;2274;1;1;57.817;1.000
bar?w?na;;;2274;1;1;57.817;1.000
bar?anda;;;2274;1;1;57.817;1.000
bar?an?;;;2274;1;1;57.817;1.000
baskakov;;;2274;1;1;57.817;1.000
baslamas?nda;;;2274;1;1;57.817;1.000
baslanatu??n;;;2274;1;1;57.817;1.000
baslanbastan;;;2274;1;1;57.817;1.000
baslangan;;;2274;1;1;57.817;1.000
baslapaq;;;2274;1;1;57.817;1.000
baslapt?;;;2274;1;1;57.817;1.000
baslar;;;2274;1;1;57.817;1.000
baslawsh?lar?n??;;;2274;1;1;57.817;1.000
basla?a?;;;2274;1;1;57.817;1.000
baspanas?z;;;2274;1;1;57.817;1.000
baspas?z;;;2274;1;1;57.817;1.000
baspas?zi;;;2274;1;1;57.817;1.000
baspa?a;;;2274;1;1;57.817;1.000
basqalardan;;;2274;1;1;57.817;1.000
basqan;;;2274;1;1;57.817;1.000
basqarmas?;;;2274;1;1;57.817;1.000
basqar?wd??;;;2274;1;1;57.817;1.000
basqar?w?a;;;2274;1;1;57.817;1.000
basqasharaq;;;2274;1;1;57.817;1.000
basq?nsh?lar;;;2274;1;1;57.817;1.000
basq?nsh?lar?n??;;;2274;1;1;57.817;1.000
basq?nsh?lar?a;;;2274;1;1;57.817;1.000
basq?nsh?l???;;;2274;1;1;57.817;1.000
basq?shlar?nda;;;2274;1;1;57.817;1.000
basq?shqa;;;2274;1;1;57.817;1.000
basseynde;;;2274;1;1;57.817;1.000
basseyninde;;;2274;1;1;57.817;1.000
bassh?;;;2274;1;1;57.817;1.000
bassh?lar?;;;2274;1;1;57.817;1.000
bassh?l?qqa;;;2274;1;1;57.817;1.000
bassh?l???nda;;;2274;1;1;57.817;1.000
bassh?s?;;;2274;1;1;57.817;1.000
bast?r?l?annan;;;2274;1;1;57.817;1.000
bas?la;;;2274;1;1;57.817;1.000
bas?lad?;;;2274;1;1;57.817;1.000
bas?ma;;;2274;1;1;57.817;1.000
bas?md?;;;2274;1;1;57.817;1.000
bas?mlaw;;;2274;1;1;57.817;1.000
bas?nan;;;2274;1;1;57.817;1.000
batan;;;2274;1;1;57.817;1.000
batqan?n;;;2274;1;1;57.817;1.000
bats;;;2274;1;1;57.817;1.000
batumi;;;2274;1;1;57.817;1.000
bat?rlar;;;2274;1;1;57.817;1.000
bat?rl?qt?;;;2274;1;1;57.817;1.000
bat?s;;;2274;1;1;57.817;1.000
bat?sqa;;;2274;1;1;57.817;1.000
bat?s?nda;;;2274;1;1;57.817;1.000
baw?rlawsh?lar;;;2274;1;1;57.817;1.000
baxal?;;;2274;1;1;57.817;1.000
baxmanyor;;;2274;1;1;57.817;1.000
baxreyn;;;2274;1;1;57.817;1.000
baxt?n;;;2274;1;1;57.817;1.000
baxt?yar;;;2274;1;1;57.817;1.000
bax?t;;;2274;1;1;57.817;1.000
bax?ts?zl?qt?;;;2274;1;1;57.817;1.000
bayanlan?an;;;2274;1;1;57.817;1.000
bayanlawdan;;;2274;1;1;57.817;1.000
bayan?na;;;2274;1;1;57.817;1.000
baylansa;;;2274;1;1;57.817;1.000
baylansta;;;2274;1;1;57.817;1.000
baylan?slar;;;2274;1;1;57.817;1.000
baylan?sqan;;;2274;1;1;57.817;1.000
baylan?st?r?p;;;2274;1;1;57.817;1.000
baylan?st?r?wlar?;;;2274;1;1;57.817;1.000
baylan?st?r?wsh?;;;2274;1;1;57.817;1.000
baylan?s?n??;;;2274;1;1;57.817;1.000
baylan?s?p;;;2274;1;1;57.817;1.000
baylar?;;;2274;1;1;57.817;1.000
baylar?a;;;2274;1;1;57.817;1.000
bayl?q;;;2274;1;1;57.817;1.000
baymanqul;;;2274;1;1;57.817;1.000
bayqalad?;;;2274;1;1;57.817;1.000
bayram;;;2274;1;1;57.817;1.000
bayramli;;;2274;1;1;57.817;1.000
bayramov;;;2274;1;1;57.817;1.000
bayram?;;;2274;1;1;57.817;1.000
baytemir;;;2274;1;1;57.817;1.000
bay?p;;;2274;1;1;57.817;1.000
bay?tqan;;;2274;1;1;57.817;1.000
bay?a;;;2274;1;1;57.817;1.000
bazalar?;;;2274;1;1;57.817;1.000
bazar?;;;2274;1;1;57.817;1.000
bazda;;;2274;1;1;57.817;1.000
baz?bir;;;2274;1;1;57.817;1.000
ba?dag?l;;;2274;1;1;57.817;1.000
ba?dar;;;2274;1;1;57.817;1.000
ba?datta;;;2274;1;1;57.817;1.000
ba?j?lar;;;2274;1;1;57.817;1.000
ba?sh?l?q;;;2274;1;1;57.817;1.000
ba??lad?;;;2274;1;1;57.817;1.000
ba??nad?;;;2274;1;1;57.817;1.000
ba??p;;;2274;1;1;57.817;1.000
ba??shlayd?;;;2274;1;1;57.817;1.000
ba??wdan;;;2274;1;1;57.817;1.000
bedil;;;2274;1;1;57.817;1.000
bedilxanl?q;;;2274;1;1;57.817;1.000
bekbiy;;;2274;1;1;57.817;1.000
bekbiydi?;;;2274;1;1;57.817;1.000
bekkemleniwine;;;2274;1;1;57.817;1.000
bektemirlerdi?;;;2274;1;1;57.817;1.000
belgilegen;;;2274;1;1;57.817;1.000
belgilenbegen;;;2274;1;1;57.817;1.000
belgilenetu??n;;;2274;1;1;57.817;1.000
belgileniwi;;;2274;1;1;57.817;1.000
belgilerdi;;;2274;1;1;57.817;1.000
belgileri;;;2274;1;1;57.817;1.000
belgilewdi;;;2274;1;1;57.817;1.000
belgileytu??n;;;2274;1;1;57.817;1.000
belgisiz;;;2274;1;1;57.817;1.000
belsendilik;;;2274;1;1;57.817;1.000
belsene;;;2274;1;1;57.817;1.000
beluga;;;2274;1;1;57.817;1.000
berdibek;;;2274;1;1;57.817;1.000
berdimuratovlar;;;2274;1;1;57.817;1.000
berdimuratt?;;;2274;1;1;57.817;1.000
bere;;;2274;1;1;57.817;1.000
berese?;;;2274;1;1;57.817;1.000
beretu??nl???n;;;2274;1;1;57.817;1.000
berg;;;2274;1;1;57.817;1.000
beri;;;2274;1;1;57.817;1.000
beriledi;;;2274;1;1;57.817;1.000
berilip;;;2274;1;1;57.817;1.000
beriliwi;;;2274;1;1;57.817;1.000
berilse;;;2274;1;1;57.817;1.000
berip;;;2274;1;1;57.817;1.000
beriwde;;;2274;1;1;57.817;1.000
beriwinde;;;2274;1;1;57.817;1.000
berlinde;;;2274;1;1;57.817;1.000
berlindegi;;;2274;1;1;57.817;1.000
bermegen;;;2274;1;1;57.817;1.000
beruniy;;;2274;1;1;57.817;1.000
berzuiydi?;;;2274;1;1;57.817;1.000
besewi;;;2274;1;1;57.817;1.000
besinshi;;;2274;1;1;57.817;1.000
beste;;;2274;1;1;57.817;1.000
betinde;;;2274;1;1;57.817;1.000
betine;;;2274;1;1;57.817;1.000
beybutov;;;2274;1;1;57.817;1.000
beyimi;;;2274;1;1;57.817;1.000
bezelgen;;;2274;1;1;57.817;1.000
bezep;;;2274;1;1;57.817;1.000
bezew;;;2274;1;1;57.817;1.000
bezewleri;;;2274;1;1;57.817;1.000
bezgek;;;2274;1;1;57.817;1.000
bilchya;;;2274;1;1;57.817;1.000
bildire;;;2274;1;1;57.817;1.000
bildirgen;;;2274;1;1;57.817;1.000
bildirip;;;2274;1;1;57.817;1.000
bildiriw;;;2274;1;1;57.817;1.000
bildirmekshi;;;2274;1;1;57.817;1.000
biler;;;2274;1;1;57.817;1.000
biletu??n;;;2274;1;1;57.817;1.000
bilgenin;;;2274;1;1;57.817;1.000
bilgenligi;;;2274;1;1;57.817;1.000
bilimi;;;2274;1;1;57.817;1.000
bilimlendiriwi;;;2274;1;1;57.817;1.000
bilimlendiriwleri;;;2274;1;1;57.817;1.000
bilimlilik;;;2274;1;1;57.817;1.000
biliw;;;2274;1;1;57.817;1.000
biliwi;;;2274;1;1;57.817;1.000
bilmese;;;2274;1;1;57.817;1.000
bilmey;;;2274;1;1;57.817;1.000
bilmeydi;;;2274;1;1;57.817;1.000
bilmeytu??n;;;2274;1;1;57.817;1.000
biofizika;;;2274;1;1;57.817;1.000
biogeografiya;;;2274;1;1;57.817;1.000
bioinformatika;;;2274;1;1;57.817;1.000
biologiyan?;;;2274;1;1;57.817;1.000
biotan??;;;2274;1;1;57.817;1.000
bioximiya;;;2274;1;1;57.817;1.000
biraz;;;2274;1;1;57.817;1.000
birewdi;;;2274;1;1;57.817;1.000
birewdi?;;;2274;1;1;57.817;1.000
birewge;;;2274;1;1;57.817;1.000
birewi;;;2274;1;1;57.817;1.000
birewinde;;;2274;1;1;57.817;1.000
birewlerdi?;;;2274;1;1;57.817;1.000
birigiwinde;;;2274;1;1;57.817;1.000
birigiwine;;;2274;1;1;57.817;1.000
birinen;;;2274;1;1;57.817;1.000
birini?;;;2274;1;1;57.817;1.000
birlesip;;;2274;1;1;57.817;1.000
birlespelerin;;;2274;1;1;57.817;1.000
birlespelerinde;;;2274;1;1;57.817;1.000
birlespelerine;;;2274;1;1;57.817;1.000
birlespesi;;;2274;1;1;57.817;1.000
birlik;;;2274;1;1;57.817;1.000
birqatar;;;2274;1;1;57.817;1.000
bir?;;;2274;1;1;57.817;1.000
bitsen;;;2274;1;1;57.817;1.000
biybixan;;;2274;1;1;57.817;1.000
biyday;;;2274;1;1;57.817;1.000
biyikliklerde;;;2274;1;1;57.817;1.000
biyimlep;;;2274;1;1;57.817;1.000
biyjuwap;;;2274;1;1;57.817;1.000
biykarlamayd?;;;2274;1;1;57.817;1.000
biyt?repligi;;;2274;1;1;57.817;1.000
blankas?n;;;2274;1;1;57.817;1.000
bmsh;;;2274;1;1;57.817;1.000
bobak;;;2274;1;1;57.817;1.000
boboev;;;2274;1;1;57.817;1.000
bolaman;;;2274;1;1;57.817;1.000
bolam?z;;;2274;1;1;57.817;1.000
bolatu??n;;;2274;1;1;57.817;1.000
bolganl???;;;2274;1;1;57.817;1.000
bolip;;;2274;1;1;57.817;1.000
boljayd?;;;2274;1;1;57.817;1.000
bolmas;;;2274;1;1;57.817;1.000
bolma?anda;;;2274;1;1;57.817;1.000
bolma?an?nda;;;2274;1;1;57.817;1.000
bol?pt?;;;2274;1;1;57.817;1.000
bol?slar?n??;;;2274;1;1;57.817;1.000
bol?wd?;;;2274;1;1;57.817;1.000
bol?wd??;;;2274;1;1;57.817;1.000
bol??;;;2274;1;1;57.817;1.000
bol?anl???n;;;2274;1;1;57.817;1.000
bol?anl???na;;;2274;1;1;57.817;1.000
bol?anl???nan;;;2274;1;1;57.817;1.000
bol?an?n;;;2274;1;1;57.817;1.000
bombas?n;;;2274;1;1;57.817;1.000
boran;;;2274;1;1;57.817;1.000
boranbay;;;2274;1;1;57.817;1.000
boranbayd??;;;2274;1;1;57.817;1.000
bosap;;;2274;1;1;57.817;1.000
bosta?;;;2274;1;1;57.817;1.000
botanika;;;2274;1;1;57.817;1.000
boy;;;2274;1;1;57.817;1.000
boyl?;;;2274;1;1;57.817;1.000
boz;;;2274;1;1;57.817;1.000
bozalganli;;;2274;1;1;57.817;1.000
bozatawl?;;;2274;1;1;57.817;1.000
braxmanlar;;;2274;1;1;57.817;1.000
braxmann??;;;2274;1;1;57.817;1.000
budda;;;2274;1;1;57.817;1.000
buddizmdi;;;2274;1;1;57.817;1.000
buddizmni?;;;2274;1;1;57.817;1.000
bulaq;;;2274;1;1;57.817;1.000
bularda;;;2274;1;1;57.817;1.000
bulardan;;;2274;1;1;57.817;1.000
bulard?;;;2274;1;1;57.817;1.000
bulda;;;2274;1;1;57.817;1.000
bulgaria;;;2274;1;1;57.817;1.000
bultlard?;;;2274;1;1;57.817;1.000
burxanov;;;2274;1;1;57.817;1.000
bur?nlar?;;;2274;1;1;57.817;1.000
bur?nnanaq;;;2274;1;1;57.817;1.000
bur?n??;;;2274;1;1;57.817;1.000
bur?n???a;;;2274;1;1;57.817;1.000
butan;;;2274;1;1;57.817;1.000
buw?n;;;2274;1;1;57.817;1.000
buy?mlar?;;;2274;1;1;57.817;1.000
buzaw?n;;;2274;1;1;57.817;1.000
buzovna;;;2274;1;1;57.817;1.000
buzsa;;;2274;1;1;57.817;1.000
bxadavashta;;;2274;1;1;57.817;1.000
byuros?na;;;2274;1;1;57.817;1.000
byusti;;;2274;1;1;57.817;1.000
b?d?wiy;;;2274;1;1;57.817;1.000
b?h?r;;;2274;1;1;57.817;1.000
b?h?rstan;;;2274;1;1;57.817;1.000
b?lki;;;2274;1;1;57.817;1.000
b?rin;;;2274;1;1;57.817;1.000
b?rinen;;;2274;1;1;57.817;1.000
b?yt;;;2274;1;1;57.817;1.000
b?bekti;;;2274;1;1;57.817;1.000
b?ldi;;;2274;1;1;57.817;1.000
b?ledi;;;2274;1;1;57.817;1.000
b?legindegi;;;2274;1;1;57.817;1.000
b?legine;;;2274;1;1;57.817;1.000
b?legini?;;;2274;1;1;57.817;1.000
b?lekke;;;2274;1;1;57.817;1.000
b?lekleri;;;2274;1;1;57.817;1.000
b?leklerinen;;;2274;1;1;57.817;1.000
b?lgende;;;2274;1;1;57.817;1.000
b?limine;;;2274;1;1;57.817;1.000
b?limini?;;;2274;1;1;57.817;1.000
b?limleri;;;2274;1;1;57.817;1.000
b?limlerin;;;2274;1;1;57.817;1.000
b?limlerinde;;;2274;1;1;57.817;1.000
b?limlerinen;;;2274;1;1;57.817;1.000
b?limnen;;;2274;1;1;57.817;1.000
b?linbeydi;;;2274;1;1;57.817;1.000
b?lingen;;;2274;1;1;57.817;1.000
b?liniw;;;2274;1;1;57.817;1.000
b?lsheklewge;;;2274;1;1;57.817;1.000
b?luv;;;2274;1;1;57.817;1.000
b?gin;;;2274;1;1;57.817;1.000
b?gingi;;;2274;1;1;57.817;1.000
b?lbil;;;2274;1;1;57.817;1.000
b?rkitler;;;2274;1;1;57.817;1.000
b?l?ap;;;2274;1;1;57.817;1.000
b?yl?r;;;2274;1;1;57.817;1.000
cancer;;;2274;1;1;57.817;1.000
capricorn;;;2274;1;1;57.817;1.000
caxur;;;2274;1;1;57.817;1.000
charvakt??;;;2274;1;1;57.817;1.000
chaykovskiy;;;2274;1;1;57.817;1.000
cikl?;;;2274;1;1;57.817;1.000
civilizaciyas?n??;;;2274;1;1;57.817;1.000
coli;;;2274;1;1;57.817;1.000
commission;;;2274;1;1;57.817;1.000
dab?lov;;;2274;1;1;57.817;1.000
dadashev;;;2274;1;1;57.817;1.000
dalalar?na;;;2274;1;1;57.817;1.000
dalas?n??;;;2274;1;1;57.817;1.000
dan;;;2274;1;1;57.817;1.000
dana;;;2274;1;1;57.817;1.000
danalard??;;;2274;1;1;57.817;1.000
danal?qlar?n;;;2274;1;1;57.817;1.000
dana?a;;;2274;1;1;57.817;1.000
danilevskiy;;;2274;1;1;57.817;1.000
dan?shpanlard??;;;2274;1;1;57.817;1.000
daocizm;;;2274;1;1;57.817;1.000
daosizmni?;;;2274;1;1;57.817;1.000
dardan;;;2274;1;1;57.817;1.000
darvish;;;2274;1;1;57.817;1.000
daryas?;;;2274;1;1;57.817;1.000
dar?a;;;2274;1;1;57.817;1.000
dashkesan;;;2274;1;1;57.817;1.000
davudova;;;2274;1;1;57.817;1.000
daw;;;2274;1;1;57.817;1.000
dawlar;;;2274;1;1;57.817;1.000
dawlard?;;;2274;1;1;57.817;1.000
dawr?q;;;2274;1;1;57.817;1.000
daw?s;;;2274;1;1;57.817;1.000
daw?slard??;;;2274;1;1;57.817;1.000
day?s?;;;2274;1;1;57.817;1.000
da?qqa;;;2274;1;1;57.817;1.000
da?q?;;;2274;1;1;57.817;1.000
da?aza;;;2274;1;1;57.817;1.000
da??;;;2274;1;1;57.817;1.000
dedi;;;2274;1;1;57.817;1.000
degenshe;;;2274;1;1;57.817;1.000
dehlaviyden;;;2274;1;1;57.817;1.000
dekabristler;;;2274;1;1;57.817;1.000
deklaraciya;;;2274;1;1;57.817;1.000
delinedi;;;2274;1;1;57.817;1.000
deltas?;;;2274;1;1;57.817;1.000
deltas?nan;;;2274;1;1;57.817;1.000
deltas?nda;;;2274;1;1;57.817;1.000
demek;;;2274;1;1;57.817;1.000
demekti?;;;2274;1;1;57.817;1.000
demokratiyal?q;;;2274;1;1;57.817;1.000
demokratiyan??;;;2274;1;1;57.817;1.000
dendrologiya;;;2274;1;1;57.817;1.000
denelerin;;;2274;1;1;57.817;1.000
deneli;;;2274;1;1;57.817;1.000
denesin;;;2274;1;1;57.817;1.000
dengiz;;;2274;1;1;57.817;1.000
denizli;;;2274;1;1;57.817;1.000
depti;;;2274;1;1;57.817;1.000
derek;;;2274;1;1;57.817;1.000
derekke;;;2274;1;1;57.817;1.000
dereklerdi;;;2274;1;1;57.817;1.000
derekleri;;;2274;1;1;57.817;1.000
dereklerin;;;2274;1;1;57.817;1.000
desem;;;2274;1;1;57.817;1.000
dexleviyde;;;2274;1;1;57.817;1.000
deydi;;;2274;1;1;57.817;1.000
dialekti;;;2274;1;1;57.817;1.000
diametri;;;2274;1;1;57.817;1.000
dice;;;2274;1;1;57.817;1.000
didaktika;;;2274;1;1;57.817;1.000
dikobrazn;;;2274;1;1;57.817;1.000
dilboziy;;;2274;1;1;57.817;1.000
dilboziydi?;;;2274;1;1;57.817;1.000
dilkash;;;2274;1;1;57.817;1.000
dilogiyas?;;;2274;1;1;57.817;1.000
dilwar;;;2274;1;1;57.817;1.000
dilwarlard?;;;2274;1;1;57.817;1.000
dimna;;;2274;1;1;57.817;1.000
dinin;;;2274;1;1;57.817;1.000
dinini?;;;2274;1;1;57.817;1.000
diplomatiyal?q;;;2274;1;1;57.817;1.000
direktor?;;;2274;1;1;57.817;1.000
disk;;;2274;1;1;57.817;1.000
dissertatsiyas?n??;;;2274;1;1;57.817;1.000
divanlar?;;;2274;1;1;57.817;1.000
dividend;;;2274;1;1;57.817;1.000
diyar?m?zda;;;2274;1;1;57.817;1.000
diyqansh?l?q;;;2274;1;1;57.817;1.000
diywal;;;2274;1;1;57.817;1.000
diywallar?na;;;2274;1;1;57.817;1.000
diywal?;;;2274;1;1;57.817;1.000
diywan?n;;;2274;1;1;57.817;1.000
dizbegini?;;;2274;1;1;57.817;1.000
dizimi;;;2274;1;1;57.817;1.000
dizimine;;;2274;1;1;57.817;1.000
djaynizm;;;2274;1;1;57.817;1.000
djenkinson;;;2274;1;1;57.817;1.000
djiva;;;2274;1;1;57.817;1.000
djivan?;;;2274;1;1;57.817;1.000
dodalaw;;;2274;1;1;57.817;1.000
doktorl?q;;;2274;1;1;57.817;1.000
doktrinalar;;;2274;1;1;57.817;1.000
dolmenler;;;2274;1;1;57.817;1.000
doslar;;;2274;1;1;57.817;1.000
doslar?na;;;2274;1;1;57.817;1.000
doslas?w;;;2274;1;1;57.817;1.000
doslas?w?;;;2274;1;1;57.817;1.000
dosl?qqa;;;2274;1;1;57.817;1.000
dostoevskiyd??;;;2274;1;1;57.817;1.000
do?umunun;;;2274;1;1;57.817;1.000
dramas?n;;;2274;1;1;57.817;1.000
dramaturgiyas?n??;;;2274;1;1;57.817;1.000
dualizmdi;;;2274;1;1;57.817;1.000
duelge;;;2274;1;1;57.817;1.000
dunya;;;2274;1;1;57.817;1.000
dunyal?q;;;2274;1;1;57.817;1.000
dunyas?n;;;2274;1;1;57.817;1.000
dunya?a;;;2274;1;1;57.817;1.000
dushpanlar;;;2274;1;1;57.817;1.000
dushpanlard??;;;2274;1;1;57.817;1.000
duslasqan;;;2274;1;1;57.817;1.000
duvaniy;;;2274;1;1;57.817;1.000
duwtar;;;2274;1;1;57.817;1.000
duwtars?z;;;2274;1;1;57.817;1.000
duz;;;2274;1;1;57.817;1.000
duzl?;;;2274;1;1;57.817;1.000
dvigateller;;;2274;1;1;57.817;1.000
dvoryanlar;;;2274;1;1;57.817;1.000
d?lilenip;;;2274;1;1;57.817;1.000
d?liyl;;;2274;1;1;57.817;1.000
d?liyllewge;;;2274;1;1;57.817;1.000
d?liyllewinshe;;;2274;1;1;57.817;1.000
d?lkeklep;;;2274;1;1;57.817;1.000
d?menin;;;2274;1;1;57.817;1.000
d?meni?;;;2274;1;1;57.817;1.000
d?ndi;;;2274;1;1;57.817;1.000
d?p;;;2274;1;1;57.817;1.000
d?ramat;;;2274;1;1;57.817;1.000
d?ramatt?;;;2274;1;1;57.817;1.000
d?rejege;;;2274;1;1;57.817;1.000
d?rejesin;;;2274;1;1;57.817;1.000
d?rejesine;;;2274;1;1;57.817;1.000
d?rkar;;;2274;1;1;57.817;1.000
d?ryalar?n;;;2274;1;1;57.817;1.000
d?ryalar?nda;;;2274;1;1;57.817;1.000
d?ryan??;;;2274;1;1;57.817;1.000
d?standa;;;2274;1;1;57.817;1.000
d?standa??;;;2274;1;1;57.817;1.000
d?stanlar;;;2274;1;1;57.817;1.000
d?stanlarda;;;2274;1;1;57.817;1.000
d?stanlardan;;;2274;1;1;57.817;1.000
d?stanlard?;;;2274;1;1;57.817;1.000
d?stanlar?;;;2274;1;1;57.817;1.000
d?stannan;;;2274;1;1;57.817;1.000
d?stann??;;;2274;1;1;57.817;1.000
d?stan?nda??;;;2274;1;1;57.817;1.000
d?st?rin;;;2274;1;1;57.817;1.000
d?st?rinde;;;2274;1;1;57.817;1.000
d?st?rine;;;2274;1;1;57.817;1.000
d?st?rlerin;;;2274;1;1;57.817;1.000
d?st?rlerinde;;;2274;1;1;57.817;1.000
d?wirge;;;2274;1;1;57.817;1.000
d?wirinen;;;2274;1;1;57.817;1.000
d?wirleri;;;2274;1;1;57.817;1.000
d?wirlerinde;;;2274;1;1;57.817;1.000
d?wqaraevt??;;;2274;1;1;57.817;1.000
d?gereginde;;;2274;1;1;57.817;1.000
d?reliwi;;;2274;1;1;57.817;1.000
d?reliwlerdi?;;;2274;1;1;57.817;1.000
d?retilgenin;;;2274;1;1;57.817;1.000
d?retiliwi;;;2274;1;1;57.817;1.000
d?retiw;;;2274;1;1;57.817;1.000
d?retiwshis;;;2274;1;1;57.817;1.000
d?retpege;;;2274;1;1;57.817;1.000
d?retpeler;;;2274;1;1;57.817;1.000
d?retpelerin;;;2274;1;1;57.817;1.000
d?retpesinen;;;2274;1;1;57.817;1.000
d??gelek;;;2274;1;1;57.817;1.000
d?n?m?nde;;;2274;1;1;57.817;1.000
d?nyadan;;;2274;1;1;57.817;1.000
d?nyal?q;;;2274;1;1;57.817;1.000
d?nyaparaz;;;2274;1;1;57.817;1.000
d?nyas?n;;;2274;1;1;57.817;1.000
d?nyas?na;;;2274;1;1;57.817;1.000
d?rre;;;2274;1;1;57.817;1.000
d?welemen;;;2274;1;1;57.817;1.000
d?zedi;;;2274;1;1;57.817;1.000
d?zgen;;;2274;1;1;57.817;1.000
d?zile;;;2274;1;1;57.817;1.000
d?ziledi;;;2274;1;1;57.817;1.000
d?zilisi;;;2274;1;1;57.817;1.000
d?zilisin;;;2274;1;1;57.817;1.000
d?nyan?n;;;2274;1;1;57.817;1.000
d?;;;2274;1;1;57.817;1.000
d?qqat?;;;2274;1;1;57.817;1.000
d?yqanlar;;;2274;1;1;57.817;1.000
d?yqansh?l?q;;;2274;1;1;57.817;1.000
d??;;;2274;1;1;57.817;1.000
edilxan;;;2274;1;1;57.817;1.000
efiopiyal?;;;2274;1;1;57.817;1.000
egerde;;;2274;1;1;57.817;1.000
egiledi;;;2274;1;1;57.817;1.000
eginleri;;;2274;1;1;57.817;1.000
eginlerinen;;;2274;1;1;57.817;1.000
einsteiniy;;;2274;1;1;57.817;1.000
ekewin;;;2274;1;1;57.817;1.000
ekilemshi;;;2274;1;1;57.817;1.000
ekinshiden;;;2274;1;1;57.817;1.000
ekologiya;;;2274;1;1;57.817;1.000
ekonomikan??;;;2274;1;1;57.817;1.000
ekranlast?r?ld?;;;2274;1;1;57.817;1.000
ekspediciya;;;2274;1;1;57.817;1.000
ekspediciyalar;;;2274;1;1;57.817;1.000
ekspeditsiyalar?;;;2274;1;1;57.817;1.000
ekspeditsiyas?;;;2274;1;1;57.817;1.000
ekspeditsiya?a;;;2274;1;1;57.817;1.000
ekspoziciya;;;2274;1;1;57.817;1.000
elde;;;2274;1;1;57.817;1.000
eldegiziylar;;;2274;1;1;57.817;1.000
element;;;2274;1;1;57.817;1.000
elementi;;;2274;1;1;57.817;1.000
elementleri;;;2274;1;1;57.817;1.000
elementti;;;2274;1;1;57.817;1.000
elida;;;2274;1;1;57.817;1.000
elimizde;;;2274;1;1;57.817;1.000
elinde;;;2274;1;1;57.817;1.000
eliw;;;2274;1;1;57.817;1.000
eliwden;;;2274;1;1;57.817;1.000
eliwge;;;2274;1;1;57.817;1.000
ellerde;;;2274;1;1;57.817;1.000
ellerinde;;;2274;1;1;57.817;1.000
ellerine;;;2274;1;1;57.817;1.000
ellerini?;;;2274;1;1;57.817;1.000
elm;;;2274;1;1;57.817;1.000
elshisi;;;2274;1;1;57.817;1.000
embriologiya;;;2274;1;1;57.817;1.000
emissiya;;;2274;1;1;57.817;1.000
emissiyas?;;;2274;1;1;57.817;1.000
emitentine;;;2274;1;1;57.817;1.000
emitentke;;;2274;1;1;57.817;1.000
endigiden;;;2274;1;1;57.817;1.000
energetika;;;2274;1;1;57.817;1.000
energiyan??;;;2274;1;1;57.817;1.000
energiyas?na;;;2274;1;1;57.817;1.000
engizildi;;;2274;1;1;57.817;1.000
eni;;;2274;1;1;57.817;1.000
enip;;;2274;1;1;57.817;1.000
eniwdi?;;;2274;1;1;57.817;1.000
entomologiya;;;2274;1;1;57.817;1.000
epik;;;2274;1;1;57.817;1.000
eplep;;;2274;1;1;57.817;1.000
eran??;;;2274;1;1;57.817;1.000
eras?;;;2274;1;1;57.817;1.000
erbiklew;;;2274;1;1;57.817;1.000
erdin;;;2274;1;1;57.817;1.000
erebus;;;2274;1;1;57.817;1.000
ereseklik;;;2274;1;1;57.817;1.000
erime;;;2274;1;1;57.817;1.000
erisip;;;2274;1;1;57.817;1.000
erisiw;;;2274;1;1;57.817;1.000
erisiwinde;;;2274;1;1;57.817;1.000
eriskenligimizdi;;;2274;1;1;57.817;1.000
eristik;;;2274;1;1;57.817;1.000
erivani;;;2274;1;1;57.817;1.000
erkelep;;;2274;1;1;57.817;1.000
erkine;;;2274;1;1;57.817;1.000
erkinlik;;;2274;1;1;57.817;1.000
ermaq;;;2274;1;1;57.817;1.000
ernazar;;;2274;1;1;57.817;1.000
ertede;;;2274;1;1;57.817;1.000
ertekler;;;2274;1;1;57.817;1.000
erteklerin;;;2274;1;1;57.817;1.000
ertip;;;2274;1;1;57.817;1.000
erur;;;2274;1;1;57.817;1.000
esaplagan;;;2274;1;1;57.817;1.000
esaplama?anda;;;2274;1;1;57.817;1.000
esaplanatu??n;;;2274;1;1;57.817;1.000
esaplansa;;;2274;1;1;57.817;1.000
esaplan?p;;;2274;1;1;57.817;1.000
esaplan?an;;;2274;1;1;57.817;1.000
escherichia;;;2274;1;1;57.817;1.000
esemurat;;;2274;1;1;57.817;1.000
esik;;;2274;1;1;57.817;1.000
esikte;;;2274;1;1;57.817;1.000
esitip;;;2274;1;1;57.817;1.000
esittiriw;;;2274;1;1;57.817;1.000
eske;;;2274;1;1;57.817;1.000
eskertkishi;;;2274;1;1;57.817;1.000
eskertkishte;;;2274;1;1;57.817;1.000
eskertkishti;;;2274;1;1;57.817;1.000
eskisi;;;2274;1;1;57.817;1.000
eskizi;;;2274;1;1;57.817;1.000
esteligi;;;2274;1;1;57.817;1.000
estelikler;;;2274;1;1;57.817;1.000
ete;;;2274;1;1;57.817;1.000
eteb;;;2274;1;1;57.817;1.000
eteklerindegi;;;2274;1;1;57.817;1.000
etikal?q;;;2274;1;1;57.817;1.000
etilip;;;2274;1;1;57.817;1.000
etiliwine;;;2274;1;1;57.817;1.000
etipti;;;2274;1;1;57.817;1.000
etiwdi?;;;2274;1;1;57.817;1.000
etiwin;;;2274;1;1;57.817;1.000
etkenligi;;;2274;1;1;57.817;1.000
etkennen;;;2274;1;1;57.817;1.000
etnikal?q;;;2274;1;1;57.817;1.000
etnografiyas?;;;2274;1;1;57.817;1.000
etnografiyas?na;;;2274;1;1;57.817;1.000
etologiya;;;2274;1;1;57.817;1.000
etpekshi;;;2274;1;1;57.817;1.000
ettirdi;;;2274;1;1;57.817;1.000
ettirildi;;;2274;1;1;57.817;1.000
ettirilip;;;2274;1;1;57.817;1.000
eunshteyn;;;2274;1;1;57.817;1.000
evoluÒiyal?q;;;2274;1;1;57.817;1.000
evraziya;;;2274;1;1;57.817;1.000
evreylerdi;;;2274;1;1;57.817;1.000
ey;;;2274;1;1;57.817;1.000
e?dastlebki;;;2274;1;1;57.817;1.000
fadratdin;;;2274;1;1;57.817;1.000
fakt;;;2274;1;1;57.817;1.000
faktlerge;;;2274;1;1;57.817;1.000
farabiy;;;2274;1;1;57.817;1.000
fars;;;2274;1;1;57.817;1.000
fatali;;;2274;1;1;57.817;1.000
faxriddin;;;2274;1;1;57.817;1.000
faz?lbek;;;2274;1;1;57.817;1.000
federativ;;;2274;1;1;57.817;1.000
feodallar?;;;2274;1;1;57.817;1.000
ferdawsiydi?;;;2274;1;1;57.817;1.000
fergana;;;2274;1;1;57.817;1.000
fevralda;;;2274;1;1;57.817;1.000
fevraldan;;;2274;1;1;57.817;1.000
filarmoniya;;;2274;1;1;57.817;1.000
filippin;;;2274;1;1;57.817;1.000
film;;;2274;1;1;57.817;1.000
filmini?;;;2274;1;1;57.817;1.000
filmleri;;;2274;1;1;57.817;1.000
filmlerinde;;;2274;1;1;57.817;1.000
filmni?;;;2274;1;1;57.817;1.000
filogenetika;;;2274;1;1;57.817;1.000
filosofiyas?nda;;;2274;1;1;57.817;1.000
filosofiyas?n??;;;2274;1;1;57.817;1.000
filosof?;;;2274;1;1;57.817;1.000
firmas?na;;;2274;1;1;57.817;1.000
fito;;;2274;1;1;57.817;1.000
fitopatalogiya;;;2274;1;1;57.817;1.000
fizik;;;2274;1;1;57.817;1.000
fizika;;;2274;1;1;57.817;1.000
fizikal?q;;;2274;1;1;57.817;1.000
fizikas?n;;;2274;1;1;57.817;1.000
fizikleri;;;2274;1;1;57.817;1.000
fiziologiya;;;2274;1;1;57.817;1.000
fiziologiyal?q;;;2274;1;1;57.817;1.000
fiziologiyas?n;;;2274;1;1;57.817;1.000
floras?;;;2274;1;1;57.817;1.000
folklor;;;2274;1;1;57.817;1.000
folklor?m?zd??;;;2274;1;1;57.817;1.000
folklor?na;;;2274;1;1;57.817;1.000
folklor?nda??;;;2274;1;1;57.817;1.000
folklor?n?n;;;2274;1;1;57.817;1.000
fond;;;2274;1;1;57.817;1.000
fondlard?;;;2274;1;1;57.817;1.000
fondt?;;;2274;1;1;57.817;1.000
fond?n??;;;2274;1;1;57.817;1.000
form;;;2274;1;1;57.817;1.000
forma;;;2274;1;1;57.817;1.000
formal;;;2274;1;1;57.817;1.000
formalarda;;;2274;1;1;57.817;1.000
formalard?;;;2274;1;1;57.817;1.000
formalar?n;;;2274;1;1;57.817;1.000
formas?na;;;2274;1;1;57.817;1.000
formas?nda;;;2274;1;1;57.817;1.000
forma?a;;;2274;1;1;57.817;1.000
fotokino;;;2274;1;1;57.817;1.000
foton;;;2274;1;1;57.817;1.000
fotoximiyada;;;2274;1;1;57.817;1.000
fransuz;;;2274;1;1;57.817;1.000
front?;;;2274;1;1;57.817;1.000
funcsiyalard?;;;2274;1;1;57.817;1.000
funktsiyan?;;;2274;1;1;57.817;1.000
funktsiyas?;;;2274;1;1;57.817;1.000
fuzuliyxanl?q;;;2274;1;1;57.817;1.000
gajikobul;;;2274;1;1;57.817;1.000
ganj;;;2274;1;1;57.817;1.000
ganjaviydi;;;2274;1;1;57.817;1.000
gastrol?a;;;2274;1;1;57.817;1.000
gatalar;;;2274;1;1;57.817;1.000
gautaliya;;;2274;1;1;57.817;1.000
gazetalar?;;;2274;1;1;57.817;1.000
gazetas?nda;;;2274;1;1;57.817;1.000
gedey;;;2274;1;1;57.817;1.000
gektar;;;2274;1;1;57.817;1.000
gektard?;;;2274;1;1;57.817;1.000
gektarl?;;;2274;1;1;57.817;1.000
gektar?n;;;2274;1;1;57.817;1.000
general;;;2274;1;1;57.817;1.000
genetika;;;2274;1;1;57.817;1.000
genjemurat;;;2274;1;1;57.817;1.000
genomika;;;2274;1;1;57.817;1.000
geografiya;;;2274;1;1;57.817;1.000
gepard;;;2274;1;1;57.817;1.000
germaniyada;;;2274;1;1;57.817;1.000
germaniyan??;;;2274;1;1;57.817;1.000
germaniya?a;;;2274;1;1;57.817;1.000
gerpetologiya;;;2274;1;1;57.817;1.000
geybir;;;2274;1;1;57.817;1.000
geypara;;;2274;1;1;57.817;1.000
geyparlar?n??;;;2274;1;1;57.817;1.000
gezek;;;2274;1;1;57.817;1.000
gezekpe;;;2274;1;1;57.817;1.000
gezleri;;;2274;1;1;57.817;1.000
gezlerinen;;;2274;1;1;57.817;1.000
gilem;;;2274;1;1;57.817;1.000
gilemshilik;;;2274;1;1;57.817;1.000
gimn;;;2274;1;1;57.817;1.000
gimnini?;;;2274;1;1;57.817;1.000
gimplerge;;;2274;1;1;57.817;1.000
gippokrat;;;2274;1;1;57.817;1.000
girew;;;2274;1;1;57.817;1.000
girih;;;2274;1;1;57.817;1.000
gistologiya;;;2274;1;1;57.817;1.000
glierdi?;;;2274;1;1;57.817;1.000
glinka;;;2274;1;1;57.817;1.000
gnoseologiyan??;;;2274;1;1;57.817;1.000
gojaev;;;2274;1;1;57.817;1.000
gollandl?;;;2274;1;1;57.817;1.000
goncharov;;;2274;1;1;57.817;1.000
gorgon;;;2274;1;1;57.817;1.000
gorizont;;;2274;1;1;57.817;1.000
gorizontlar;;;2274;1;1;57.817;1.000
goru?l?;;;2274;1;1;57.817;1.000
graf;;;2274;1;1;57.817;1.000
grafika;;;2274;1;1;57.817;1.000
graft??;;;2274;1;1;57.817;1.000
grammatikas?;;;2274;1;1;57.817;1.000
grassi;;;2274;1;1;57.817;1.000
greciya;;;2274;1;1;57.817;1.000
greenwich;;;2274;1;1;57.817;1.000
greklerdi?;;;2274;1;1;57.817;1.000
gruppalard??;;;2274;1;1;57.817;1.000
gruziya;;;2274;1;1;57.817;1.000
gubadli;;;2274;1;1;57.817;1.000
gubernatorl???n??;;;2274;1;1;57.817;1.000
gusayn;;;2274;1;1;57.817;1.000
guzalovt??;;;2274;1;1;57.817;1.000
gyamikoya;;;2274;1;1;57.817;1.000
g?whar;;;2274;1;1;57.817;1.000
g?r?gl?;;;2274;1;1;57.817;1.000
g?shin;;;2274;1;1;57.817;1.000
g?zzal;;;2274;1;1;57.817;1.000
g?der;;;2274;1;1;57.817;1.000
g?lalsh?l?q;;;2274;1;1;57.817;1.000
g?ldirmama;;;2274;1;1;57.817;1.000
g?ld?ste;;;2274;1;1;57.817;1.000
g?limxan;;;2274;1;1;57.817;1.000
g?listan;;;2274;1;1;57.817;1.000
g?lista?;;;2274;1;1;57.817;1.000
g?lleniwge;;;2274;1;1;57.817;1.000
g?lleniwine;;;2274;1;1;57.817;1.000
g?manlana;;;2274;1;1;57.817;1.000
g?man?m?z;;;2274;1;1;57.817;1.000
g?mbez;;;2274;1;1;57.817;1.000
g?mbezli;;;2274;1;1;57.817;1.000
g?resi;;;2274;1;1;57.817;1.000
g?reske;;;2274;1;1;57.817;1.000
g?reslerini?;;;2274;1;1;57.817;1.000
g?resshe?lik;;;2274;1;1;57.817;1.000
g?reste;;;2274;1;1;57.817;1.000
g?resti;;;2274;1;1;57.817;1.000
g?rri?;;;2274;1;1;57.817;1.000
g?rri?di;;;2274;1;1;57.817;1.000
g?rri?i;;;2274;1;1;57.817;1.000
g?rri?ler;;;2274;1;1;57.817;1.000
g?rri?lerine;;;2274;1;1;57.817;1.000
g?z;;;2274;1;1;57.817;1.000
habibulla;;;2274;1;1;57.817;1.000
hac?niyaz;;;2274;1;1;57.817;1.000
hadal;;;2274;1;1;57.817;1.000
hadji;;;2274;1;1;57.817;1.000
haft;;;2274;1;1;57.817;1.000
hajibekov;;;2274;1;1;57.817;1.000
hajiev;;;2274;1;1;57.817;1.000
haj?;;;2274;1;1;57.817;1.000
halat?nda;;;2274;1;1;57.817;1.000
ham;;;2274;1;1;57.817;1.000
haql?;;;2274;1;1;57.817;1.000
haqoyiq;;;2274;1;1;57.817;1.000
haqq?da??;;;2274;1;1;57.817;1.000
haq?n?;;;2274;1;1;57.817;1.000
haq?yqat;;;2274;1;1;57.817;1.000
haq?yqatl???na;;;2274;1;1;57.817;1.000
har;;;2274;1;1;57.817;1.000
hasla;;;2274;1;1;57.817;1.000
has?l;;;2274;1;1;57.817;1.000
havt;;;2274;1;1;57.817;1.000
haw;;;2274;1;1;57.817;1.000
hawl???s?wlar?;;;2274;1;1;57.817;1.000
hayal?n??;;;2274;1;1;57.817;1.000
hayal?a;;;2274;1;1;57.817;1.000
hayat?;;;2274;1;1;57.817;1.000
haydar;;;2274;1;1;57.817;1.000
haydas?;;;2274;1;1;57.817;1.000
hayran;;;2274;1;1;57.817;1.000
haywanat;;;2274;1;1;57.817;1.000
haywanatlar?;;;2274;1;1;57.817;1.000
haywanlarda;;;2274;1;1;57.817;1.000
haywanlardan;;;2274;1;1;57.817;1.000
haywanlar?a;;;2274;1;1;57.817;1.000
herald;;;2274;1;1;57.817;1.000
heshqanday;;;2274;1;1;57.817;1.000
hindistanl?q;;;2274;1;1;57.817;1.000
hindstannan;;;2274;1;1;57.817;1.000
hisraw;;;2274;1;1;57.817;1.000
hoqoniy;;;2274;1;1;57.817;1.000
huquq;;;2274;1;1;57.817;1.000
husaynova;;;2274;1;1;57.817;1.000
h?diyse;;;2274;1;1;57.817;1.000
h?diyseler;;;2274;1;1;57.817;1.000
h?diysleri;;;2274;1;1;57.817;1.000
h?kim;;;2274;1;1;57.817;1.000
h?kimiyat?;;;2274;1;1;57.817;1.000
h?kimler;;;2274;1;1;57.817;1.000
h?kimligi;;;2274;1;1;57.817;1.000
h?kimshilik;;;2274;1;1;57.817;1.000
h?kke;;;2274;1;1;57.817;1.000
h?lden;;;2274;1;1;57.817;1.000
h?mde;;;2274;1;1;57.817;1.000
h?meldarlar?;;;2274;1;1;57.817;1.000
h?meldarlar?nan;;;2274;1;1;57.817;1.000
h?mmege;;;2274;1;1;57.817;1.000
h?mra;;;2274;1;1;57.817;1.000
h?reketinde;;;2274;1;1;57.817;1.000
h?reketine;;;2274;1;1;57.817;1.000
h?reketlenedi;;;2274;1;1;57.817;1.000
h?reketleniw;;;2274;1;1;57.817;1.000
h?reketlerde;;;2274;1;1;57.817;1.000
h?reketshil;;;2274;1;1;57.817;1.000
h?ripleri;;;2274;1;1;57.817;1.000
h?siretin;;;2274;1;1;57.817;1.000
h?tteki;;;2274;1;1;57.817;1.000
h?wij;;;2274;1;1;57.817;1.000
h?ykeller;;;2274;1;1;57.817;1.000
h?ykelleri;;;2274;1;1;57.817;1.000
h?yyiw;;;2274;1;1;57.817;1.000
h?yyiwde;;;2274;1;1;57.817;1.000
h?zil;;;2274;1;1;57.817;1.000
h?zirge;;;2274;1;1;57.817;1.000
h?jjetlerdi;;;2274;1;1;57.817;1.000
h?jjetlerdi?;;;2274;1;1;57.817;1.000
h?jjetli;;;2274;1;1;57.817;1.000
h?kim;;;2274;1;1;57.817;1.000
h?kimeti;;;2274;1;1;57.817;1.000
h?kimetinen;;;2274;1;1;57.817;1.000
h?rliqa;;;2274;1;1;57.817;1.000
h?rmetin;;;2274;1;1;57.817;1.000
h?rmetli;;;2274;1;1;57.817;1.000
h?rzada;;;2274;1;1;57.817;1.000
ibadatxanalar;;;2274;1;1;57.817;1.000
ibadatxanas?;;;2274;1;1;57.817;1.000
ibaralardi;;;2274;1;1;57.817;1.000
ibragimovt??;;;2274;1;1;57.817;1.000
ibray?movt??;;;2274;1;1;57.817;1.000
idealar?na;;;2274;1;1;57.817;1.000
ideallar?n;;;2274;1;1;57.817;1.000
ideologiyadan;;;2274;1;1;57.817;1.000
ideyalar;;;2274;1;1;57.817;1.000
ideyalard??;;;2274;1;1;57.817;1.000
ideyalar?n;;;2274;1;1;57.817;1.000
ideyalar?na;;;2274;1;1;57.817;1.000
ideyas?n;;;2274;1;1;57.817;1.000
ideyas?n??;;;2274;1;1;57.817;1.000
iii;;;2274;1;1;57.817;1.000
ikramlilik;;;2274;1;1;57.817;1.000
ilaj;;;2274;1;1;57.817;1.000
ilajs?z;;;2274;1;1;57.817;1.000
ilhamlan?p;;;2274;1;1;57.817;1.000
ilhom;;;2274;1;1;57.817;1.000
ilimini?;;;2274;1;1;57.817;1.000
ilimpazd?n;;;2274;1;1;57.817;1.000
ilimpazlar;;;2274;1;1;57.817;1.000
ilimpazlard??;;;2274;1;1;57.817;1.000
ilinbes;;;2274;1;1;57.817;1.000
ilip;;;2274;1;1;57.817;1.000
illyustraciya;;;2274;1;1;57.817;1.000
ilme;;;2274;1;1;57.817;1.000
ilmey;;;2274;1;1;57.817;1.000
il?jlar;;;2274;1;1;57.817;1.000
imamverdiyev;;;2274;1;1;57.817;1.000
imaratlard??;;;2274;1;1;57.817;1.000
imkaniyat?;;;2274;1;1;57.817;1.000
imkaniyat?n;;;2274;1;1;57.817;1.000
imperator;;;2274;1;1;57.817;1.000
imtixan?;;;2274;1;1;57.817;1.000
individti?;;;2274;1;1;57.817;1.000
individuall?q;;;2274;1;1;57.817;1.000
indoneziya;;;2274;1;1;57.817;1.000
induizm;;;2274;1;1;57.817;1.000
industrial;;;2274;1;1;57.817;1.000
inflyaciyadan;;;2274;1;1;57.817;1.000
infuzoriyalar;;;2274;1;1;57.817;1.000
inglis;;;2274;1;1;57.817;1.000
insanl???n??;;;2274;1;1;57.817;1.000
insann??;;;2274;1;1;57.817;1.000
insan?yl?q;;;2274;1;1;57.817;1.000
institut;;;2274;1;1;57.817;1.000
institutlard?;;;2274;1;1;57.817;1.000
institut?na;;;2274;1;1;57.817;1.000
institut?n??;;;2274;1;1;57.817;1.000
inturist;;;2274;1;1;57.817;1.000
investiciyalar;;;2274;1;1;57.817;1.000
iordaniya;;;2274;1;1;57.817;1.000
iranda;;;2274;1;1;57.817;1.000
irann??;;;2274;1;1;57.817;1.000
iraq;;;2274;1;1;57.817;1.000
iraqqa;;;2274;1;1;57.817;1.000
iroda;;;2274;1;1;57.817;1.000
ironiyal?q;;;2274;1;1;57.817;1.000
isenbeymen;;;2274;1;1;57.817;1.000
isendirerli;;;2274;1;1;57.817;1.000
isenedi;;;2274;1;1;57.817;1.000
isengenligi;;;2274;1;1;57.817;1.000
isenim;;;2274;1;1;57.817;1.000
isenimleri;;;2274;1;1;57.817;1.000
isenimlerin;;;2274;1;1;57.817;1.000
isenimli;;;2274;1;1;57.817;1.000
isenimni?;;;2274;1;1;57.817;1.000
isfahan?a;;;2274;1;1;57.817;1.000
ishindegi;;;2274;1;1;57.817;1.000
ishiw;;;2274;1;1;57.817;1.000
isinde;;;2274;1;1;57.817;1.000
isi?;;;2274;1;1;57.817;1.000
iskandariy;;;2274;1;1;57.817;1.000
iskandarov;;;2274;1;1;57.817;1.000
iskerligi;;;2274;1;1;57.817;1.000
islamnan;;;2274;1;1;57.817;1.000
isler;;;2274;1;1;57.817;1.000
isleri;;;2274;1;1;57.817;1.000
islesiwdi?;;;2274;1;1;57.817;1.000
islesken;;;2274;1;1;57.817;1.000
ismat;;;2274;1;1;57.817;1.000
ismi;;;2274;1;1;57.817;1.000
ismoilli;;;2274;1;1;57.817;1.000
istanbulda;;;2274;1;1;57.817;1.000
iste;;;2274;1;1;57.817;1.000
istisu;;;2274;1;1;57.817;1.000
isti?;;;2274;1;1;57.817;1.000
italiya;;;2274;1;1;57.817;1.000
ivanov;;;2274;1;1;57.817;1.000
ixtiologiya;;;2274;1;1;57.817;1.000
iyedi;;;2274;1;1;57.817;1.000
iyeledi;;;2274;1;1;57.817;1.000
iyelegeni;;;2274;1;1;57.817;1.000
iyelege?;;;2274;1;1;57.817;1.000
iyeleri;;;2274;1;1;57.817;1.000
iyelew;;;2274;1;1;57.817;1.000
iyelewine;;;2274;1;1;57.817;1.000
iyelik;;;2274;1;1;57.817;1.000
iyildi;;;2274;1;1;57.817;1.000
iynesin;;;2274;1;1;57.817;1.000
iyninen;;;2274;1;1;57.817;1.000
iyshan;;;2274;1;1;57.817;1.000
iyt;;;2274;1;1;57.817;1.000
iyuld??;;;2274;1;1;57.817;1.000
iyun;;;2274;1;1;57.817;1.000
izertledi;;;2274;1;1;57.817;1.000
izertlenedi;;;2274;1;1;57.817;1.000
izertlengen;;;2274;1;1;57.817;1.000
izertlewde;;;2274;1;1;57.817;1.000
izertlewdi?;;;2274;1;1;57.817;1.000
izertlewge;;;2274;1;1;57.817;1.000
izertlewleri;;;2274;1;1;57.817;1.000
izertleydi;;;2274;1;1;57.817;1.000
izi;;;2274;1;1;57.817;1.000
izlew;;;2274;1;1;57.817;1.000
i?bn;;;2274;1;1;57.817;1.000
i?bray?m;;;2274;1;1;57.817;1.000
i?limler;;;2274;1;1;57.817;1.000
i?nonyada;;;2274;1;1;57.817;1.000
i?nsan;;;2274;1;1;57.817;1.000
i?on;;;2274;1;1;57.817;1.000
i?staxdi;;;2274;1;1;57.817;1.000
i?uginek;;;2274;1;1;57.817;1.000
i?ukakiy;;;2274;1;1;57.817;1.000
i?ytt?ynekten;;;2274;1;1;57.817;1.000
jabay?;;;2274;1;1;57.817;1.000
jabbarl?;;;2274;1;1;57.817;1.000
jabray?l;;;2274;1;1;57.817;1.000
jab?q;;;2274;1;1;57.817;1.000
jallan?an;;;2274;1;1;57.817;1.000
jalmaw?zl?qt?;;;2274;1;1;57.817;1.000
jalqawsh?l?qt?;;;2274;1;1;57.817;1.000
jal?an;;;2274;1;1;57.817;1.000
jal??zaq;;;2274;1;1;57.817;1.000
jal??zl?q;;;2274;1;1;57.817;1.000
jal??z?nday;;;2274;1;1;57.817;1.000
jam;;;2274;1;1;57.817;1.000
jamand?;;;2274;1;1;57.817;1.000
jamanlayd?;;;2274;1;1;57.817;1.000
jamann??;;;2274;1;1;57.817;1.000
jamap;;;2274;1;1;57.817;1.000
janlard??;;;2274;1;1;57.817;1.000
janl?;;;2274;1;1;57.817;1.000
jannan;;;2274;1;1;57.817;1.000
jann??;;;2274;1;1;57.817;1.000
janr;;;2274;1;1;57.817;1.000
janrd??;;;2274;1;1;57.817;1.000
janrlar?;;;2274;1;1;57.817;1.000
janrlar?na;;;2274;1;1;57.817;1.000
janrlar?nan;;;2274;1;1;57.817;1.000
janrl?q;;;2274;1;1;57.817;1.000
jaqlarda;;;2274;1;1;57.817;1.000
jaqqa;;;2274;1;1;57.817;1.000
jaqs?lanad?;;;2274;1;1;57.817;1.000
jaqs?l?q;;;2274;1;1;57.817;1.000
jaqt??;;;2274;1;1;57.817;1.000
jaq?nlast?rad?;;;2274;1;1;57.817;1.000
jaq?nlast?ratu??n;;;2274;1;1;57.817;1.000
jaq?nlast?r?p;;;2274;1;1;57.817;1.000
jaq?nla?anan;;;2274;1;1;57.817;1.000
jaq?nnan;;;2274;1;1;57.817;1.000
jaran?p;;;2274;1;1;57.817;1.000
jarat?w;;;2274;1;1;57.817;1.000
jarat?w?a;;;2274;1;1;57.817;1.000
jarl?lard??;;;2274;1;1;57.817;1.000
jarl?l?qt?;;;2274;1;1;57.817;1.000
jarq?n;;;2274;1;1;57.817;1.000
jarq?ra?an;;;2274;1;1;57.817;1.000
jartaslarda??;;;2274;1;1;57.817;1.000
jar?mxan;;;2274;1;1;57.817;1.000
jar?s;;;2274;1;1;57.817;1.000
jar???;;;2274;1;1;57.817;1.000
jasa;;;2274;1;1;57.817;1.000
jasalad?;;;2274;1;1;57.817;1.000
jasamaqsh?;;;2274;1;1;57.817;1.000
jasasa;;;2274;1;1;57.817;1.000
jasawd??;;;2274;1;1;57.817;1.000
jasaw?n??;;;2274;1;1;57.817;1.000
jasay;;;2274;1;1;57.817;1.000
jasaytu??n;;;2274;1;1;57.817;1.000
jasa?an?;;;2274;1;1;57.817;1.000
jaslar?a;;;2274;1;1;57.817;1.000
jasl???;;;2274;1;1;57.817;1.000
jasl???nda;;;2274;1;1;57.817;1.000
jastan;;;2274;1;1;57.817;1.000
jas?;;;2274;1;1;57.817;1.000
jat?r?an;;;2274;1;1;57.817;1.000
jaw;;;2274;1;1;57.817;1.000
jaw?nl?;;;2274;1;1;57.817;1.000
jaw?nnan;;;2274;1;1;57.817;1.000
jaw?z;;;2274;1;1;57.817;1.000
jay;;;2274;1;1;57.817;1.000
jaylar;;;2274;1;1;57.817;1.000
jaylaspa?an;;;2274;1;1;57.817;1.000
jaylast?r?l?w?;;;2274;1;1;57.817;1.000
jaylas?w?nda;;;2274;1;1;57.817;1.000
jaynistlik;;;2274;1;1;57.817;1.000
jayran;;;2274;1;1;57.817;1.000
jaysha;;;2274;1;1;57.817;1.000
jay?la;;;2274;1;1;57.817;1.000
jay?l?an;;;2274;1;1;57.817;1.000
jay?an;;;2274;1;1;57.817;1.000
jazbalar;;;2274;1;1;57.817;1.000
jazbalarda;;;2274;1;1;57.817;1.000
jazbasl???;;;2274;1;1;57.817;1.000
jazbas?;;;2274;1;1;57.817;1.000
jazda;;;2274;1;1;57.817;1.000
jazdan;;;2274;1;1;57.817;1.000
jaz?l?an?n;;;2274;1;1;57.817;1.000
jaz?l?an?nan;;;2274;1;1;57.817;1.000
jaz?wda;;;2274;1;1;57.817;1.000
jaz?wlar;;;2274;1;1;57.817;1.000
jaz?wsh?lard??;;;2274;1;1;57.817;1.000
jaz?wsh?lar?na;;;2274;1;1;57.817;1.000
jaz?wsh?lar?n??;;;2274;1;1;57.817;1.000
jaz?wsh?lar?a;;;2274;1;1;57.817;1.000
jaz?wsh?s?;;;2274;1;1;57.817;1.000
jaz?w?na;;;2274;1;1;57.817;1.000
jaz?w?nan;;;2274;1;1;57.817;1.000
jaz?w?nda;;;2274;1;1;57.817;1.000
jaz?w?nsha;;;2274;1;1;57.817;1.000
jaz?anda;;;2274;1;1;57.817;1.000
jaz??;;;2274;1;1;57.817;1.000
ja?al?qlar;;;2274;1;1;57.817;1.000
ja?al?qlard?;;;2274;1;1;57.817;1.000
ja?al?qlar?;;;2274;1;1;57.817;1.000
ja?asha;;;2274;1;1;57.817;1.000
ja?ada;;;2274;1;1;57.817;1.000
ja?alaw?nda;;;2274;1;1;57.817;1.000
ja?as?;;;2274;1;1;57.817;1.000
ja?as?nan;;;2274;1;1;57.817;1.000
ja?daydan;;;2274;1;1;57.817;1.000
ja?dayd?;;;2274;1;1;57.817;1.000
ja?dayd??;;;2274;1;1;57.817;1.000
ja?daylard?;;;2274;1;1;57.817;1.000
ja?daylar?n;;;2274;1;1;57.817;1.000
ja?day?n;;;2274;1;1;57.817;1.000
ja??ml?;;;2274;1;1;57.817;1.000
ja??mpazlan?p;;;2274;1;1;57.817;1.000
ja??ms?z;;;2274;1;1;57.817;1.000
ja??na;;;2274;1;1;57.817;1.000
jedel;;;2274;1;1;57.817;1.000
jerden;;;2274;1;1;57.817;1.000
jerdi;;;2274;1;1;57.817;1.000
jeri;;;2274;1;1;57.817;1.000
jerindegi;;;2274;1;1;57.817;1.000
jerinen;;;2274;1;1;57.817;1.000
jerlengen;;;2274;1;1;57.817;1.000
jerlerdi?;;;2274;1;1;57.817;1.000
jerleri;;;2274;1;1;57.817;1.000
jerlerin;;;2274;1;1;57.817;1.000
jerlerine;;;2274;1;1;57.817;1.000
jerler?ndegi;;;2274;1;1;57.817;1.000
jerlesleri;;;2274;1;1;57.817;1.000
jese?iz;;;2274;1;1;57.817;1.000
jete;;;2274;1;1;57.817;1.000
jeterli;;;2274;1;1;57.817;1.000
jetetu??n;;;2274;1;1;57.817;1.000
jetilisedi;;;2274;1;1;57.817;1.000
jetilisken;;;2274;1;1;57.817;1.000
jetilistiriw;;;2274;1;1;57.817;1.000
jetilistiriwge;;;2274;1;1;57.817;1.000
jetinshi;;;2274;1;1;57.817;1.000
jetiskenlikleri;;;2274;1;1;57.817;1.000
jetistirildi;;;2274;1;1;57.817;1.000
jetiwi;;;2274;1;1;57.817;1.000
jetiwine;;;2274;1;1;57.817;1.000
jetkendey;;;2274;1;1;57.817;1.000
jetkeredi;;;2274;1;1;57.817;1.000
jetkerese?;;;2274;1;1;57.817;1.000
jetkeriwdi;;;2274;1;1;57.817;1.000
jetpedi;;;2274;1;1;57.817;1.000
jetsikenlik;;;2274;1;1;57.817;1.000
jeyse?;;;2274;1;1;57.817;1.000
jezden;;;2274;1;1;57.817;1.000
je?genligi;;;2274;1;1;57.817;1.000
je?iliw;;;2274;1;1;57.817;1.000
je?iliwdi;;;2274;1;1;57.817;1.000
je?illestiredi;;;2274;1;1;57.817;1.000
je?iwi;;;2274;1;1;57.817;1.000
jiberedi;;;2274;1;1;57.817;1.000
jibergen;;;2274;1;1;57.817;1.000
jigerlendirdi;;;2274;1;1;57.817;1.000
jigirmadan;;;2274;1;1;57.817;1.000
jigitke;;;2274;1;1;57.817;1.000
jigitlerdi?;;;2274;1;1;57.817;1.000
jigitti?;;;2274;1;1;57.817;1.000
jiloy;;;2274;1;1;57.817;1.000
jip;;;2274;1;1;57.817;1.000
jiraf;;;2274;1;1;57.817;1.000
jiye;;;2274;1;1;57.817;1.000
jiyemurat;;;2274;1;1;57.817;1.000
jiyenimdi;;;2274;1;1;57.817;1.000
joba;;;2274;1;1;57.817;1.000
joldan;;;2274;1;1;57.817;1.000
jolin;;;2274;1;1;57.817;1.000
jollar?;;;2274;1;1;57.817;1.000
jollar?n??;;;2274;1;1;57.817;1.000
jollasa;;;2274;1;1;57.817;1.000
jol?m;;;2274;1;1;57.817;1.000
jol?mbetti?;;;2274;1;1;57.817;1.000
jol?nan;;;2274;1;1;57.817;1.000
joqar?da;;;2274;1;1;57.817;1.000
joqar?da??;;;2274;1;1;57.817;1.000
jordan;;;2274;1;1;57.817;1.000
joybarla?an;;;2274;1;1;57.817;1.000
jo?altpayd?;;;2274;1;1;57.817;1.000
jo?al?p;;;2274;1;1;57.817;1.000
jubatqan;;;2274;1;1;57.817;1.000
jubat?w;;;2274;1;1;57.817;1.000
juld?z;;;2274;1;1;57.817;1.000
juld?zd??;;;2274;1;1;57.817;1.000
jumbaqt??;;;2274;1;1;57.817;1.000
jum?slar;;;2274;1;1;57.817;1.000
jum?slar?n;;;2274;1;1;57.817;1.000
jum?slar?n??;;;2274;1;1;57.817;1.000
jum?ssh?s?;;;2274;1;1;57.817;1.000
jum?s?;;;2274;1;1;57.817;1.000
jum?s?nan;;;2274;1;1;57.817;1.000
juraniy;;;2274;1;1;57.817;1.000
jurgizile;;;2274;1;1;57.817;1.000
jurnal;;;2274;1;1;57.817;1.000
jurnallar;;;2274;1;1;57.817;1.000
jurtqa;;;2274;1;1;57.817;1.000
juwmaqlap;;;2274;1;1;57.817;1.000
juwma??;;;2274;1;1;57.817;1.000
juw?na;;;2274;1;1;57.817;1.000
juw?nad?;;;2274;1;1;57.817;1.000
juw?naman;;;2274;1;1;57.817;1.000
juw?natu??n;;;2274;1;1;57.817;1.000
juw?n?w?;;;2274;1;1;57.817;1.000
juw?rt?wlar;;;2274;1;1;57.817;1.000
juw?r?wd??;;;2274;1;1;57.817;1.000
juw?anday;;;2274;1;1;57.817;1.000
j?h?n;;;2274;1;1;57.817;1.000
j?met;;;2274;1;1;57.817;1.000
j?miydi;;;2274;1;1;57.817;1.000
j?miyeti;;;2274;1;1;57.817;1.000
j?miyetin;;;2274;1;1;57.817;1.000
j?miyetler;;;2274;1;1;57.817;1.000
j?miyettegi;;;2274;1;1;57.817;1.000
j?miyler;;;2274;1;1;57.817;1.000
j?mlengen;;;2274;1;1;57.817;1.000
j?mlesken;;;2274;1;1;57.817;1.000
j?mshid;;;2274;1;1;57.817;1.000
j?mshidti?;;;2274;1;1;57.817;1.000
j?m??t;;;2274;1;1;57.817;1.000
j?nede;;;2274;1;1;57.817;1.000
j?njellerdi?;;;2274;1;1;57.817;1.000
j?rdemi;;;2274;1;1;57.817;1.000
j?rdeminen;;;2274;1;1;57.817;1.000
j?rdemini?;;;2274;1;1;57.817;1.000
j?rdemler;;;2274;1;1;57.817;1.000
j?riyalaw?;;;2274;1;1;57.817;1.000
j?riyalayd?;;;2274;1;1;57.817;1.000
j?nekey;;;2274;1;1;57.817;1.000
j?ninde;;;2274;1;1;57.817;1.000
j?da;;;2274;1;1;57.817;1.000
j?gi;;;2274;1;1;57.817;1.000
j?gindi;;;2274;1;1;57.817;1.000
j?redi;;;2274;1;1;57.817;1.000
j?regi;;;2274;1;1;57.817;1.000
j?retu??n;;;2274;1;1;57.817;1.000
j?rgizildi;;;2274;1;1;57.817;1.000
j?rgiziwshi;;;2274;1;1;57.817;1.000
j?riwdi;;;2274;1;1;57.817;1.000
j?rkelik;;;2274;1;1;57.817;1.000
j?zimshilik;;;2274;1;1;57.817;1.000
j?zine;;;2274;1;1;57.817;1.000
j?zip;;;2274;1;1;57.817;1.000
j?zlegen;;;2274;1;1;57.817;1.000
j?zleri?iz;;;2274;1;1;57.817;1.000
j?layd?;;;2274;1;1;57.817;1.000
j?lda;;;2274;1;1;57.817;1.000
j?llardan;;;2274;1;1;57.817;1.000
j?ll?qlarda;;;2274;1;1;57.817;1.000
j?ll?qlar?a;;;2274;1;1;57.817;1.000
j?ll???nda;;;2274;1;1;57.817;1.000
j?ll???n??;;;2274;1;1;57.817;1.000
j?lt?r;;;2274;1;1;57.817;1.000
j?l??;;;2274;1;1;57.817;1.000
j?nayat;;;2274;1;1;57.817;1.000
j?ras?;;;2274;1;1;57.817;1.000
j?raw;;;2274;1;1;57.817;1.000
j?rlaw;;;2274;1;1;57.817;1.000
j?rla?an;;;2274;1;1;57.817;1.000
j?yna;;;2274;1;1;57.817;1.000
j?ynad?;;;2274;1;1;57.817;1.000
j?ynala;;;2274;1;1;57.817;1.000
j?ynald?;;;2274;1;1;57.817;1.000
j?ynal?s;;;2274;1;1;57.817;1.000
j?ynal?s?;;;2274;1;1;57.817;1.000
j?ynal?s?n??;;;2274;1;1;57.817;1.000
j?ynap;;;2274;1;1;57.817;1.000
j?ynaw;;;2274;1;1;57.817;1.000
j?ynawsh?;;;2274;1;1;57.817;1.000
j?ynaw?a;;;2274;1;1;57.817;1.000
j?yna?an;;;2274;1;1;57.817;1.000
j?y?n??;;;2274;1;1;57.817;1.000
kabel;;;2274;1;1;57.817;1.000
kabinetini?;;;2274;1;1;57.817;1.000
kadusiyler;;;2274;1;1;57.817;1.000
kalbajar;;;2274;1;1;57.817;1.000
kalligrafiya;;;2274;1;1;57.817;1.000
kamal;;;2274;1;1;57.817;1.000
kamil;;;2274;1;1;57.817;1.000
kanald??;;;2274;1;1;57.817;1.000
kanallar?;;;2274;1;1;57.817;1.000
kapitallar?n;;;2274;1;1;57.817;1.000
kapital?na;;;2274;1;1;57.817;1.000
kapitan;;;2274;1;1;57.817;1.000
kapitan?;;;2274;1;1;57.817;1.000
karma;;;2274;1;1;57.817;1.000
kartada;;;2274;1;1;57.817;1.000
kartan?;;;2274;1;1;57.817;1.000
kartas?n;;;2274;1;1;57.817;1.000
kaspiyge;;;2274;1;1;57.817;1.000
kaspiyler;;;2274;1;1;57.817;1.000
kasroniylar;;;2274;1;1;57.817;1.000
kategoriyalard?;;;2274;1;1;57.817;1.000
katolik;;;2274;1;1;57.817;1.000
kauchuk;;;2274;1;1;57.817;1.000
kaustik;;;2274;1;1;57.817;1.000
kaynozoy;;;2274;1;1;57.817;1.000
kayumars;;;2274;1;1;57.817;1.000
kazbin;;;2274;1;1;57.817;1.000
ke;;;2274;1;1;57.817;1.000
keklik;;;2274;1;1;57.817;1.000
keletu??n;;;2274;1;1;57.817;1.000
keletu??n?n;;;2274;1;1;57.817;1.000
kelgeni?di;;;2274;1;1;57.817;1.000
kelin;;;2274;1;1;57.817;1.000
kelindi;;;2274;1;1;57.817;1.000
kelinshekke;;;2274;1;1;57.817;1.000
kelinshekti?;;;2274;1;1;57.817;1.000
kelise;;;2274;1;1;57.817;1.000
kelisetu??n;;;2274;1;1;57.817;1.000
kelisimler;;;2274;1;1;57.817;1.000
kelispewshilik;;;2274;1;1;57.817;1.000
kelispewshilikler;;;2274;1;1;57.817;1.000
keliwdi;;;2274;1;1;57.817;1.000
keliwine;;;2274;1;1;57.817;1.000
keliwshi;;;2274;1;1;57.817;1.000
kelmegen;;;2274;1;1;57.817;1.000
kelmekte;;;2274;1;1;57.817;1.000
kelsede;;;2274;1;1;57.817;1.000
keltirdi;;;2274;1;1;57.817;1.000
keltiriw;;;2274;1;1;57.817;1.000
kemal;;;2274;1;1;57.817;1.000
kemasazl?q;;;2274;1;1;57.817;1.000
kemba?al;;;2274;1;1;57.817;1.000
keme;;;2274;1;1;57.817;1.000
kemede;;;2274;1;1;57.817;1.000
kemeni?;;;2274;1;1;57.817;1.000
kemesin;;;2274;1;1;57.817;1.000
keminde;;;2274;1;1;57.817;1.000
kemiriwshiler;;;2274;1;1;57.817;1.000
kemsitiwge;;;2274;1;1;57.817;1.000
kengerli;;;2274;1;1;57.817;1.000
keramika;;;2274;1;1;57.817;1.000
kerekli;;;2274;1;1;57.817;1.000
keseli;;;2274;1;1;57.817;1.000
kesellik;;;2274;1;1;57.817;1.000
keselliklerdi;;;2274;1;1;57.817;1.000
keshe;;;2274;1;1;57.817;1.000
keshiredi;;;2274;1;1;57.817;1.000
keshirek;;;2274;1;1;57.817;1.000
keshirgen;;;2274;1;1;57.817;1.000
keshirgenlerin;;;2274;1;1;57.817;1.000
keshirilgen;;;2274;1;1;57.817;1.000
keshiriwine;;;2274;1;1;57.817;1.000
kete;;;2274;1;1;57.817;1.000
ketip;;;2274;1;1;57.817;1.000
ketipti;;;2274;1;1;57.817;1.000
ketkenin;;;2274;1;1;57.817;1.000
ketkennen;;;2274;1;1;57.817;1.000
kewlindegi;;;2274;1;1;57.817;1.000
keyingenshe;;;2274;1;1;57.817;1.000
keyninen;;;2274;1;1;57.817;1.000
ke?esine;;;2274;1;1;57.817;1.000
ke?eyip;;;2274;1;1;57.817;1.000
ke?eytedi;;;2274;1;1;57.817;1.000
ke?eytip;;;2274;1;1;57.817;1.000
kilometr;;;2274;1;1;57.817;1.000
kimdey;;;2274;1;1;57.817;1.000
kimligin;;;2274;1;1;57.817;1.000
kinematografiyas?;;;2274;1;1;57.817;1.000
kino;;;2274;1;1;57.817;1.000
kinosh?lar?;;;2274;1;1;57.817;1.000
kinostudiyas?;;;2274;1;1;57.817;1.000
kipr;;;2274;1;1;57.817;1.000
kiretu??n;;;2274;1;1;57.817;1.000
kirgenge;;;2274;1;1;57.817;1.000
kirigizip;;;2274;1;1;57.817;1.000
kirisedi;;;2274;1;1;57.817;1.000
kirisip;;;2274;1;1;57.817;1.000
kirisken;;;2274;1;1;57.817;1.000
kirispede;;;2274;1;1;57.817;1.000
kirispesi;;;2274;1;1;57.817;1.000
kirpikli;;;2274;1;1;57.817;1.000
kirpiksheler;;;2274;1;1;57.817;1.000
kishirek;;;2274;1;1;57.817;1.000
kishkentay?nan;;;2274;1;1;57.817;1.000
kishvariy;;;2274;1;1;57.817;1.000
kisiden;;;2274;1;1;57.817;1.000
kislorod;;;2274;1;1;57.817;1.000
kislorodqa;;;2274;1;1;57.817;1.000
kislorodt?;;;2274;1;1;57.817;1.000
kislotas?;;;2274;1;1;57.817;1.000
kisnetip;;;2274;1;1;57.817;1.000
kit;;;2274;1;1;57.817;1.000
kitablar?na;;;2274;1;1;57.817;1.000
kitab?nda;;;2274;1;1;57.817;1.000
kitab?n??;;;2274;1;1;57.817;1.000
kitaplarda;;;2274;1;1;57.817;1.000
kitaplardan;;;2274;1;1;57.817;1.000
kitaplar?n??;;;2274;1;1;57.817;1.000
kitapqa;;;2274;1;1;57.817;1.000
kitapta;;;2274;1;1;57.817;1.000
kitapt??;;;2274;1;1;57.817;1.000
kitapxana;;;2274;1;1;57.817;1.000
kitapxanada;;;2274;1;1;57.817;1.000
kitapxanalar?;;;2274;1;1;57.817;1.000
kitler;;;2274;1;1;57.817;1.000
kiyat?r;;;2274;1;1;57.817;1.000
kiyik;;;2274;1;1;57.817;1.000
kiyimlerin;;;2274;1;1;57.817;1.000
kiyip;;;2274;1;1;57.817;1.000
klassifikaciyalaw;;;2274;1;1;57.817;1.000
klavdiy;;;2274;1;1;57.817;1.000
kletkada??;;;2274;1;1;57.817;1.000
kletkalar;;;2274;1;1;57.817;1.000
kletkalar?;;;2274;1;1;57.817;1.000
kletkan??;;;2274;1;1;57.817;1.000
kletkas?;;;2274;1;1;57.817;1.000
kletkas?na;;;2274;1;1;57.817;1.000
klimatl?;;;2274;1;1;57.817;1.000
klimatl?q;;;2274;1;1;57.817;1.000
kobalt;;;2274;1;1;57.817;1.000
kojurov;;;2274;1;1;57.817;1.000
kolchedani;;;2274;1;1;57.817;1.000
kollegiyas?n??;;;2274;1;1;57.817;1.000
kolligraf;;;2274;1;1;57.817;1.000
komediya;;;2274;1;1;57.817;1.000
komediyas?;;;2274;1;1;57.817;1.000
komediyas?n;;;2274;1;1;57.817;1.000
komitetti?;;;2274;1;1;57.817;1.000
kompas;;;2274;1;1;57.817;1.000
kompast??;;;2274;1;1;57.817;1.000
kompleks;;;2274;1;1;57.817;1.000
kompleksinde;;;2274;1;1;57.817;1.000
kompozitor;;;2274;1;1;57.817;1.000
kompozitorlar?;;;2274;1;1;57.817;1.000
kompozitorl?q;;;2274;1;1;57.817;1.000
kompozitor?;;;2274;1;1;57.817;1.000
koncepciyas?;;;2274;1;1;57.817;1.000
koncidiyan??;;;2274;1;1;57.817;1.000
konfucilik;;;2274;1;1;57.817;1.000
konfuciydi?;;;2274;1;1;57.817;1.000
konfuciylik;;;2274;1;1;57.817;1.000
konfutsiy;;;2274;1;1;57.817;1.000
kongullar;;;2274;1;1;57.817;1.000
konserva;;;2274;1;1;57.817;1.000
konstruktsiya;;;2274;1;1;57.817;1.000
konsultaciyalar;;;2274;1;1;57.817;1.000
kontinent;;;2274;1;1;57.817;1.000
kontinenti;;;2274;1;1;57.817;1.000
kontinentini?;;;2274;1;1;57.817;1.000
kontinentler;;;2274;1;1;57.817;1.000
kontinentti?;;;2274;1;1;57.817;1.000
konyak;;;2274;1;1;57.817;1.000
konyunkturas?;;;2274;1;1;57.817;1.000
konyunkturas?nan;;;2274;1;1;57.817;1.000
kostyorlar;;;2274;1;1;57.817;1.000
kos?bayo?lu;;;2274;1;1;57.817;1.000
kos?bayul?;;;2274;1;1;57.817;1.000
krataw;;;2274;1;1;57.817;1.000
kredit;;;2274;1;1;57.817;1.000
kromlexler;;;2274;1;1;57.817;1.000
krraba?;;;2274;1;1;57.817;1.000
kuba;;;2274;1;1;57.817;1.000
kubt?;;;2274;1;1;57.817;1.000
kuliev;;;2274;1;1;57.817;1.000
kultepa;;;2274;1;1;57.817;1.000
kultl?q;;;2274;1;1;57.817;1.000
kumik;;;2274;1;1;57.817;1.000
kurd;;;2274;1;1;57.817;1.000
kurder;;;2274;1;1;57.817;1.000
kuveyt;;;2274;1;1;57.817;1.000
kvalifikaciyal?;;;2274;1;1;57.817;1.000
kvt;;;2274;1;1;57.817;1.000
kyolliker;;;2274;1;1;57.817;1.000
k?nlerden;;;2274;1;1;57.817;1.000
k?rwansaray;;;2274;1;1;57.817;1.000
k?rxanalar;;;2274;1;1;57.817;1.000
k?rxanalard??;;;2274;1;1;57.817;1.000
k?rxanalar?;;;2274;1;1;57.817;1.000
k?rxanalar?a;;;2274;1;1;57.817;1.000
k?rxanan?;;;2274;1;1;57.817;1.000
k?rxanan??;;;2274;1;1;57.817;1.000
k?rxanas?na;;;2274;1;1;57.817;1.000
k?sibinde;;;2274;1;1;57.817;1.000
k?sibine;;;2274;1;1;57.817;1.000
k?siplik;;;2274;1;1;57.817;1.000
k?tibler;;;2274;1;1;57.817;1.000
k?tip;;;2274;1;1;57.817;1.000
k?tqudalar?;;;2274;1;1;57.817;1.000
k?beyedi;;;2274;1;1;57.817;1.000
k?beygende;;;2274;1;1;57.817;1.000
k?beyip;;;2274;1;1;57.817;1.000
k?beytilgen;;;2274;1;1;57.817;1.000
k?beytiliwi;;;2274;1;1;57.817;1.000
k?beytip;;;2274;1;1;57.817;1.000
k?beytiwge;;;2274;1;1;57.817;1.000
k?beytkenge;;;2274;1;1;57.817;1.000
k?kiregimni?;;;2274;1;1;57.817;1.000
k?ksine;;;2274;1;1;57.817;1.000
k?ldegi;;;2274;1;1;57.817;1.000
k?lemde;;;2274;1;1;57.817;1.000
k?lemine;;;2274;1;1;57.817;1.000
k?lemli;;;2274;1;1;57.817;1.000
k?pirler;;;2274;1;1;57.817;1.000
k?pke;;;2274;1;1;57.817;1.000
k?pshilikti?;;;2274;1;1;57.817;1.000
k?psinbe;;;2274;1;1;57.817;1.000
k?rdi;;;2274;1;1;57.817;1.000
k?redi;;;2274;1;1;57.817;1.000
k?retu??n;;;2274;1;1;57.817;1.000
k?rgenin;;;2274;1;1;57.817;1.000
k?rgensiz;;;2274;1;1;57.817;1.000
k?rinbes;;;2274;1;1;57.817;1.000
k?rinbeydi;;;2274;1;1;57.817;1.000
k?rineme;;;2274;1;1;57.817;1.000
k?rinisleri;;;2274;1;1;57.817;1.000
k?riniwi;;;2274;1;1;57.817;1.000
k?rinse;;;2274;1;1;57.817;1.000
k?risip;;;2274;1;1;57.817;1.000
k?riw;;;2274;1;1;57.817;1.000
k?riwden;;;2274;1;1;57.817;1.000
k?riwi;;;2274;1;1;57.817;1.000
k?rkemligi;;;2274;1;1;57.817;1.000
k?rki;;;2274;1;1;57.817;1.000
k?rkin;;;2274;1;1;57.817;1.000
k?rmeybilmey;;;2274;1;1;57.817;1.000
k?rsetiledi;;;2274;1;1;57.817;1.000
k?rsetiliwi;;;2274;1;1;57.817;1.000
k?rsetiw;;;2274;1;1;57.817;1.000
k?rsetiwinshe;;;2274;1;1;57.817;1.000
k?rsetiwleri;;;2274;1;1;57.817;1.000
k?shirgen;;;2274;1;1;57.817;1.000
k?shirgenligi;;;2274;1;1;57.817;1.000
k?shirip;;;2274;1;1;57.817;1.000
k?shiriwi;;;2274;1;1;57.817;1.000
k?shpes;;;2274;1;1;57.817;1.000
k?shti;;;2274;1;1;57.817;1.000
k?tere;;;2274;1;1;57.817;1.000
k?terilis;;;2274;1;1;57.817;1.000
k?terilisin;;;2274;1;1;57.817;1.000
k?terilisini?;;;2274;1;1;57.817;1.000
k?teriliske;;;2274;1;1;57.817;1.000
k?teriliste;;;2274;1;1;57.817;1.000
k?terilisten;;;2274;1;1;57.817;1.000
k?terip;;;2274;1;1;57.817;1.000
k?teriw;;;2274;1;1;57.817;1.000
k?teri?ki;;;2274;1;1;57.817;1.000
k?zbe;;;2274;1;1;57.817;1.000
k?zim;;;2274;1;1;57.817;1.000
k?zine;;;2274;1;1;57.817;1.000
k?zi?e;;;2274;1;1;57.817;1.000
k?zqaras?nan;;;2274;1;1;57.817;1.000
k?le;;;2274;1;1;57.817;1.000
k?limlegen;;;2274;1;1;57.817;1.000
k?liw;;;2274;1;1;57.817;1.000
k?lkige;;;2274;1;1;57.817;1.000
k?nge;;;2274;1;1;57.817;1.000
k?ni;;;2274;1;1;57.817;1.000
k?nler;;;2274;1;1;57.817;1.000
k?nlerinde;;;2274;1;1;57.817;1.000
k?nxoja;;;2274;1;1;57.817;1.000
k?sheye;;;2274;1;1;57.817;1.000
k?sheyiwi;;;2274;1;1;57.817;1.000
k?shin;;;2274;1;1;57.817;1.000
k?shine;;;2274;1;1;57.817;1.000
k?shini?;;;2274;1;1;57.817;1.000
k?shke;;;2274;1;1;57.817;1.000
k?shlerdi?;;;2274;1;1;57.817;1.000
k?shliligi;;;2274;1;1;57.817;1.000
k?shti?;;;2274;1;1;57.817;1.000
k?tilmegen;;;2274;1;1;57.817;1.000
k?t?;;;2274;1;1;57.817;1.000
lachin;;;2274;1;1;57.817;1.000
lamark;;;2274;1;1;57.817;1.000
lanka;;;2274;1;1;57.817;1.000
laos;;;2274;1;1;57.817;1.000
laqab?;;;2274;1;1;57.817;1.000
latif;;;2274;1;1;57.817;1.000
latifa;;;2274;1;1;57.817;1.000
laz?ml???n;;;2274;1;1;57.817;1.000
legendalar;;;2274;1;1;57.817;1.000
legendalar?;;;2274;1;1;57.817;1.000
lekit;;;2274;1;1;57.817;1.000
leksikografiyal?q;;;2274;1;1;57.817;1.000
lermontovt??;;;2274;1;1;57.817;1.000
lev;;;2274;1;1;57.817;1.000
leyli;;;2274;1;1;57.817;1.000
lezginlar;;;2274;1;1;57.817;1.000
limnologiya;;;2274;1;1;57.817;1.000
liro;;;2274;1;1;57.817;1.000
lisanut;;;2274;1;1;57.817;1.000
litseyi;;;2274;1;1;57.817;1.000
livan;;;2274;1;1;57.817;1.000
livingston;;;2274;1;1;57.817;1.000
liviyada;;;2274;1;1;57.817;1.000
lixenologiya;;;2274;1;1;57.817;1.000
logika;;;2274;1;1;57.817;1.000
lokayata;;;2274;1;1;57.817;1.000
losos;;;2274;1;1;57.817;1.000
lutfiydi?;;;2274;1;1;57.817;1.000
lu?atayn;;;2274;1;1;57.817;1.000
lyudmila;;;2274;1;1;57.817;1.000
l?yl?;;;2274;1;1;57.817;1.000
ma;;;2274;1;1;57.817;1.000
magiyas?;;;2274;1;1;57.817;1.000
magnitlik;;;2274;1;1;57.817;1.000
magomaev;;;2274;1;1;57.817;1.000
magomaevti?;;;2274;1;1;57.817;1.000
mahastiy;;;2274;1;1;57.817;1.000
mahmud;;;2274;1;1;57.817;1.000
mahmudbekov;;;2274;1;1;57.817;1.000
mahzai;;;2274;1;1;57.817;1.000
majitdin;;;2274;1;1;57.817;1.000
majolis;;;2274;1;1;57.817;1.000
makedoniyal?q;;;2274;1;1;57.817;1.000
makedonskiy;;;2274;1;1;57.817;1.000
makkiy;;;2274;1;1;57.817;1.000
mak?nn??;;;2274;1;1;57.817;1.000
malakologiya;;;2274;1;1;57.817;1.000
malayziya;;;2274;1;1;57.817;1.000
maldiv;;;2274;1;1;57.817;1.000
malyariya;;;2274;1;1;57.817;1.000
mamamn??;;;2274;1;1;57.817;1.000
mama?;;;2274;1;1;57.817;1.000
mambetnazarov;;;2274;1;1;57.817;1.000
mambetnazarovlar;;;2274;1;1;57.817;1.000
mamedova;;;2274;1;1;57.817;1.000
mammalogiya;;;2274;1;1;57.817;1.000
mana;;;2274;1;1;57.817;1.000
manat;;;2274;1;1;57.817;1.000
manev?;;;2274;1;1;57.817;1.000
map;;;2274;1;1;57.817;1.000
maqallar;;;2274;1;1;57.817;1.000
maqallard?;;;2274;1;1;57.817;1.000
maqamlar;;;2274;1;1;57.817;1.000
maqamlar?;;;2274;1;1;57.817;1.000
maqbara;;;2274;1;1;57.817;1.000
maqbaralar;;;2274;1;1;57.817;1.000
maqbaras?;;;2274;1;1;57.817;1.000
maqsetine;;;2274;1;1;57.817;1.000
maqsetke;;;2274;1;1;57.817;1.000
maqsetleri;;;2274;1;1;57.817;1.000
maqs?mjan;;;2274;1;1;57.817;1.000
maqtan?shqa;;;2274;1;1;57.817;1.000
maqtap;;;2274;1;1;57.817;1.000
maqtumqul?;;;2274;1;1;57.817;1.000
mardakyan;;;2274;1;1;57.817;1.000
mardonov;;;2274;1;1;57.817;1.000
margimush;;;2274;1;1;57.817;1.000
marko;;;2274;1;1;57.817;1.000
martta;;;2274;1;1;57.817;1.000
mashina;;;2274;1;1;57.817;1.000
mashinasazl???;;;2274;1;1;57.817;1.000
mashxadt??;;;2274;1;1;57.817;1.000
masihiy;;;2274;1;1;57.817;1.000
maslasqan;;;2274;1;1;57.817;1.000
masqarapazl?qtan;;;2274;1;1;57.817;1.000
massada;;;2274;1;1;57.817;1.000
massan??;;;2274;1;1;57.817;1.000
mastigoforalar;;;2274;1;1;57.817;1.000
mas?ut;;;2274;1;1;57.817;1.000
matematika;;;2274;1;1;57.817;1.000
matematika?a;;;2274;1;1;57.817;1.000
materialistlik;;;2274;1;1;57.817;1.000
materiallar?;;;2274;1;1;57.817;1.000
materigi;;;2274;1;1;57.817;1.000
materigin;;;2274;1;1;57.817;1.000
maxastiy;;;2274;1;1;57.817;1.000
maxmud;;;2274;1;1;57.817;1.000
mayanbay;;;2274;1;1;57.817;1.000
maydan;;;2274;1;1;57.817;1.000
maydan?n??;;;2274;1;1;57.817;1.000
mazdakiyler;;;2274;1;1;57.817;1.000
mazmun;;;2274;1;1;57.817;1.000
mazmunda??;;;2274;1;1;57.817;1.000
mazmun?nda;;;2274;1;1;57.817;1.000
mazmun?n?da??;;;2274;1;1;57.817;1.000
mazmun?a;;;2274;1;1;57.817;1.000
ma?ana?a;;;2274;1;1;57.817;1.000
ma?anshaq;;;2274;1;1;57.817;1.000
ma?l?wmatlard?;;;2274;1;1;57.817;1.000
ma?l?wmatlar?na;;;2274;1;1;57.817;1.000
ma?l?wmatqa;;;2274;1;1;57.817;1.000
ma?l?wmat?na;;;2274;1;1;57.817;1.000
mcmurdo;;;2274;1;1;57.817;1.000
medatatsiyas?;;;2274;1;1;57.817;1.000
medirese;;;2274;1;1;57.817;1.000
medireseni;;;2274;1;1;57.817;1.000
medireseni?;;;2274;1;1;57.817;1.000
mediresesini?;;;2274;1;1;57.817;1.000
medreseler;;;2274;1;1;57.817;1.000
medreselerde;;;2274;1;1;57.817;1.000
medreseni;;;2274;1;1;57.817;1.000
medresesinde;;;2274;1;1;57.817;1.000
mehribanu;;;2274;1;1;57.817;1.000
mekemelerge;;;2274;1;1;57.817;1.000
mektebinde;;;2274;1;1;57.817;1.000
mekteplerde;;;2274;1;1;57.817;1.000
mektepleri;;;2274;1;1;57.817;1.000
melikovt??;;;2274;1;1;57.817;1.000
melodiya;;;2274;1;1;57.817;1.000
mengirler;;;2274;1;1;57.817;1.000
meni?;;;2274;1;1;57.817;1.000
menmensip;;;2274;1;1;57.817;1.000
merekelerinde;;;2274;1;1;57.817;1.000
merekesiz;;;2274;1;1;57.817;1.000
meshitler;;;2274;1;1;57.817;1.000
metafizikal?q;;;2274;1;1;57.817;1.000
metallurgiya;;;2274;1;1;57.817;1.000
metodlar?n;;;2274;1;1;57.817;1.000
metodtan;;;2274;1;1;57.817;1.000
metropoliten;;;2274;1;1;57.817;1.000
midiya;;;2274;1;1;57.817;1.000
miflerdi;;;2274;1;1;57.817;1.000
mifologiyal?q;;;2274;1;1;57.817;1.000
mikologiya;;;2274;1;1;57.817;1.000
mikrobiologiya;;;2274;1;1;57.817;1.000
mikrometr;;;2274;1;1;57.817;1.000
mikroorganizm;;;2274;1;1;57.817;1.000
mikrosporidiyalar;;;2274;1;1;57.817;1.000
miksosporidiyalar;;;2274;1;1;57.817;1.000
milletke;;;2274;1;1;57.817;1.000
milletli;;;2274;1;1;57.817;1.000
millionlar;;;2274;1;1;57.817;1.000
minara;;;2274;1;1;57.817;1.000
minemen;;;2274;1;1;57.817;1.000
mineral;;;2274;1;1;57.817;1.000
minerall???;;;2274;1;1;57.817;1.000
minezindegi;;;2274;1;1;57.817;1.000
minezine;;;2274;1;1;57.817;1.000
mingechaurda;;;2274;1;1;57.817;1.000
minip;;;2274;1;1;57.817;1.000
minnetdarsh?l?q;;;2274;1;1;57.817;1.000
minse;;;2274;1;1;57.817;1.000
mirarab;;;2274;1;1;57.817;1.000
mirmuhsin;;;2274;1;1;57.817;1.000
mirzalar;;;2274;1;1;57.817;1.000
mixail;;;2274;1;1;57.817;1.000
mixailov;;;2274;1;1;57.817;1.000
miymandosl???n;;;2274;1;1;57.817;1.000
miymanxanas?;;;2274;1;1;57.817;1.000
miyneti;;;2274;1;1;57.817;1.000
miynetinde;;;2274;1;1;57.817;1.000
miynetkeshlik;;;2274;1;1;57.817;1.000
miynetlerin;;;2274;1;1;57.817;1.000
miyraslard?;;;2274;1;1;57.817;1.000
miyraslard??;;;2274;1;1;57.817;1.000
miyrasxorl?k;;;2274;1;1;57.817;1.000
miyrasxorl?q;;;2274;1;1;57.817;1.000
miywelerden;;;2274;1;1;57.817;1.000
mlrd;;;2274;1;1;57.817;1.000
mo;;;2274;1;1;57.817;1.000
modernizatsiyalaw;;;2274;1;1;57.817;1.000
moizm;;;2274;1;1;57.817;1.000
molaytt?;;;2274;1;1;57.817;1.000
molekulyar;;;2274;1;1;57.817;1.000
mongoliya;;;2274;1;1;57.817;1.000
monistlik;;;2274;1;1;57.817;1.000
monsha;;;2274;1;1;57.817;1.000
montrlerdi?;;;2274;1;1;57.817;1.000
mon?ollar;;;2274;1;1;57.817;1.000
mos;;;2274;1;1;57.817;1.000
moskva;;;2274;1;1;57.817;1.000
moviy;;;2274;1;1;57.817;1.000
moyn?na;;;2274;1;1;57.817;1.000
moy?n;;;2274;1;1;57.817;1.000
muhokamat;;;2274;1;1;57.817;1.000
multiplikaciya;;;2274;1;1;57.817;1.000
muqaddes;;;2274;1;1;57.817;1.000
murat;;;2274;1;1;57.817;1.000
musibati;;;2274;1;1;57.817;1.000
musorgskiy;;;2274;1;1;57.817;1.000
mustalishah;;;2274;1;1;57.817;1.000
musulmanlar;;;2274;1;1;57.817;1.000
musya;;;2274;1;1;57.817;1.000
muwap?qlast?r?wsh?;;;2274;1;1;57.817;1.000
muxalles;;;2274;1;1;57.817;1.000
muxammadshah;;;2274;1;1;57.817;1.000
muxammed;;;2274;1;1;57.817;1.000
muxolifat;;;2274;1;1;57.817;1.000
muzeyleri;;;2274;1;1;57.817;1.000
muzlard??;;;2274;1;1;57.817;1.000
muz?kantlar;;;2274;1;1;57.817;1.000
muz?kan??;;;2274;1;1;57.817;1.000
muz?kas?;;;2274;1;1;57.817;1.000
muz?kas?n??;;;2274;1;1;57.817;1.000
mu?darda;;;2274;1;1;57.817;1.000
mu?dar?n;;;2274;1;1;57.817;1.000
mu?dar?nan;;;2274;1;1;57.817;1.000
myanma;;;2274;1;1;57.817;1.000
m?deniyatlard?;;;2274;1;1;57.817;1.000
m?deniyatlar?n??;;;2274;1;1;57.817;1.000
m?deniyatqa;;;2274;1;1;57.817;1.000
m?deniyattqa;;;2274;1;1;57.817;1.000
m?deniyatt??;;;2274;1;1;57.817;1.000
m?deniyat?n;;;2274;1;1;57.817;1.000
m?deniyat?nda;;;2274;1;1;57.817;1.000
m?jg?n;;;2274;1;1;57.817;1.000
m?jnun;;;2274;1;1;57.817;1.000
m?kan;;;2274;1;1;57.817;1.000
m?kemeleri;;;2274;1;1;57.817;1.000
m?kemesi;;;2274;1;1;57.817;1.000
m?kke;;;2274;1;1;57.817;1.000
m?mbetov;;;2274;1;1;57.817;1.000
m?milege;;;2274;1;1;57.817;1.000
m?mleketin;;;2274;1;1;57.817;1.000
m?mleketlerdi?;;;2274;1;1;57.817;1.000
m?mleketleri;;;2274;1;1;57.817;1.000
m?mleketlerindegi;;;2274;1;1;57.817;1.000
m?mleketlerini?de;;;2274;1;1;57.817;1.000
m?mleketti;;;2274;1;1;57.817;1.000
m?ngi;;;2274;1;1;57.817;1.000
m?ngilestiriw;;;2274;1;1;57.817;1.000
m?nige;;;2274;1;1;57.817;1.000
m?nili;;;2274;1;1;57.817;1.000
m?nistegi;;;2274;1;1;57.817;1.000
m?nsaptan;;;2274;1;1;57.817;1.000
m?pleri;;;2274;1;1;57.817;1.000
m?plerin;;;2274;1;1;57.817;1.000
m?q?mediy;;;2274;1;1;57.817;1.000
m?rte;;;2274;1;1;57.817;1.000
m?rtligin;;;2274;1;1;57.817;1.000
m?rtlik;;;2274;1;1;57.817;1.000
m?sele;;;2274;1;1;57.817;1.000
m?selege;;;2274;1;1;57.817;1.000
m?seleler;;;2274;1;1;57.817;1.000
m?selelerde;;;2274;1;1;57.817;1.000
m?selelerdi;;;2274;1;1;57.817;1.000
m?selelerin;;;2274;1;1;57.817;1.000
m?selelerine;;;2274;1;1;57.817;1.000
m?seleni;;;2274;1;1;57.817;1.000
m?shrab;;;2274;1;1;57.817;1.000
m?wsim;;;2274;1;1;57.817;1.000
m?y;;;2274;1;1;57.817;1.000
m?mina;;;2274;1;1;57.817;1.000
m?ddet;;;2274;1;1;57.817;1.000
m?ddeti;;;2274;1;1;57.817;1.000
m?ddetleri;;;2274;1;1;57.817;1.000
m?ddetsiz;;;2274;1;1;57.817;1.000
m?lay?ml?q;;;2274;1;1;57.817;1.000
m?lk;;;2274;1;1;57.817;1.000
m?lkin;;;2274;1;1;57.817;1.000
m?lkine;;;2274;1;1;57.817;1.000
m?lklik;;;2274;1;1;57.817;1.000
m?lkti?;;;2274;1;1;57.817;1.000
m?mkinshiligine;;;2274;1;1;57.817;1.000
m?mki?;;;2274;1;1;57.817;1.000
m?n?sibetin;;;2274;1;1;57.817;1.000
m?n?sip;;;2274;1;1;57.817;1.000
m?sinshilerden;;;2274;1;1;57.817;1.000
m?n;;;2274;1;1;57.817;1.000
m?sal;;;2274;1;1;57.817;1.000
m?sal?nda;;;2274;1;1;57.817;1.000
m?s?r;;;2274;1;1;57.817;1.000
m??la?an;;;2274;1;1;57.817;1.000
m??nan;;;2274;1;1;57.817;1.000
m???a;;;2274;1;1;57.817;1.000
m?mm?dov;;;2274;1;1;57.817;1.000
nadanl?qt?;;;2274;1;1;57.817;1.000
nafois;;;2274;1;1;57.817;1.000
naftalan;;;2274;1;1;57.817;1.000
namalar;;;2274;1;1;57.817;1.000
names;;;2274;1;1;57.817;1.000
nam?s?;;;2274;1;1;57.817;1.000
nan;;;2274;1;1;57.817;1.000
narimonbekov;;;2274;1;1;57.817;1.000
narimonov;;;2274;1;1;57.817;1.000
narse;;;2274;1;1;57.817;1.000
nasaq;;;2274;1;1;57.817;1.000
nas?r;;;2274;1;1;57.817;1.000
natsist;;;2274;1;1;57.817;1.000
natsistler;;;2274;1;1;57.817;1.000
natsistlik;;;2274;1;1;57.817;1.000
natural;;;2274;1;1;57.817;1.000
navvob;;;2274;1;1;57.817;1.000
naway?xanl?q;;;2274;1;1;57.817;1.000
nawqansh?l?q;;;2274;1;1;57.817;1.000
nawr?z;;;2274;1;1;57.817;1.000
naxichevon;;;2274;1;1;57.817;1.000
nayza;;;2274;1;1;57.817;1.000
nayzabay;;;2274;1;1;57.817;1.000
nayzabayd??;;;2274;1;1;57.817;1.000
na?umojis;;;2274;1;1;57.817;1.000
na?metulla;;;2274;1;1;57.817;1.000
na??s;;;2274;1;1;57.817;1.000
na??slar?;;;2274;1;1;57.817;1.000
na??sl?;;;2274;1;1;57.817;1.000
nede;;;2274;1;1;57.817;1.000
neftechala;;;2274;1;1;57.817;1.000
nege;;;2274;1;1;57.817;1.000
negiz;;;2274;1;1;57.817;1.000
negizgi;;;2274;1;1;57.817;1.000
nelerge;;;2274;1;1;57.817;1.000
nematologiya;;;2274;1;1;57.817;1.000
nemec;;;2274;1;1;57.817;1.000
nemis;;;2274;1;1;57.817;1.000
neolit;;;2274;1;1;57.817;1.000
nepal;;;2274;1;1;57.817;1.000
nergi;;;2274;1;1;57.817;1.000
neshshe;;;2274;1;1;57.817;1.000
neya;;;2274;1;1;57.817;1.000
neyrobiologiya;;;2274;1;1;57.817;1.000
neyroilim;;;2274;1;1;57.817;1.000
ne?ayb?l;;;2274;1;1;57.817;1.000
nietulla;;;2274;1;1;57.817;1.000
nikolaevti?;;;2274;1;1;57.817;1.000
niyet;;;2274;1;1;57.817;1.000
nizomiy;;;2274;1;1;57.817;1.000
nobel;;;2274;1;1;57.817;1.000
nominal?na;;;2274;1;1;57.817;1.000
nominal?nan;;;2274;1;1;57.817;1.000
normas?;;;2274;1;1;57.817;1.000
normativ;;;2274;1;1;57.817;1.000
nosirova;;;2274;1;1;57.817;1.000
notal?;;;2274;1;1;57.817;1.000
novator;;;2274;1;1;57.817;1.000
novella;;;2274;1;1;57.817;1.000
noyabrde;;;2274;1;1;57.817;1.000
nsya;;;2274;1;1;57.817;1.000
nurlar?;;;2274;1;1;57.817;1.000
nurmaq;;;2274;1;1;57.817;1.000
nusqalar?a;;;2274;1;1;57.817;1.000
nusqas?n??;;;2274;1;1;57.817;1.000
nutriya;;;2274;1;1;57.817;1.000
n?let;;;2274;1;1;57.817;1.000
n?m?rtlikti;;;2274;1;1;57.817;1.000
n?resteni;;;2274;1;1;57.817;1.000
n?rse;;;2274;1;1;57.817;1.000
n?rseler;;;2274;1;1;57.817;1.000
n?rselerge;;;2274;1;1;57.817;1.000
n?siyatlayd?;;;2274;1;1;57.817;1.000
n?siyatnamalar;;;2274;1;1;57.817;1.000
n?tiyjelerge;;;2274;1;1;57.817;1.000
n?zibek;;;2274;1;1;57.817;1.000
n?zik;;;2274;1;1;57.817;1.000
n?ziyra;;;2274;1;1;57.817;1.000
n?z?lim;;;2274;1;1;57.817;1.000
n?kisten;;;2274;1;1;57.817;1.000
n?kisti?;;;2274;1;1;57.817;1.000
n?;;;2274;1;1;57.817;1.000
n?shana?a;;;2274;1;1;57.817;1.000
n?zamlarda;;;2274;1;1;57.817;1.000
n?zamlar?nda;;;2274;1;1;57.817;1.000
n?zamlast?r?l?an;;;2274;1;1;57.817;1.000
n?zaml?l?qlard??;;;2274;1;1;57.817;1.000
n?zam?a;;;2274;1;1;57.817;1.000
oazislerdi;;;2274;1;1;57.817;1.000
oblast?;;;2274;1;1;57.817;1.000
oblast?nda??;;;2274;1;1;57.817;1.000
obrazd?;;;2274;1;1;57.817;1.000
obrazlarda;;;2274;1;1;57.817;1.000
obrazlard?;;;2274;1;1;57.817;1.000
obrazlar?;;;2274;1;1;57.817;1.000
obrazlar?nda;;;2274;1;1;57.817;1.000
obrazl?;;;2274;1;1;57.817;1.000
obraz?n;;;2274;1;1;57.817;1.000
obraz?nda;;;2274;1;1;57.817;1.000
obyektleri;;;2274;1;1;57.817;1.000
ocherkler;;;2274;1;1;57.817;1.000
ofitserleri;;;2274;1;1;57.817;1.000
ogahiy;;;2274;1;1;57.817;1.000
okeanlar;;;2274;1;1;57.817;1.000
okeannan;;;2274;1;1;57.817;1.000
okrugine;;;2274;1;1;57.817;1.000
olarda;;;2274;1;1;57.817;1.000
olardan;;;2274;1;1;57.817;1.000
olardi?;;;2274;1;1;57.817;1.000
olard?n;;;2274;1;1;57.817;1.000
olar?a;;;2274;1;1;57.817;1.000
olda;;;2274;1;1;57.817;1.000
oligatsena;;;2274;1;1;57.817;1.000
olimpiya;;;2274;1;1;57.817;1.000
oman;;;2274;1;1;57.817;1.000
om?rtqas?n??;;;2274;1;1;57.817;1.000
ondatra;;;2274;1;1;57.817;1.000
oni?;;;2274;1;1;57.817;1.000
opa;;;2274;1;1;57.817;1.000
opadarl?q;;;2274;1;1;57.817;1.000
opas?zl?qt?;;;2274;1;1;57.817;1.000
operalar?;;;2274;1;1;57.817;1.000
operas?;;;2274;1;1;57.817;1.000
operas?n;;;2274;1;1;57.817;1.000
optimal;;;2274;1;1;57.817;1.000
oq;;;2274;1;1;57.817;1.000
oq?d?;;;2274;1;1;57.817;1.000
oq?lmayd?;;;2274;1;1;57.817;1.000
oq?tatu??n;;;2274;1;1;57.817;1.000
oq?tqan;;;2274;1;1;57.817;1.000
oq?t?latu??n;;;2274;1;1;57.817;1.000
oq?t?ld?;;;2274;1;1;57.817;1.000
oq?wsh?;;;2274;1;1;57.817;1.000
oq?wsh?s?;;;2274;1;1;57.817;1.000
oq?y;;;2274;1;1;57.817;1.000
oq?ytu??nlard??;;;2274;1;1;57.817;1.000
oraylard??;;;2274;1;1;57.817;1.000
oraylasqan;;;2274;1;1;57.817;1.000
oray?n;;;2274;1;1;57.817;1.000
orda;;;2274;1;1;57.817;1.000
ordubad;;;2274;1;1;57.817;1.000
ordubodiydi?;;;2274;1;1;57.817;1.000
orenburgta??;;;2274;1;1;57.817;1.000
organ;;;2274;1;1;57.817;1.000
organellalar;;;2274;1;1;57.817;1.000
organikal?q;;;2274;1;1;57.817;1.000
organizmdi;;;2274;1;1;57.817;1.000
organizmlerde;;;2274;1;1;57.817;1.000
organizmlerden;;;2274;1;1;57.817;1.000
organizmlerge;;;2274;1;1;57.817;1.000
organizmni?;;;2274;1;1;57.817;1.000
organlard?;;;2274;1;1;57.817;1.000
organlar?nan;;;2274;1;1;57.817;1.000
organlar??;;;2274;1;1;57.817;1.000
organoidlar;;;2274;1;1;57.817;1.000
organoidlar?;;;2274;1;1;57.817;1.000
ormanzar?;;;2274;1;1;57.817;1.000
ornalasqan;;;2274;1;1;57.817;1.000
ornalast?;;;2274;1;1;57.817;1.000
ornamas?n;;;2274;1;1;57.817;1.000
ornatqan;;;2274;1;1;57.817;1.000
ornat?ld?;;;2274;1;1;57.817;1.000
ornat?w?a;;;2274;1;1;57.817;1.000
ornaw?;;;2274;1;1;57.817;1.000
ornitologiya;;;2274;1;1;57.817;1.000
orn?;;;2274;1;1;57.817;1.000
orn?n;;;2274;1;1;57.817;1.000
orn?nda;;;2274;1;1;57.817;1.000
ortalar?;;;2274;1;1;57.817;1.000
ortalar?nda;;;2274;1;1;57.817;1.000
ortal?qqa;;;2274;1;1;57.817;1.000
ortal?qta;;;2274;1;1;57.817;1.000
ortal???nda;;;2274;1;1;57.817;1.000
ortas?nda;;;2274;1;1;57.817;1.000
ortas?nda??;;;2274;1;1;57.817;1.000
or?nda;;;2274;1;1;57.817;1.000
or?nlan?w?;;;2274;1;1;57.817;1.000
or?nlar?;;;2274;1;1;57.817;1.000
or?nlar?nda;;;2274;1;1;57.817;1.000
or?nlaw;;;2274;1;1;57.817;1.000
or?nlaw?a;;;2274;1;1;57.817;1.000
or?nlayd?;;;2274;1;1;57.817;1.000
or?ns?z;;;2274;1;1;57.817;1.000
or?ssha;;;2274;1;1;57.817;1.000
osetr;;;2274;1;1;57.817;1.000
osmanl?;;;2274;1;1;57.817;1.000
ostrovskiydi?;;;2274;1;1;57.817;1.000
otlaq;;;2274;1;1;57.817;1.000
otlaqlar?;;;2274;1;1;57.817;1.000
ot?rad?;;;2274;1;1;57.817;1.000
ot?r?p;;;2274;1;1;57.817;1.000
ot?r?spa;;;2274;1;1;57.817;1.000
ot?r?spas?nda;;;2274;1;1;57.817;1.000
ot?r?wsh?l???;;;2274;1;1;57.817;1.000
ot?zda;;;2274;1;1;57.817;1.000
oyansa;;;2274;1;1;57.817;1.000
oyan?p;;;2274;1;1;57.817;1.000
oyd??;;;2274;1;1;57.817;1.000
oylana;;;2274;1;1;57.817;1.000
oylar?;;;2274;1;1;57.817;1.000
oynaw;;;2274;1;1;57.817;1.000
oynaw?na;;;2274;1;1;57.817;1.000
oyna?an;;;2274;1;1;57.817;1.000
oypatl???;;;2274;1;1;57.817;1.000
oypatl???nan;;;2274;1;1;57.817;1.000
oypatl???n??;;;2274;1;1;57.817;1.000
oysh?l;;;2274;1;1;57.817;1.000
oy?;;;2274;1;1;57.817;1.000
oy?nlar;;;2274;1;1;57.817;1.000
oy?nlar?n;;;2274;1;1;57.817;1.000
oy?nlar?nda;;;2274;1;1;57.817;1.000
oy?nsha;;;2274;1;1;57.817;1.000
oy?n?;;;2274;1;1;57.817;1.000
oy?n?n;;;2274;1;1;57.817;1.000
ozan?;;;2274;1;1;57.817;1.000
ozodlik;;;2274;1;1;57.817;1.000
o?;;;2274;1;1;57.817;1.000
o??st?rmayd?;;;2274;1;1;57.817;1.000
o?l?;;;2274;1;1;57.817;1.000
o?uzlar;;;2274;1;1;57.817;1.000
paketi;;;2274;1;1;57.817;1.000
pakistan;;;2274;1;1;57.817;1.000
paleolit;;;2274;1;1;57.817;1.000
paleontologiya;;;2274;1;1;57.817;1.000
palmer;;;2274;1;1;57.817;1.000
palwan;;;2274;1;1;57.817;1.000
pal?z;;;2274;1;1;57.817;1.000
pamukkale;;;2274;1;1;57.817;1.000
panj;;;2274;1;1;57.817;1.000
parasats?z;;;2274;1;1;57.817;1.000
paraxat;;;2274;1;1;57.817;1.000
paraxatsh?l?qt??;;;2274;1;1;57.817;1.000
paraxatsh?l???;;;2274;1;1;57.817;1.000
parazit;;;2274;1;1;57.817;1.000
parijge;;;2274;1;1;57.817;1.000
parlament;;;2274;1;1;57.817;1.000
paromi;;;2274;1;1;57.817;1.000
parq?;;;2274;1;1;57.817;1.000
pars?lar;;;2274;1;1;57.817;1.000
partiyalar?;;;2274;1;1;57.817;1.000
patent;;;2274;1;1;57.817;1.000
patriotizm;;;2274;1;1;57.817;1.000
patshadan;;;2274;1;1;57.817;1.000
patshal?q;;;2274;1;1;57.817;1.000
patshan?;;;2274;1;1;57.817;1.000
patsha?a;;;2274;1;1;57.817;1.000
paxta;;;2274;1;1;57.817;1.000
paxtash?l?q;;;2274;1;1;57.817;1.000
paydalanad?;;;2274;1;1;57.817;1.000
paydalan?ld?;;;2274;1;1;57.817;1.000
paydalan?l?an;;;2274;1;1;57.817;1.000
paydalan?p;;;2274;1;1;57.817;1.000
paydas?n;;;2274;1;1;57.817;1.000
paykar;;;2274;1;1;57.817;1.000
payt;;;2274;1;1;57.817;1.000
paytaxtlar;;;2274;1;1;57.817;1.000
pay?ambar;;;2274;1;1;57.817;1.000
pedinstitut?n??;;;2274;1;1;57.817;1.000
pen;;;2274;1;1;57.817;1.000
persidler;;;2274;1;1;57.817;1.000
personajd??;;;2274;1;1;57.817;1.000
perzenti;;;2274;1;1;57.817;1.000
pesas?;;;2274;1;1;57.817;1.000
pesheneli;;;2274;1;1;57.817;1.000
peterburg;;;2274;1;1;57.817;1.000
peterburgtan;;;2274;1;1;57.817;1.000
pifagor;;;2274;1;1;57.817;1.000
pikal?;;;2274;1;1;57.817;1.000
pikirinen;;;2274;1;1;57.817;1.000
pikirli;;;2274;1;1;57.817;1.000
pil;;;2274;1;1;57.817;1.000
pingvin;;;2274;1;1;57.817;1.000
pishken;;;2274;1;1;57.817;1.000
pitimge;;;2274;1;1;57.817;1.000
pitken;;;2274;1;1;57.817;1.000
pitkergen;;;2274;1;1;57.817;1.000
pitkergennen;;;2274;1;1;57.817;1.000
pitkeriwine;;;2274;1;1;57.817;1.000
pitkermegen;;;2274;1;1;57.817;1.000
place;;;2274;1;1;57.817;1.000
plakat;;;2274;1;1;57.817;1.000
planetada;;;2274;1;1;57.817;1.000
platon;;;2274;1;1;57.817;1.000
poema;;;2274;1;1;57.817;1.000
poemalar;;;2274;1;1;57.817;1.000
poeziyan??;;;2274;1;1;57.817;1.000
poeziyas?n;;;2274;1;1;57.817;1.000
poeziya?a;;;2274;1;1;57.817;1.000
polat;;;2274;1;1;57.817;1.000
politexnika;;;2274;1;1;57.817;1.000
politsiya;;;2274;1;1;57.817;1.000
polo;;;2274;1;1;57.817;1.000
polyuste;;;2274;1;1;57.817;1.000
pomestieine;;;2274;1;1;57.817;1.000
port?;;;2274;1;1;57.817;1.000
poselkas?nda;;;2274;1;1;57.817;1.000
poziciyas?;;;2274;1;1;57.817;1.000
pozitsiyalard?;;;2274;1;1;57.817;1.000
prakritalar;;;2274;1;1;57.817;1.000
praktika;;;2274;1;1;57.817;1.000
predmetler;;;2274;1;1;57.817;1.000
premyeras?;;;2274;1;1;57.817;1.000
prezident;;;2274;1;1;57.817;1.000
priborlar;;;2274;1;1;57.817;1.000
primatologiya;;;2274;1;1;57.817;1.000
principi;;;2274;1;1;57.817;1.000
problemalar?;;;2274;1;1;57.817;1.000
procentten;;;2274;1;1;57.817;1.000
procesinde;;;2274;1;1;57.817;1.000
proceste;;;2274;1;1;57.817;1.000
prof;;;2274;1;1;57.817;1.000
progressiv;;;2274;1;1;57.817;1.000
prokat?;;;2274;1;1;57.817;1.000
proteomika;;;2274;1;1;57.817;1.000
protsecleri;;;2274;1;1;57.817;1.000
proza;;;2274;1;1;57.817;1.000
pskovqa;;;2274;1;1;57.817;1.000
ptolomey;;;2274;1;1;57.817;1.000
puflama;;;2274;1;1;57.817;1.000
punkti;;;2274;1;1;57.817;1.000
puqaralard?;;;2274;1;1;57.817;1.000
puqaras?;;;2274;1;1;57.817;1.000
puqaras?na;;;2274;1;1;57.817;1.000
pushkindi;;;2274;1;1;57.817;1.000
putal?qlar;;;2274;1;1;57.817;1.000
putin;;;2274;1;1;57.817;1.000
putkil;;;2274;1;1;57.817;1.000
pyotr;;;2274;1;1;57.817;1.000
pyotrd??;;;2274;1;1;57.817;1.000
pyotrge;;;2274;1;1;57.817;1.000
pyotr?a;;;2274;1;1;57.817;1.000
p?nge;;;2274;1;1;57.817;1.000
p?nje;;;2274;1;1;57.817;1.000
p?njesine;;;2274;1;1;57.817;1.000
p?nler;;;2274;1;1;57.817;1.000
p?riy;;;2274;1;1;57.817;1.000
p?s;;;2274;1;1;57.817;1.000
p?t;;;2274;1;1;57.817;1.000
p?tini;;;2274;1;1;57.817;1.000
p?tk?l;;;2274;1;1;57.817;1.000
p?sh?qt??;;;2274;1;1;57.817;1.000
qabala;;;2274;1;1;57.817;1.000
qabilov;;;2274;1;1;57.817;1.000
qab?llad?;;;2274;1;1;57.817;1.000
qab?lland?;;;2274;1;1;57.817;1.000
qab?llayd?;;;2274;1;1;57.817;1.000
qadim;;;2274;1;1;57.817;1.000
qaharamanlar?nan;;;2274;1;1;57.817;1.000
qaharman?;;;2274;1;1;57.817;1.000
qalalar?n;;;2274;1;1;57.817;1.000
qalalar?nan;;;2274;1;1;57.817;1.000
qalalar?nda;;;2274;1;1;57.817;1.000
qalasa?;;;2274;1;1;57.817;1.000
qalashas?n??;;;2274;1;1;57.817;1.000
qalasha?a;;;2274;1;1;57.817;1.000
qald?q;;;2274;1;1;57.817;1.000
qald?qlar?n??;;;2274;1;1;57.817;1.000
qald?ra;;;2274;1;1;57.817;1.000
qald?r?w?a;;;2274;1;1;57.817;1.000
qald???;;;2274;1;1;57.817;1.000
qalgan;;;2274;1;1;57.817;1.000
qalila;;;2274;1;1;57.817;1.000
qalpaq;;;2274;1;1;57.817;1.000
qalsa;;;2274;1;1;57.817;1.000
qal?wd??;;;2274;1;1;57.817;1.000
qal??;;;2274;1;1;57.817;1.000
qal??l???n;;;2274;1;1;57.817;1.000
qambar;;;2274;1;1;57.817;1.000
qamsh?lar;;;2274;1;1;57.817;1.000
qanaatland?ra;;;2274;1;1;57.817;1.000
qandayda;;;2274;1;1;57.817;1.000
qandayd?;;;2274;1;1;57.817;1.000
qand?;;;2274;1;1;57.817;1.000
qanjar;;;2274;1;1;57.817;1.000
qanl?k?l;;;2274;1;1;57.817;1.000
qanl?k?lde;;;2274;1;1;57.817;1.000
qanshelli;;;2274;1;1;57.817;1.000
qapalan?an;;;2274;1;1;57.817;1.000
qaplan;;;2274;1;1;57.817;1.000
qapla?an;;;2274;1;1;57.817;1.000
qar;;;2274;1;1;57.817;1.000
qarabaqta??;;;2274;1;1;57.817;1.000
qarabaxanalar?;;;2274;1;1;57.817;1.000
qaraba?iy;;;2274;1;1;57.817;1.000
qaraev;;;2274;1;1;57.817;1.000
qaralad?;;;2274;1;1;57.817;1.000
qaralatu??n;;;2274;1;1;57.817;1.000
qaramal;;;2274;1;1;57.817;1.000
qaran?;;;2274;1;1;57.817;1.000
qaran??;;;2274;1;1;57.817;1.000
qaran??l?q;;;2274;1;1;57.817;1.000
qaraqalpaqfilm;;;2274;1;1;57.817;1.000
qaraqalpaqlarda??;;;2274;1;1;57.817;1.000
qaraqalpaqsha;;;2274;1;1;57.817;1.000
qaraqalpaqsha?a;;;2274;1;1;57.817;1.000
qaraqalpaqstan?;;;2274;1;1;57.817;1.000
qaraqalpaqtad?;;;2274;1;1;57.817;1.000
qaraqalpaqt??;;;2274;1;1;57.817;1.000
qaraqsh?l?qqa;;;2274;1;1;57.817;1.000
qaraqum;;;2274;1;1;57.817;1.000
qarar?;;;2274;1;1;57.817;1.000
qaraslar?nda;;;2274;1;1;57.817;1.000
qarasta;;;2274;1;1;57.817;1.000
qaratad?;;;2274;1;1;57.817;1.000
qarat?l?an;;;2274;1;1;57.817;1.000
qaraw?a;;;2274;1;1;57.817;1.000
qara?;;;2274;1;1;57.817;1.000
qara??z;;;2274;1;1;57.817;1.000
qardaral?;;;2274;1;1;57.817;1.000
qarj?land?r?wd??;;;2274;1;1;57.817;1.000
qarj?lar?na;;;2274;1;1;57.817;1.000
qarqara;;;2274;1;1;57.817;1.000
qars?l?qlard?;;;2274;1;1;57.817;1.000
qartay?an;;;2274;1;1;57.817;1.000
qartay?anda;;;2274;1;1;57.817;1.000
qartay?anl?q;;;2274;1;1;57.817;1.000
qar?m;;;2274;1;1;57.817;1.000
qasas;;;2274;1;1;57.817;1.000
qashan;;;2274;1;1;57.817;1.000
qasl?;;;2274;1;1;57.817;1.000
qas?nda;;;2274;1;1;57.817;1.000
qatall?q;;;2274;1;1;57.817;1.000
qatardan;;;2274;1;1;57.817;1.000
qatar?nda;;;2274;1;1;57.817;1.000
qatar??nan;;;2274;1;1;57.817;1.000
qatar?a;;;2274;1;1;57.817;1.000
qatlam;;;2274;1;1;57.817;1.000
qatlaml?;;;2274;1;1;57.817;1.000
qatnap;;;2274;1;1;57.817;1.000
qatnasa;;;2274;1;1;57.817;1.000
qatnaslard??;;;2274;1;1;57.817;1.000
qatnaslar?n;;;2274;1;1;57.817;1.000
qatnaspa?an?n;;;2274;1;1;57.817;1.000
qatnasta;;;2274;1;1;57.817;1.000
qatnast?;;;2274;1;1;57.817;1.000
qatnas?n;;;2274;1;1;57.817;1.000
qatnas?qlar?n;;;2274;1;1;57.817;1.000
qatnas?qta;;;2274;1;1;57.817;1.000
qatnas?w;;;2274;1;1;57.817;1.000
qatnas?wsh?lar?;;;2274;1;1;57.817;1.000
qatnas?wsh?s?;;;2274;1;1;57.817;1.000
qatnas?w?n;;;2274;1;1;57.817;1.000
qatnayd?;;;2274;1;1;57.817;1.000
qatran;;;2274;1;1;57.817;1.000
qavus;;;2274;1;1;57.817;1.000
qavustan;;;2274;1;1;57.817;1.000
qaw?n;;;2274;1;1;57.817;1.000
qaynana;;;2274;1;1;57.817;1.000
qays;;;2274;1;1;57.817;1.000
qaytadan;;;2274;1;1;57.817;1.000
qaytalayd?;;;2274;1;1;57.817;1.000
qaytarmaw;;;2274;1;1;57.817;1.000
qaytar?w;;;2274;1;1;57.817;1.000
qaytar?w???z;;;2274;1;1;57.817;1.000
qaytpaw?;;;2274;1;1;57.817;1.000
qaytqan;;;2274;1;1;57.817;1.000
qay?q;;;2274;1;1;57.817;1.000
qay?qlarda;;;2274;1;1;57.817;1.000
qay?s;;;2274;1;1;57.817;1.000
qaza;;;2274;1;1;57.817;1.000
qazaqd?rya;;;2274;1;1;57.817;1.000
qazaqlar;;;2274;1;1;57.817;1.000
qazaqstanda??;;;2274;1;1;57.817;1.000
qazaqt??;;;2274;1;1;57.817;1.000
qaz?;;;2274;1;1;57.817;1.000
qaz?lar?nan;;;2274;1;1;57.817;1.000
qaz?lmalar?;;;2274;1;1;57.817;1.000
qa?azd??;;;2274;1;1;57.817;1.000
qa?az?a;;;2274;1;1;57.817;1.000
qa??pt?;;;2274;1;1;57.817;1.000
qa??ydalar?;;;2274;1;1;57.817;1.000
qisletinen;;;2274;1;1;57.817;1.000
qiz;;;2274;1;1;57.817;1.000
qizi;;;2274;1;1;57.817;1.000
qobustan;;;2274;1;1;57.817;1.000
qojar;;;2274;1;1;57.817;1.000
qojban;;;2274;1;1;57.817;1.000
qolay?a;;;2274;1;1;57.817;1.000
qoljazbalar;;;2274;1;1;57.817;1.000
qoljazbalar?n;;;2274;1;1;57.817;1.000
qoljazbalar?n??;;;2274;1;1;57.817;1.000
qollanba;;;2274;1;1;57.817;1.000
qollanba?an;;;2274;1;1;57.817;1.000
qollan?l?an;;;2274;1;1;57.817;1.000
qollap;;;2274;1;1;57.817;1.000
qollasa;;;2274;1;1;57.817;1.000
qolt?qlar?;;;2274;1;1;57.817;1.000
qolt?qshas?;;;2274;1;1;57.817;1.000
qol?;;;2274;1;1;57.817;1.000
qol?m;;;2274;1;1;57.817;1.000
qol?n;;;2274;1;1;57.817;1.000
qol??;;;2274;1;1;57.817;1.000
qol??a;;;2274;1;1;57.817;1.000
qol???zd?;;;2274;1;1;57.817;1.000
qonaqta;;;2274;1;1;57.817;1.000
qon?ml?;;;2274;1;1;57.817;1.000
qorazlardan;;;2274;1;1;57.817;1.000
qoriyeva;;;2274;1;1;57.817;1.000
qorlar?nan;;;2274;1;1;57.817;1.000
qorqaql?q;;;2274;1;1;57.817;1.000
qorq?p;;;2274;1;1;57.817;1.000
qorsha?an;;;2274;1;1;57.817;1.000
qor?nda;;;2274;1;1;57.817;1.000
qor?qxanalar;;;2274;1;1;57.817;1.000
qor?anlard??;;;2274;1;1;57.817;1.000
qor?aw;;;2274;1;1;57.817;1.000
qor?awsh?;;;2274;1;1;57.817;1.000
qor?aw?;;;2274;1;1;57.817;1.000
qor?aw?a;;;2274;1;1;57.817;1.000
qos;;;2274;1;1;57.817;1.000
qoshqarbay;;;2274;1;1;57.817;1.000
qoshqarbayd??;;;2274;1;1;57.817;1.000
qosim;;;2274;1;1;57.817;1.000
qosjetpes;;;2274;1;1;57.817;1.000
qosqan?;;;2274;1;1;57.817;1.000
qossa;;;2274;1;1;57.817;1.000
qostam?al?;;;2274;1;1;57.817;1.000
qost?;;;2274;1;1;57.817;1.000
qos?ld?;;;2274;1;1;57.817;1.000
qos?lsa;;;2274;1;1;57.817;1.000
qos?l?an;;;2274;1;1;57.817;1.000
qos?l?an?n;;;2274;1;1;57.817;1.000
qos?qlardan;;;2274;1;1;57.817;1.000
qos?qlard?;;;2274;1;1;57.817;1.000
qos?qlar?na;;;2274;1;1;57.817;1.000
qos?qlar?nda??day;;;2274;1;1;57.817;1.000
qos?qlar?n?n;;;2274;1;1;57.817;1.000
qos?qqa;;;2274;1;1;57.817;1.000
qos?qsh?;;;2274;1;1;57.817;1.000
qos?qsh?lard??;;;2274;1;1;57.817;1.000
qos?qta;;;2274;1;1;57.817;1.000
qos?qt??;;;2274;1;1;57.817;1.000
qos???nan;;;2274;1;1;57.817;1.000
qoya;;;2274;1;1;57.817;1.000
qoyad?;;;2274;1;1;57.817;1.000
qoyd?;;;2274;1;1;57.817;1.000
qoymad?;;;2274;1;1;57.817;1.000
qoy?lmalar;;;2274;1;1;57.817;1.000
qoy?lmas?n;;;2274;1;1;57.817;1.000
qoy?l?an;;;2274;1;1;57.817;1.000
qoy?msh?l???;;;2274;1;1;57.817;1.000
qoy?msh?l???na;;;2274;1;1;57.817;1.000
qoy?w;;;2274;1;1;57.817;1.000
qoz?ala??na;;;2274;1;1;57.817;1.000
qoz?alt?w?n;;;2274;1;1;57.817;1.000
qo?s?las;;;2274;1;1;57.817;1.000
qo??ratta;;;2274;1;1;57.817;1.000
qublas?;;;2274;1;1;57.817;1.000
qublas?nda;;;2274;1;1;57.817;1.000
qublas?nda??;;;2274;1;1;57.817;1.000
quda;;;2274;1;1;57.817;1.000
qudasha;;;2274;1;1;57.817;1.000
qudayd??;;;2274;1;1;57.817;1.000
qudaylar?a;;;2274;1;1;57.817;1.000
qudaytalan??;;;2274;1;1;57.817;1.000
qulan;;;2274;1;1;57.817;1.000
quld?;;;2274;1;1;57.817;1.000
qullard??;;;2274;1;1;57.817;1.000
qulq?nda??;;;2274;1;1;57.817;1.000
qul?q;;;2274;1;1;57.817;1.000
qum;;;2274;1;1;57.817;1.000
quml?;;;2274;1;1;57.817;1.000
qum?a;;;2274;1;1;57.817;1.000
qun;;;2274;1;1;57.817;1.000
qunl?;;;2274;1;1;57.817;1.000
qunl?l???;;;2274;1;1;57.817;1.000
qunl???n;;;2274;1;1;57.817;1.000
qun?n;;;2274;1;1;57.817;1.000
quralad?;;;2274;1;1;57.817;1.000
quralland?r?w;;;2274;1;1;57.817;1.000
qurallard??;;;2274;1;1;57.817;1.000
qurallar?n;;;2274;1;1;57.817;1.000
qurals?zland?r?l?anl???;;;2274;1;1;57.817;1.000
quran;;;2274;1;1;57.817;1.000
quraq?m;;;2274;1;1;57.817;1.000
qurasat?r?l?w?;;;2274;1;1;57.817;1.000
qurast?r?l?an;;;2274;1;1;57.817;1.000
qurast?r?wd??;;;2274;1;1;57.817;1.000
quraw?;;;2274;1;1;57.817;1.000
qurbanbay;;;2274;1;1;57.817;1.000
qurbaniy;;;2274;1;1;57.817;1.000
qurbanl?q;;;2274;1;1;57.817;1.000
qurbanov;;;2274;1;1;57.817;1.000
qurbonov;;;2274;1;1;57.817;1.000
qur?lmalar;;;2274;1;1;57.817;1.000
qur?l?s;;;2274;1;1;57.817;1.000
qur?l?ssh?;;;2274;1;1;57.817;1.000
qur?l?sta;;;2274;1;1;57.817;1.000
qur?l?s?;;;2274;1;1;57.817;1.000
qur?l?s?n;;;2274;1;1;57.817;1.000
qur?w;;;2274;1;1;57.817;1.000
qur?aql?q;;;2274;1;1;57.817;1.000
qur?aqsh?l?q;;;2274;1;1;57.817;1.000
qur?aqsh?l?qtan;;;2274;1;1;57.817;1.000
qur?aw?;;;2274;1;1;57.817;1.000
qus?;;;2274;1;1;57.817;1.000
qutb;;;2274;1;1;57.817;1.000
qutqar?p;;;2274;1;1;57.817;1.000
qut?lad?;;;2274;1;1;57.817;1.000
qut?l?p;;;2274;1;1;57.817;1.000
qut?l?w?;;;2274;1;1;57.817;1.000
quwalap;;;2274;1;1;57.817;1.000
quwan;;;2274;1;1;57.817;1.000
quwand?ryan??;;;2274;1;1;57.817;1.000
quwan?sht?;;;2274;1;1;57.817;1.000
quwatlayd?;;;2274;1;1;57.817;1.000
quwat?n;;;2274;1;1;57.817;1.000
quwl?;;;2274;1;1;57.817;1.000
quws?r?q;;;2274;1;1;57.817;1.000
quw?l?p;;;2274;1;1;57.817;1.000
quw?p;;;2274;1;1;57.817;1.000
quyad?;;;2274;1;1;57.817;1.000
quyasht??;;;2274;1;1;57.817;1.000
quymay;;;2274;1;1;57.817;1.000
quy?p;;;2274;1;1;57.817;1.000
quy?w?n;;;2274;1;1;57.817;1.000
q?biri;;;2274;1;1;57.817;1.000
q?diri;;;2274;1;1;57.817;1.000
q?dirimbet;;;2274;1;1;57.817;1.000
q?dirli;;;2274;1;1;57.817;1.000
q?h?rli;;;2274;1;1;57.817;1.000
q?lem;;;2274;1;1;57.817;1.000
q?lemge;;;2274;1;1;57.817;1.000
q?lemine;;;2274;1;1;57.817;1.000
q?liplesedi;;;2274;1;1;57.817;1.000
q?liplesiwi;;;2274;1;1;57.817;1.000
q?llibek;;;2274;1;1;57.817;1.000
q?nigelerdi?;;;2274;1;1;57.817;1.000
q?rejetler;;;2274;1;1;57.817;1.000
q?rejetlerin;;;2274;1;1;57.817;1.000
q?siyetler;;;2274;1;1;57.817;1.000
q?siyetlerge;;;2274;1;1;57.817;1.000
q?siyetleri;;;2274;1;1;57.817;1.000
q?siyetlerine;;;2274;1;1;57.817;1.000
q?siyetlerinen;;;2274;1;1;57.817;1.000
q?te;;;2274;1;1;57.817;1.000
q?telespeymiz;;;2274;1;1;57.817;1.000
q?wim;;;2274;1;1;57.817;1.000
q?wimler;;;2274;1;1;57.817;1.000
q?wimleri;;;2274;1;1;57.817;1.000
q?wimlik;;;2274;1;1;57.817;1.000
q?wipsizligine;;;2274;1;1;57.817;1.000
q?wpi;;;2274;1;1;57.817;1.000
q?l;;;2274;1;1;57.817;1.000
q?la;;;2274;1;1;57.817;1.000
q?latu??n;;;2274;1;1;57.817;1.000
q?lma;;;2274;1;1;57.817;1.000
q?lmay;;;2274;1;1;57.817;1.000
q?lsa;;;2274;1;1;57.817;1.000
q?l?an;;;2274;1;1;57.817;1.000
q?pshaq;;;2274;1;1;57.817;1.000
q?r?mda;;;2274;1;1;57.817;1.000
q?r??zstan;;;2274;1;1;57.817;1.000
q?sqal?q;;;2274;1;1;57.817;1.000
q?sqart?w;;;2274;1;1;57.817;1.000
q?sqasha;;;2274;1;1;57.817;1.000
q?sqas?;;;2274;1;1;57.817;1.000
q?ssalard??;;;2274;1;1;57.817;1.000
q?ssalar?nan;;;2274;1;1;57.817;1.000
q?tayda;;;2274;1;1;57.817;1.000
q?yal?y;;;2274;1;1;57.817;1.000
q?yas;;;2274;1;1;57.817;1.000
q?ymayd?;;;2274;1;1;57.817;1.000
q?ynalad?;;;2274;1;1;57.817;1.000
q?ynal?wsh?l?q;;;2274;1;1;57.817;1.000
q?yrat?l?w?;;;2274;1;1;57.817;1.000
q?y?nlasad?;;;2274;1;1;57.817;1.000
q?y?nlas?w?na;;;2274;1;1;57.817;1.000
q?y?nsh?l?q;;;2274;1;1;57.817;1.000
q?y?nsh?l?qlar?n;;;2274;1;1;57.817;1.000
q?y?p;;;2274;1;1;57.817;1.000
q?zlard?;;;2274;1;1;57.817;1.000
q?zlar?nan;;;2274;1;1;57.817;1.000
q?zl?;;;2274;1;1;57.817;1.000
q?z?n;;;2274;1;1;57.817;1.000
q?z?n??;;;2274;1;1;57.817;1.000
q?z?qqan;;;2274;1;1;57.817;1.000
q?z??q?rap;;;2274;1;1;57.817;1.000
q?z?a;;;2274;1;1;57.817;1.000
rabiyan??;;;2274;1;1;57.817;1.000
rabochiy;;;2274;1;1;57.817;1.000
radio;;;2274;1;1;57.817;1.000
radioelektron;;;2274;1;1;57.817;1.000
radioesittiriw;;;2274;1;1;57.817;1.000
radioesittiriwi;;;2274;1;1;57.817;1.000
radios?;;;2274;1;1;57.817;1.000
radjasa;;;2274;1;1;57.817;1.000
rahim;;;2274;1;1;57.817;1.000
rahimov;;;2274;1;1;57.817;1.000
rasul;;;2274;1;1;57.817;1.000
ratsionall?q;;;2274;1;1;57.817;1.000
rawajlanad?;;;2274;1;1;57.817;1.000
rawajland?rd?;;;2274;1;1;57.817;1.000
rawajland?r?an;;;2274;1;1;57.817;1.000
raxsh;;;2274;1;1;57.817;1.000
raxsht?;;;2274;1;1;57.817;1.000
rayon;;;2274;1;1;57.817;1.000
rayonlar?na;;;2274;1;1;57.817;1.000
rayonlar?nda??;;;2274;1;1;57.817;1.000
rayon?nda??;;;2274;1;1;57.817;1.000
rayxan;;;2274;1;1;57.817;1.000
ray?na;;;2274;1;1;57.817;1.000
raz?;;;2274;1;1;57.817;1.000
real;;;2274;1;1;57.817;1.000
realist;;;2274;1;1;57.817;1.000
realizm;;;2274;1;1;57.817;1.000
reall?q;;;2274;1;1;57.817;1.000
reje;;;2274;1;1;57.817;1.000
rejelerden;;;2274;1;1;57.817;1.000
rejeni;;;2274;1;1;57.817;1.000
rejissyorlar;;;2274;1;1;57.817;1.000
rekonstruktsiyalaw;;;2274;1;1;57.817;1.000
repertuar?na;;;2274;1;1;57.817;1.000
repertuar?nda;;;2274;1;1;57.817;1.000
respublikada;;;2274;1;1;57.817;1.000
respublikal?q;;;2274;1;1;57.817;1.000
respublikam?zd??;;;2274;1;1;57.817;1.000
respublikas?nda;;;2274;1;1;57.817;1.000
resurslard?;;;2274;1;1;57.817;1.000
resurslar?n;;;2274;1;1;57.817;1.000
resurs?;;;2274;1;1;57.817;1.000
resurular?n;;;2274;1;1;57.817;1.000
retlestiriwshi;;;2274;1;1;57.817;1.000
reyimsiz;;;2274;1;1;57.817;1.000
right;;;2274;1;1;57.817;1.000
rigved?;;;2274;1;1;57.817;1.000
rintvedadan;;;2274;1;1;57.817;1.000
rituallar;;;2274;1;1;57.817;1.000
rituall?q;;;2274;1;1;57.817;1.000
rizayev;;;2274;1;1;57.817;1.000
rizo;;;2274;1;1;57.817;1.000
rizon??;;;2274;1;1;57.817;1.000
rizoquliev;;;2274;1;1;57.817;1.000
rodionovna;;;2274;1;1;57.817;1.000
romand?;;;2274;1;1;57.817;1.000
romanlar?na;;;2274;1;1;57.817;1.000
romantik;;;2274;1;1;57.817;1.000
roman?;;;2274;1;1;57.817;1.000
roman?n;;;2274;1;1;57.817;1.000
roman?nda;;;2274;1;1;57.817;1.000
rooseveltke;;;2274;1;1;57.817;1.000
rossiyada;;;2274;1;1;57.817;1.000
rossiyadan;;;2274;1;1;57.817;1.000
rossiyas?;;;2274;1;1;57.817;1.000
ruda;;;2274;1;1;57.817;1.000
rudas?;;;2274;1;1;57.817;1.000
ruhland?rd?;;;2274;1;1;57.817;1.000
ruslan;;;2274;1;1;57.817;1.000
ruslar;;;2274;1;1;57.817;1.000
rustamn??;;;2274;1;1;57.817;1.000
ruwlard??;;;2274;1;1;57.817;1.000
ruw?;;;2274;1;1;57.817;1.000
ruw?nan;;;2274;1;1;57.817;1.000
ruxsat;;;2274;1;1;57.817;1.000
ruxullo;;;2274;1;1;57.817;1.000
ruzvelt;;;2274;1;1;57.817;1.000
r?wiyatlar;;;2274;1;1;57.817;1.000
sabaqlar;;;2274;1;1;57.817;1.000
sabaqlar?;;;2274;1;1;57.817;1.000
sabir;;;2274;1;1;57.817;1.000
sabirdi?;;;2274;1;1;57.817;1.000
sab?rl?;;;2274;1;1;57.817;1.000
sab?rl?q;;;2274;1;1;57.817;1.000
sab?rl?qqa;;;2274;1;1;57.817;1.000
sab?rl?qt?;;;2274;1;1;57.817;1.000
sadaqatl?;;;2274;1;1;57.817;1.000
saddi;;;2274;1;1;57.817;1.000
safaliq;;;2274;1;1;57.817;1.000
safaviyler;;;2274;1;1;57.817;1.000
saib;;;2274;1;1;57.817;1.000
said;;;2274;1;1;57.817;1.000
sala;;;2274;1;1;57.817;1.000
salalar?n??;;;2274;1;1;57.817;1.000
salamatl?q;;;2274;1;1;57.817;1.000
salamn??;;;2274;1;1;57.817;1.000
salaxov;;;2274;1;1;57.817;1.000
sald?m;;;2274;1;1;57.817;1.000
salq?nraq;;;2274;1;1;57.817;1.000
saltanatl?;;;2274;1;1;57.817;1.000
saltanat?n;;;2274;1;1;57.817;1.000
salyani;;;2274;1;1;57.817;1.000
sal?;;;2274;1;1;57.817;1.000
sal?st?r?w;;;2274;1;1;57.817;1.000
sal?w;;;2274;1;1;57.817;1.000
sal?wsh?;;;2274;1;1;57.817;1.000
sal?an;;;2274;1;1;57.817;1.000
sal?anda;;;2274;1;1;57.817;1.000
samad;;;2274;1;1;57.817;1.000
samal;;;2274;1;1;57.817;1.000
samald??;;;2274;1;1;57.817;1.000
samal?n??;;;2274;1;1;57.817;1.000
samangan;;;2274;1;1;57.817;1.000
samaniyler;;;2274;1;1;57.817;1.000
samarqand;;;2274;1;1;57.817;1.000
samarqandl?;;;2274;1;1;57.817;1.000
samarqandqa;;;2274;1;1;57.817;1.000
samarqandta;;;2274;1;1;57.817;1.000
samarqandta??;;;2274;1;1;57.817;1.000
samaved?;;;2274;1;1;57.817;1.000
samiy;;;2274;1;1;57.817;1.000
samsar?;;;2274;1;1;57.817;1.000
samur;;;2274;1;1;57.817;1.000
samxitler;;;2274;1;1;57.817;1.000
sanaatt??;;;2274;1;1;57.817;1.000
sanaat?n??;;;2274;1;1;57.817;1.000
sanalad?;;;2274;1;1;57.817;1.000
sanal?an;;;2274;1;1;57.817;1.000
sana?an;;;2274;1;1;57.817;1.000
sankxya;;;2274;1;1;57.817;1.000
sankxyan??;;;2274;1;1;57.817;1.000
sanlar?;;;2274;1;1;57.817;1.000
san?n;;;2274;1;1;57.817;1.000
san?na;;;2274;1;1;57.817;1.000
san?n??;;;2274;1;1;57.817;1.000
sap;;;2274;1;1;57.817;1.000
saparda;;;2274;1;1;57.817;1.000
sapar?nan;;;2274;1;1;57.817;1.000
saplast?r?an;;;2274;1;1;57.817;1.000
saqlanbaqta;;;2274;1;1;57.817;1.000
saqlanbay;;;2274;1;1;57.817;1.000
saqlan?w?;;;2274;1;1;57.817;1.000
saqlan?w?na;;;2274;1;1;57.817;1.000
saqlap;;;2274;1;1;57.817;1.000
saqlaw;;;2274;1;1;57.817;1.000
saqlaw?a;;;2274;1;1;57.817;1.000
saqlayd?;;;2274;1;1;57.817;1.000
saq?w;;;2274;1;1;57.817;1.000
sara;;;2274;1;1;57.817;1.000
saraydan;;;2274;1;1;57.817;1.000
saraylar;;;2274;1;1;57.817;1.000
saray?na;;;2274;1;1;57.817;1.000
saray?nan;;;2274;1;1;57.817;1.000
saray?a;;;2274;1;1;57.817;1.000
sarioshuq;;;2274;1;1;57.817;1.000
sarivelli;;;2274;1;1;57.817;1.000
sarkadal?lar;;;2274;1;1;57.817;1.000
sarmat;;;2274;1;1;57.817;1.000
sarplan?an;;;2274;1;1;57.817;1.000
sar?;;;2274;1;1;57.817;1.000
sar?pla?an;;;2274;1;1;57.817;1.000
sar?qam?s;;;2274;1;1;57.817;1.000
sar?ayd?m;;;2274;1;1;57.817;1.000
satiral?q;;;2274;1;1;57.817;1.000
satirash?;;;2274;1;1;57.817;1.000
satira?a;;;2274;1;1;57.817;1.000
sattva;;;2274;1;1;57.817;1.000
sat?w?a;;;2274;1;1;57.817;1.000
saudiya;;;2274;1;1;57.817;1.000
savickiy;;;2274;1;1;57.817;1.000
sawash;;;2274;1;1;57.817;1.000
sawashqa;;;2274;1;1;57.817;1.000
sawat;;;2274;1;1;57.817;1.000
sawat?;;;2274;1;1;57.817;1.000
sawl???nan;;;2274;1;1;57.817;1.000
saw?p;;;2274;1;1;57.817;1.000
saw?a;;;2274;1;1;57.817;1.000
saxnalast?r?l?an;;;2274;1;1;57.817;1.000
saxna?a;;;2274;1;1;57.817;1.000
sayaxat;;;2274;1;1;57.817;1.000
sayaxatsh?;;;2274;1;1;57.817;1.000
sayaxatsh?lar;;;2274;1;1;57.817;1.000
sayaxatta;;;2274;1;1;57.817;1.000
sayd;;;2274;1;1;57.817;1.000
sayland?;;;2274;1;1;57.817;1.000
sayl???;;;2274;1;1;57.817;1.000
say?pov;;;2274;1;1;57.817;1.000
sazende;;;2274;1;1;57.817;1.000
saz?n;;;2274;1;1;57.817;1.000
schetlarda??;;;2274;1;1;57.817;1.000
sebebinen;;;2274;1;1;57.817;1.000
sebep;;;2274;1;1;57.817;1.000
sebeplerin;;;2274;1;1;57.817;1.000
sebepshisi;;;2274;1;1;57.817;1.000
segizinshi;;;2274;1;1;57.817;1.000
seidbeyli;;;2274;1;1;57.817;1.000
seksen;;;2274;1;1;57.817;1.000
selew;;;2274;1;1;57.817;1.000
selge;;;2274;1;1;57.817;1.000
seloda;;;2274;1;1;57.817;1.000
semey;;;2274;1;1;57.817;1.000
semid;;;2274;1;1;57.817;1.000
seplep;;;2274;1;1;57.817;1.000
ser;;;2274;1;1;57.817;1.000
serbaba;;;2274;1;1;57.817;1.000
sergeevich;;;2274;1;1;57.817;1.000
servis;;;2274;1;1;57.817;1.000
sesli;;;2274;1;1;57.817;1.000
sevil;;;2274;1;1;57.817;1.000
sevryuga;;;2274;1;1;57.817;1.000
seydal?n?n;;;2274;1;1;57.817;1.000
seydbeyli;;;2274;1;1;57.817;1.000
seziledi;;;2274;1;1;57.817;1.000
sezimine;;;2274;1;1;57.817;1.000
sezimler;;;2274;1;1;57.817;1.000
sezimlerdi;;;2274;1;1;57.817;1.000
sezimlik;;;2274;1;1;57.817;1.000
seziw;;;2274;1;1;57.817;1.000
seziwlerdi;;;2274;1;1;57.817;1.000
seziwshilik;;;2274;1;1;57.817;1.000
sezler;;;2274;1;1;57.817;1.000
shadim?lkti;;;2274;1;1;57.817;1.000
shadim?lkti?;;;2274;1;1;57.817;1.000
shahrux;;;2274;1;1;57.817;1.000
shaki;;;2274;1;1;57.817;1.000
shala;;;2274;1;1;57.817;1.000
shama;;;2274;1;1;57.817;1.000
shamalas?;;;2274;1;1;57.817;1.000
shamalaw?a;;;2274;1;1;57.817;1.000
shamas?nda;;;2274;1;1;57.817;1.000
shamshir;;;2274;1;1;57.817;1.000
shappat;;;2274;1;1;57.817;1.000
shaqqan;;;2274;1;1;57.817;1.000
shaq?rd?;;;2274;1;1;57.817;1.000
shaq?r?qt?;;;2274;1;1;57.817;1.000
shaq?r?n;;;2274;1;1;57.817;1.000
sharayatlarda;;;2274;1;1;57.817;1.000
shar?nda;;;2274;1;1;57.817;1.000
shar?n??;;;2274;1;1;57.817;1.000
shash?l?an;;;2274;1;1;57.817;1.000
shash?p;;;2274;1;1;57.817;1.000
shataq;;;2274;1;1;57.817;1.000
shauding;;;2274;1;1;57.817;1.000
shaxmat;;;2274;1;1;57.817;1.000
shaxnaman?;;;2274;1;1;57.817;1.000
shaxruq;;;2274;1;1;57.817;1.000
shaxs;;;2274;1;1;57.817;1.000
shaxs?nem;;;2274;1;1;57.817;1.000
shaxzada;;;2274;1;1;57.817;1.000
shaxzadalard??;;;2274;1;1;57.817;1.000
shaxzadalar?;;;2274;1;1;57.817;1.000
shaxzadalar?nan;;;2274;1;1;57.817;1.000
shay;;;2274;1;1;57.817;1.000
shay?;;;2274;1;1;57.817;1.000
shay?rlardan;;;2274;1;1;57.817;1.000
shay?rlard?;;;2274;1;1;57.817;1.000
shay?rlar?nan;;;2274;1;1;57.817;1.000
shay?rlar?nda;;;2274;1;1;57.817;1.000
shay?rl???;;;2274;1;1;57.817;1.000
shay?rnizami;;;2274;1;1;57.817;1.000
shay?rsh?l?q;;;2274;1;1;57.817;1.000
shay?rsh?l?qqa;;;2274;1;1;57.817;1.000
shay?rsh?l?qt?;;;2274;1;1;57.817;1.000
shay?r?n??;;;2274;1;1;57.817;1.000
sha?araqlar?;;;2274;1;1;57.817;1.000
sha?araqtan;;;2274;1;1;57.817;1.000
sha?ara??nda;;;2274;1;1;57.817;1.000
sha??na;;;2274;1;1;57.817;1.000
sha??nda;;;2274;1;1;57.817;1.000
shchusev;;;2274;1;1;57.817;1.000
sheberi;;;2274;1;1;57.817;1.000
sheberlerinen;;;2274;1;1;57.817;1.000
sheberlik;;;2274;1;1;57.817;1.000
shegara;;;2274;1;1;57.817;1.000
shegaralar?;;;2274;1;1;57.817;1.000
shegaralar?a;;;2274;1;1;57.817;1.000
shegiwden;;;2274;1;1;57.817;1.000
shegiwine;;;2274;1;1;57.817;1.000
sheki;;;2274;1;1;57.817;1.000
shekti;;;2274;1;1;57.817;1.000
shemaxa;;;2274;1;1;57.817;1.000
sheraziydi?;;;2274;1;1;57.817;1.000
shertip;;;2274;1;1;57.817;1.000
sher?az?;;;2274;1;1;57.817;1.000
sheshen;;;2274;1;1;57.817;1.000
sheshimine;;;2274;1;1;57.817;1.000
sheshimini?;;;2274;1;1;57.817;1.000
sheship;;;2274;1;1;57.817;1.000
sheshiwshi;;;2274;1;1;57.817;1.000
shetine;;;2274;1;1;57.817;1.000
shetletilip;;;2274;1;1;57.817;1.000
she?berini?;;;2274;1;1;57.817;1.000
shi;;;2274;1;1;57.817;1.000
shigarmalar?;;;2274;1;1;57.817;1.000
shigarmalar?nda;;;2274;1;1;57.817;1.000
shina;;;2274;1;1;57.817;1.000
shirkew;;;2274;1;1;57.817;1.000
shirvan;;;2274;1;1;57.817;1.000
shirvanshahlar;;;2274;1;1;57.817;1.000
shirwan;;;2274;1;1;57.817;1.000
shiyki;;;2274;1;1;57.817;1.000
shomanay;;;2274;1;1;57.817;1.000
shomilov;;;2274;1;1;57.817;1.000
shoqq?;;;2274;1;1;57.817;1.000
shoqq?lar?n??;;;2274;1;1;57.817;1.000
shoqq?s?;;;2274;1;1;57.817;1.000
shor;;;2274;1;1;57.817;1.000
shorlan?w?;;;2274;1;1;57.817;1.000
shoro;;;2274;1;1;57.817;1.000
shoshqa;;;2274;1;1;57.817;1.000
shri;;;2274;1;1;57.817;1.000
shumer;;;2274;1;1;57.817;1.000
shuq?r;;;2274;1;1;57.817;1.000
shushadagi;;;2274;1;1;57.817;1.000
shu??lland?;;;2274;1;1;57.817;1.000
shu??llan?lad?;;;2274;1;1;57.817;1.000
shu??llan?w?n;;;2274;1;1;57.817;1.000
shu??llan?an;;;2274;1;1;57.817;1.000
shveycariyada;;;2274;1;1;57.817;1.000
sh?kirtleri;;;2274;1;1;57.817;1.000
sh?kirttke;;;2274;1;1;57.817;1.000
sh?rt;;;2274;1;1;57.817;1.000
sh?rtler;;;2274;1;1;57.817;1.000
sh?rtleri;;;2274;1;1;57.817;1.000
sh?rtlerin;;;2274;1;1;57.817;1.000
sh?rtnamalar;;;2274;1;1;57.817;1.000
sh?rtnaman?;;;2274;1;1;57.817;1.000
sh?rtnamas?na;;;2274;1;1;57.817;1.000
sh?rwash?l?q;;;2274;1;1;57.817;1.000
sh?wketli;;;2274;1;1;57.817;1.000
sh?lde;;;2274;1;1;57.817;1.000
sh?listanl?qlard?;;;2274;1;1;57.817;1.000
sh?listanl?qt??;;;2274;1;1;57.817;1.000
sh?listanl???;;;2274;1;1;57.817;1.000
sh?listanl???n??;;;2274;1;1;57.817;1.000
sh?lkemi;;;2274;1;1;57.817;1.000
sh?lkemlerge;;;2274;1;1;57.817;1.000
sh?lkemlestirgende;;;2274;1;1;57.817;1.000
sh?lkemlestirilgen;;;2274;1;1;57.817;1.000
sh?lkemlestirilip;;;2274;1;1;57.817;1.000
sh?llerinde;;;2274;1;1;57.817;1.000
sh?lp?qt??;;;2274;1;1;57.817;1.000
sh?mbay;;;2274;1;1;57.817;1.000
sh?nj?r;;;2274;1;1;57.817;1.000
sh?nj?rma;;;2274;1;1;57.817;1.000
sh?nl?q;;;2274;1;1;57.817;1.000
sh?qan;;;2274;1;1;57.817;1.000
sh?qpayd?;;;2274;1;1;57.817;1.000
sh?qpa?an;;;2274;1;1;57.817;1.000
sh?qqanda;;;2274;1;1;57.817;1.000
sh?qqanlard?;;;2274;1;1;57.817;1.000
sh?qqanl???n;;;2274;1;1;57.817;1.000
sh?qsa?;;;2274;1;1;57.817;1.000
sh?raqqala;;;2274;1;1;57.817;1.000
sh?ray;;;2274;1;1;57.817;1.000
sh?ra??m;;;2274;1;1;57.817;1.000
sh??lard?;;;2274;1;1;57.817;1.000
sh??ar;;;2274;1;1;57.817;1.000
sh??ara;;;2274;1;1;57.817;1.000
sh??ard?;;;2274;1;1;57.817;1.000
sh??armadan;;;2274;1;1;57.817;1.000
sh??armalardan;;;2274;1;1;57.817;1.000
sh??armalard?;;;2274;1;1;57.817;1.000
sh??armalard??;;;2274;1;1;57.817;1.000
sh??arman??;;;2274;1;1;57.817;1.000
sh??armas?;;;2274;1;1;57.817;1.000
sh??armas?nda;;;2274;1;1;57.817;1.000
sh??ar?lad?;;;2274;1;1;57.817;1.000
sh??ar?ld?;;;2274;1;1;57.817;1.000
sh??ar?wd??;;;2274;1;1;57.817;1.000
sh??ar?wsh?;;;2274;1;1;57.817;1.000
sh??ar?anda;;;2274;1;1;57.817;1.000
sh??atu??nl???n;;;2274;1;1;57.817;1.000
sh??rmalar?n??;;;2274;1;1;57.817;1.000
sh???ld?;;;2274;1;1;57.817;1.000
sh???sta??;;;2274;1;1;57.817;1.000
sh???st??;;;2274;1;1;57.817;1.000
sh???w;;;2274;1;1;57.817;1.000
sh???w?;;;2274;1;1;57.817;1.000
sh???w?na;;;2274;1;1;57.817;1.000
sh???w?nan;;;2274;1;1;57.817;1.000
siltemeler;;;2274;1;1;57.817;1.000
simfoniyalar?;;;2274;1;1;57.817;1.000
sina;;;2274;1;1;57.817;1.000
singapur;;;2274;1;1;57.817;1.000
sintetikal?q;;;2274;1;1;57.817;1.000
sionizm;;;2274;1;1;57.817;1.000
siriya;;;2274;1;1;57.817;1.000
sistemadan;;;2274;1;1;57.817;1.000
sistemalard??;;;2274;1;1;57.817;1.000
sisteman?;;;2274;1;1;57.817;1.000
siyasat?;;;2274;1;1;57.817;1.000
siyrek;;;2274;1;1;57.817;1.000
sizde;;;2274;1;1;57.817;1.000
sizden;;;2274;1;1;57.817;1.000
sizge;;;2274;1;1;57.817;1.000
si?ip;;;2274;1;1;57.817;1.000
si?irgen;;;2274;1;1;57.817;1.000
skluptor;;;2274;1;1;57.817;1.000
socialistlik;;;2274;1;1;57.817;1.000
sociall?q;;;2274;1;1;57.817;1.000
soda;;;2274;1;1;57.817;1.000
sohilida;;;2274;1;1;57.817;1.000
sokrat;;;2274;1;1;57.817;1.000
son;;;2274;1;1;57.817;1.000
sondaym?z;;;2274;1;1;57.817;1.000
sonl?qtan;;;2274;1;1;57.817;1.000
sonl?qtanda;;;2274;1;1;57.817;1.000
sonshama;;;2274;1;1;57.817;1.000
soql???s?w;;;2274;1;1;57.817;1.000
soql???s?wlar;;;2274;1;1;57.817;1.000
soql???s?w?a;;;2274;1;1;57.817;1.000
soq?r;;;2274;1;1;57.817;1.000
sora;;;2274;1;1;57.817;1.000
sorawlard?;;;2274;1;1;57.817;1.000
sorawlar?nan;;;2274;1;1;57.817;1.000
sora?an;;;2274;1;1;57.817;1.000
sork?l;;;2274;1;1;57.817;1.000
sotsializm;;;2274;1;1;57.817;1.000
sozad?;;;2274;1;1;57.817;1.000
so??n;;;2274;1;1;57.817;1.000
so??nda;;;2274;1;1;57.817;1.000
sparta;;;2274;1;1;57.817;1.000
spektakllerdi;;;2274;1;1;57.817;1.000
spektakllerin;;;2274;1;1;57.817;1.000
spinoza;;;2274;1;1;57.817;1.000
sporal?lar;;;2274;1;1;57.817;1.000
sporoviklerini?;;;2274;1;1;57.817;1.000
sport;;;2274;1;1;57.817;1.000
ssr;;;2274;1;1;57.817;1.000
sssr;;;2274;1;1;57.817;1.000
stanciya;;;2274;1;1;57.817;1.000
stanciyalar?nda;;;2274;1;1;57.817;1.000
stanciyas?;;;2274;1;1;57.817;1.000
stanok;;;2274;1;1;57.817;1.000
strukturalar?na;;;2274;1;1;57.817;1.000
strukturas?;;;2274;1;1;57.817;1.000
strukturas?n;;;2274;1;1;57.817;1.000
subalp;;;2274;1;1;57.817;1.000
subektlerine;;;2274;1;1;57.817;1.000
substantsiyan?;;;2274;1;1;57.817;1.000
suddxartxa;;;2274;1;1;57.817;1.000
suez;;;2274;1;1;57.817;1.000
sufiy;;;2274;1;1;57.817;1.000
suhrabt?;;;2274;1;1;57.817;1.000
sulayman;;;2274;1;1;57.817;1.000
sultan?n??;;;2274;1;1;57.817;1.000
sul?w;;;2274;1;1;57.817;1.000
sul?wl?q;;;2274;1;1;57.817;1.000
sumgaitta??;;;2274;1;1;57.817;1.000
summas?;;;2274;1;1;57.817;1.000
surnay;;;2274;1;1;57.817;1.000
suvereniteti?;;;2274;1;1;57.817;1.000
suwretke;;;2274;1;1;57.817;1.000
suw?ar?latu??n;;;2274;1;1;57.817;1.000
suxrab;;;2274;1;1;57.817;1.000
suxravardiy;;;2274;1;1;57.817;1.000
svetlov;;;2274;1;1;57.817;1.000
syujet;;;2274;1;1;57.817;1.000
syujetler;;;2274;1;1;57.817;1.000
syujetleri;;;2274;1;1;57.817;1.000
s?l;;;2274;1;1;57.817;1.000
s?lem;;;2274;1;1;57.817;1.000
s?lemberdik;;;2274;1;1;57.817;1.000
s?lemi?di;;;2274;1;1;57.817;1.000
s?tli;;;2274;1;1;57.817;1.000
s?wlelendirdi;;;2274;1;1;57.817;1.000
s?wlelendiredi;;;2274;1;1;57.817;1.000
s?wlelendirgen;;;2274;1;1;57.817;1.000
s?wlelendirilgen;;;2274;1;1;57.817;1.000
s?wlelengen;;;2274;1;1;57.817;1.000
s??girbay;;;2274;1;1;57.817;1.000
s?ngen;;;2274;1;1;57.817;1.000
s?yle;;;2274;1;1;57.817;1.000
s?ylegendegi;;;2274;1;1;57.817;1.000
s?ylep;;;2274;1;1;57.817;1.000
s?ylese;;;2274;1;1;57.817;1.000
s?ylesiw;;;2274;1;1;57.817;1.000
s?ylesiwde;;;2274;1;1;57.817;1.000
s?ylesken;;;2274;1;1;57.817;1.000
s?ylew;;;2274;1;1;57.817;1.000
s?zde;;;2274;1;1;57.817;1.000
s?zden;;;2274;1;1;57.817;1.000
s?zdi;;;2274;1;1;57.817;1.000
s?zini?;;;2274;1;1;57.817;1.000
s?zlerdi?;;;2274;1;1;57.817;1.000
s?zlikler;;;2274;1;1;57.817;1.000
s?zsiz;;;2274;1;1;57.817;1.000
s?yle;;;2274;1;1;57.817;1.000
s?rgin;;;2274;1;1;57.817;1.000
s?rginge;;;2274;1;1;57.817;1.000
s?rginnen;;;2274;1;1;57.817;1.000
s?rilgen;;;2274;1;1;57.817;1.000
s?rme;;;2274;1;1;57.817;1.000
s?t;;;2274;1;1;57.817;1.000
s?tke;;;2274;1;1;57.817;1.000
s?wreti;;;2274;1;1;57.817;1.000
s?wretlegen;;;2274;1;1;57.817;1.000
s?wretlemelerini?;;;2274;1;1;57.817;1.000
s?wretlengende;;;2274;1;1;57.817;1.000
s?wretleniw;;;2274;1;1;57.817;1.000
s?wretleniwin;;;2274;1;1;57.817;1.000
s?wretlerde;;;2274;1;1;57.817;1.000
s?wretleytu??n;;;2274;1;1;57.817;1.000
s?wretshilik;;;2274;1;1;57.817;1.000
s?yegi;;;2274;1;1;57.817;1.000
s?yekleri;;;2274;1;1;57.817;1.000
s?yeklerin;;;2274;1;1;57.817;1.000
s?yengende;;;2274;1;1;57.817;1.000
s?ygishlikke;;;2274;1;1;57.817;1.000
s?yip;;;2274;1;1;57.817;1.000
s?yiw;;;2274;1;1;57.817;1.000
s?yiwshilik;;;2274;1;1;57.817;1.000
s?ykelip;;;2274;1;1;57.817;1.000
s?ylin;;;2274;1;1;57.817;1.000
s?ymese;;;2274;1;1;57.817;1.000
s?ymesin;;;2274;1;1;57.817;1.000
s?;;;2274;1;1;57.817;1.000
s?nap;;;2274;1;1;57.817;1.000
s?naqtanda;;;2274;1;1;57.817;1.000
s?n?a;;;2274;1;1;57.817;1.000
s?patlamalard??;;;2274;1;1;57.817;1.000
s?patlamalar?na;;;2274;1;1;57.817;1.000
s?patlar;;;2274;1;1;57.817;1.000
s?patlar?a;;;2274;1;1;57.817;1.000
s?patl?;;;2274;1;1;57.817;1.000
s?pat?;;;2274;1;1;57.817;1.000
s?pat?nda??;;;2274;1;1;57.817;1.000
s?rd?ryan?;;;2274;1;1;57.817;1.000
s?rd?ryan??;;;2274;1;1;57.817;1.000
s?rt?nan;;;2274;1;1;57.817;1.000
s?yas?y;;;2274;1;1;57.817;1.000
s?ylas?q;;;2274;1;1;57.817;1.000
s?yl???n;;;2274;1;1;57.817;1.000
s?ymayd?;;;2274;1;1;57.817;1.000
s?ypalayd?;;;2274;1;1;57.817;1.000
s?y?n?wsh?lar?;;;2274;1;1;57.817;1.000
s?z?q;;;2274;1;1;57.817;1.000
s?z?qlar;;;2274;1;1;57.817;1.000
s?z?w;;;2274;1;1;57.817;1.000
s?z???n??;;;2274;1;1;57.817;1.000
s?z?an;;;2274;1;1;57.817;1.000
s?h;;;2274;1;1;57.817;1.000
ta;;;2274;1;1;57.817;1.000
tabatu??n;;;2274;1;1;57.817;1.000
tabriz;;;2274;1;1;57.817;1.000
tabrizdegi;;;2274;1;1;57.817;1.000
tab?lgan;;;2274;1;1;57.817;1.000
tab?lma?an;;;2274;1;1;57.817;1.000
tab?l?w?;;;2274;1;1;57.817;1.000
tab?sl?;;;2274;1;1;57.817;1.000
tab?w;;;2274;1;1;57.817;1.000
tab?w?;;;2274;1;1;57.817;1.000
tag?;;;2274;1;1;57.817;1.000
tailand;;;2274;1;1;57.817;1.000
taksonomiya;;;2274;1;1;57.817;1.000
talab?;;;2274;1;1;57.817;1.000
talad?;;;2274;1;1;57.817;1.000
talant;;;2274;1;1;57.817;1.000
talantl?l???;;;2274;1;1;57.817;1.000
talant?;;;2274;1;1;57.817;1.000
talant?n;;;2274;1;1;57.817;1.000
talan?an;;;2274;1;1;57.817;1.000
talapqa;;;2274;1;1;57.817;1.000
talas;;;2274;1;1;57.817;1.000
talasqan;;;2274;1;1;57.817;1.000
tallaw;;;2274;1;1;57.817;1.000
tal?qlayd?;;;2274;1;1;57.817;1.000
tamamlan?l?annan;;;2274;1;1;57.817;1.000
tamamlayd?;;;2274;1;1;57.817;1.000
tamamla?an;;;2274;1;1;57.817;1.000
tamamla?annan;;;2274;1;1;57.817;1.000
tamaq;;;2274;1;1;57.817;1.000
tamasa;;;2274;1;1;57.817;1.000
tamashag?yler;;;2274;1;1;57.817;1.000
tamashag?ylerge;;;2274;1;1;57.817;1.000
tamashalar;;;2274;1;1;57.817;1.000
tamashalar?;;;2274;1;1;57.817;1.000
tan;;;2274;1;1;57.817;1.000
tanaw;;;2274;1;1;57.817;1.000
tanday;;;2274;1;1;57.817;1.000
tanil?an;;;2274;1;1;57.817;1.000
tans?ql???;;;2274;1;1;57.817;1.000
tan?l?an;;;2274;1;1;57.817;1.000
tan?st?;;;2274;1;1;57.817;1.000
tan?st?rad?;;;2274;1;1;57.817;1.000
tan?st?r?w;;;2274;1;1;57.817;1.000
tan?st?r?w?a;;;2274;1;1;57.817;1.000
tan?st?r?anda;;;2274;1;1;57.817;1.000
tan?wsh?l?q;;;2274;1;1;57.817;1.000
tan?w?;;;2274;1;1;57.817;1.000
tan?w?nan;;;2274;1;1;57.817;1.000
tan?yt?w??n;;;2274;1;1;57.817;1.000
taps?r?ld?;;;2274;1;1;57.817;1.000
taqmaq;;;2274;1;1;57.817;1.000
taqmaqlar?na;;;2274;1;1;57.817;1.000
tar;;;2274;1;1;57.817;1.000
tarala;;;2274;1;1;57.817;1.000
taral?p;;;2274;1;1;57.817;1.000
taral?an;;;2274;1;1;57.817;1.000
tarawlard??;;;2274;1;1;57.817;1.000
tarawlar?nda??;;;2274;1;1;57.817;1.000
taraw?;;;2274;1;1;57.817;1.000
taraw?nda;;;2274;1;1;57.817;1.000
taraw?n??;;;2274;1;1;57.817;1.000
tarepinen;;;2274;1;1;57.817;1.000
tariyx;;;2274;1;1;57.817;1.000
tariyxiy;;;2274;1;1;57.817;1.000
tariyxqa;;;2274;1;1;57.817;1.000
tariyxsh?s?;;;2274;1;1;57.817;1.000
tariyxs?z;;;2274;1;1;57.817;1.000
tarmaqlar?;;;2274;1;1;57.817;1.000
tarmaqlar?nan;;;2274;1;1;57.817;1.000
tarmaqlar?a;;;2274;1;1;57.817;1.000
tarma??;;;2274;1;1;57.817;1.000
tarqad?;;;2274;1;1;57.817;1.000
tarqal?w?na;;;2274;1;1;57.817;1.000
tarqat?w;;;2274;1;1;57.817;1.000
tartarl?q;;;2274;1;1;57.817;1.000
tart?l?p;;;2274;1;1;57.817;1.000
tart?nba?an;;;2274;1;1;57.817;1.000
tart?slar;;;2274;1;1;57.817;1.000
tar?;;;2274;1;1;57.817;1.000
tar?ma;;;2274;1;1;57.817;1.000
tar?yx?;;;2274;1;1;57.817;1.000
tashaw?z;;;2274;1;1;57.817;1.000
tashkent;;;2274;1;1;57.817;1.000
tashkentte;;;2274;1;1;57.817;1.000
taslanad?;;;2274;1;1;57.817;1.000
taslan?annan;;;2274;1;1;57.817;1.000
taslap;;;2274;1;1;57.817;1.000
taslar;;;2274;1;1;57.817;1.000
taslasaq;;;2274;1;1;57.817;1.000
tasla?an;;;2274;1;1;57.817;1.000
tastan;;;2274;1;1;57.817;1.000
tast?yqlan?w?;;;2274;1;1;57.817;1.000
tast?y?qlawsh?;;;2274;1;1;57.817;1.000
tast?y?qlayd?;;;2274;1;1;57.817;1.000
tatar;;;2274;1;1;57.817;1.000
tatlar;;;2274;1;1;57.817;1.000
tawda;;;2274;1;1;57.817;1.000
tawd??;;;2274;1;1;57.817;1.000
tawlar;;;2274;1;1;57.817;1.000
tawlarda;;;2274;1;1;57.817;1.000
tawlar?in;;;2274;1;1;57.817;1.000
tawlar?na;;;2274;1;1;57.817;1.000
taws?lmaytu??n;;;2274;1;1;57.817;1.000
taw?nan;;;2274;1;1;57.817;1.000
taw?nda;;;2274;1;1;57.817;1.000
taxminan?xan?m;;;2274;1;1;57.817;1.000
taxtak?pir;;;2274;1;1;57.817;1.000
taxt?;;;2274;1;1;57.817;1.000
tayan?sh;;;2274;1;1;57.817;1.000
tayaq;;;2274;1;1;57.817;1.000
tayar;;;2274;1;1;57.817;1.000
tayarlanad?;;;2274;1;1;57.817;1.000
tayarlap;;;2274;1;1;57.817;1.000
tayarla?an;;;2274;1;1;57.817;1.000
taymasbek;;;2274;1;1;57.817;1.000
taypada??;;;2274;1;1;57.817;1.000
tayr;;;2274;1;1;57.817;1.000
taysh?xan?a;;;2274;1;1;57.817;1.000
tayvan;;;2274;1;1;57.817;1.000
tay?nlanad?;;;2274;1;1;57.817;1.000
tay?nlayd?;;;2274;1;1;57.817;1.000
tay?p;;;2274;1;1;57.817;1.000
tazalaw;;;2274;1;1;57.817;1.000
ta??soy;;;2274;1;1;57.817;1.000
ta?lamal?;;;2274;1;1;57.817;1.000
ta?lan?an;;;2274;1;1;57.817;1.000
tchaikovsky;;;2274;1;1;57.817;1.000
teatrda;;;2274;1;1;57.817;1.000
teatrlar;;;2274;1;1;57.817;1.000
teatrlar?nda;;;2274;1;1;57.817;1.000
tegis;;;2274;1;1;57.817;1.000
tegisliklerde;;;2274;1;1;57.817;1.000
teksere;;;2274;1;1;57.817;1.000
teksti;;;2274;1;1;57.817;1.000
tekstine;;;2274;1;1;57.817;1.000
telbe;;;2274;1;1;57.817;1.000
telek?rsetiw;;;2274;1;1;57.817;1.000
telek?rsetiwleri;;;2274;1;1;57.817;1.000
televidenie;;;2274;1;1;57.817;1.000
temalarda??;;;2274;1;1;57.817;1.000
temalard?;;;2274;1;1;57.817;1.000
temas?;;;2274;1;1;57.817;1.000
tematikal?q;;;2274;1;1;57.817;1.000
tema?a;;;2274;1;1;57.817;1.000
temirjol;;;2274;1;1;57.817;1.000
temirshinin;;;2274;1;1;57.817;1.000
temperaturas?;;;2274;1;1;57.817;1.000
temurdi?;;;2274;1;1;57.817;1.000
tendentsiya;;;2274;1;1;57.817;1.000
tendentsiyalar;;;2274;1;1;57.817;1.000
tentekti?;;;2274;1;1;57.817;1.000
teoriyalard?;;;2274;1;1;57.817;1.000
teoriyas?n??;;;2274;1;1;57.817;1.000
terbenbes;;;2274;1;1;57.817;1.000
tere?irek;;;2274;1;1;57.817;1.000
tere?irekten;;;2274;1;1;57.817;1.000
tere?ligi;;;2274;1;1;57.817;1.000
tere?likten;;;2274;1;1;57.817;1.000
tergen;;;2274;1;1;57.817;1.000
terisi;;;2274;1;1;57.817;1.000
termelerdi?;;;2274;1;1;57.817;1.000
termelerin;;;2274;1;1;57.817;1.000
termelerini?;;;2274;1;1;57.817;1.000
texnika;;;2274;1;1;57.817;1.000
texnikal?q;;;2274;1;1;57.817;1.000
tezligi;;;2274;1;1;57.817;1.000
te?be;;;2274;1;1;57.817;1.000
te?izge;;;2274;1;1;57.817;1.000
te?izinde;;;2274;1;1;57.817;1.000
te?izinen;;;2274;1;1;57.817;1.000
te?izler;;;2274;1;1;57.817;1.000
te?izleri;;;2274;1;1;57.817;1.000
te?izni?;;;2274;1;1;57.817;1.000
te?izshisin;;;2274;1;1;57.817;1.000
te?lemesi;;;2274;1;1;57.817;1.000
the;;;2274;1;1;57.817;1.000
tigiwshilik;;;2274;1;1;57.817;1.000
tikkeley;;;2274;1;1;57.817;1.000
tikledi;;;2274;1;1;57.817;1.000
tiklegennen;;;2274;1;1;57.817;1.000
tiklew;;;2274;1;1;57.817;1.000
tilegin;;;2274;1;1;57.817;1.000
tilek;;;2274;1;1;57.817;1.000
tilekke;;;2274;1;1;57.817;1.000
tilindegi;;;2274;1;1;57.817;1.000
tilinen;;;2274;1;1;57.817;1.000
tili?;;;2274;1;1;57.817;1.000
tiller;;;2274;1;1;57.817;1.000
tillerde;;;2274;1;1;57.817;1.000
tillerge;;;2274;1;1;57.817;1.000
tilleri;;;2274;1;1;57.817;1.000
tillerin;;;2274;1;1;57.817;1.000
tillerine;;;2274;1;1;57.817;1.000
tillerinen;;;2274;1;1;57.817;1.000
tipini?;;;2274;1;1;57.817;1.000
tiplerine;;;2274;1;1;57.817;1.000
tiptegi;;;2274;1;1;57.817;1.000
tiresinen;;;2274;1;1;57.817;1.000
tirewi;;;2274;1;1;57.817;1.000
tirishilikti?;;;2274;1;1;57.817;1.000
tisi;;;2274;1;1;57.817;1.000
titul?;;;2274;1;1;57.817;1.000
tiyetu??n;;;2274;1;1;57.817;1.000
tiyip;;;2274;1;1;57.817;1.000
tiyislik;;;2274;1;1;57.817;1.000
tiykarda;;;2274;1;1;57.817;1.000
tiykarlan?p;;;2274;1;1;57.817;1.000
tiykarlan?w?;;;2274;1;1;57.817;1.000
tiykarlar?nda;;;2274;1;1;57.817;1.000
tiykarla?gan;;;2274;1;1;57.817;1.000
tiykar?n;;;2274;1;1;57.817;1.000
tiykar?nda??;;;2274;1;1;57.817;1.000
tiykar??lar?nan;;;2274;1;1;57.817;1.000
tiyresindegi;;;2274;1;1;57.817;1.000
tiyresinen;;;2274;1;1;57.817;1.000
tolq?nlar?;;;2274;1;1;57.817;1.000
tolstoy;;;2274;1;1;57.817;1.000
tolt?r?p;;;2274;1;1;57.817;1.000
tol?p;;;2274;1;1;57.817;1.000
tol?qt?r?w;;;2274;1;1;57.817;1.000
tol?s?w?;;;2274;1;1;57.817;1.000
tol???;;;2274;1;1;57.817;1.000
tol???raq;;;2274;1;1;57.817;1.000
tol?awlard?;;;2274;1;1;57.817;1.000
tom;;;2274;1;1;57.817;1.000
toml?q;;;2274;1;1;57.817;1.000
tomn??;;;2274;1;1;57.817;1.000
tomson;;;2274;1;1;57.817;1.000
tom?;;;2274;1;1;57.817;1.000
tom?n;;;2274;1;1;57.817;1.000
tom?nda;;;2274;1;1;57.817;1.000
ton;;;2274;1;1;57.817;1.000
topar?;;;2274;1;1;57.817;1.000
topar?na;;;2274;1;1;57.817;1.000
toplamaqsh?;;;2274;1;1;57.817;1.000
toplamlar?nda;;;2274;1;1;57.817;1.000
toplam?nan;;;2274;1;1;57.817;1.000
toplap;;;2274;1;1;57.817;1.000
topla?an;;;2274;1;1;57.817;1.000
topographic;;;2274;1;1;57.817;1.000
top?raq;;;2274;1;1;57.817;1.000
top?raqlar;;;2274;1;1;57.817;1.000
top?raqta;;;2274;1;1;57.817;1.000
top?ra??;;;2274;1;1;57.817;1.000
top?ra??n;;;2274;1;1;57.817;1.000
toqtatt?;;;2274;1;1;57.817;1.000
toqtat?l?p;;;2274;1;1;57.817;1.000
toq?w;;;2274;1;1;57.817;1.000
tor?aydan;;;2274;1;1;57.817;1.000
tos?nnan;;;2274;1;1;57.817;1.000
toylar?n;;;2274;1;1;57.817;1.000
toy?nad?;;;2274;1;1;57.817;1.000
toy?a;;;2274;1;1;57.817;1.000
to?ay;;;2274;1;1;57.817;1.000
to?aylar;;;2274;1;1;57.817;1.000
to?aylard?;;;2274;1;1;57.817;1.000
to?uz;;;2274;1;1;57.817;1.000
to??z;;;2274;1;1;57.817;1.000
traditsiyalar;;;2274;1;1;57.817;1.000
transformatorlar;;;2274;1;1;57.817;1.000
transport;;;2274;1;1;57.817;1.000
transport?;;;2274;1;1;57.817;1.000
transport?n??;;;2274;1;1;57.817;1.000
treviranus;;;2274;1;1;57.817;1.000
tribune;;;2274;1;1;57.817;1.000
trikotaj;;;2274;1;1;57.817;1.000
tropikler;;;2274;1;1;57.817;1.000
truba;;;2274;1;1;57.817;1.000
trubalar?;;;2274;1;1;57.817;1.000
trubas?;;;2274;1;1;57.817;1.000
tsarskoye;;;2274;1;1;57.817;1.000
tsiklin;;;2274;1;1;57.817;1.000
tszi;;;2274;1;1;57.817;1.000
tuj?r?ml?;;;2274;1;1;57.817;1.000
tul?a;;;2274;1;1;57.817;1.000
tundras?;;;2274;1;1;57.817;1.000
turanda;;;2274;1;1;57.817;1.000
turan?a;;;2274;1;1;57.817;1.000
turaq;;;2274;1;1;57.817;1.000
turbatiyler;;;2274;1;1;57.817;1.000
turd?;;;2274;1;1;57.817;1.000
turgenev;;;2274;1;1;57.817;1.000
turi;;;2274;1;1;57.817;1.000
turianchay;;;2274;1;1;57.817;1.000
turmaq;;;2274;1;1;57.817;1.000
turm?sl?q;;;2274;1;1;57.817;1.000
turm?sqa;;;2274;1;1;57.817;1.000
turm?sta;;;2274;1;1;57.817;1.000
turm?s?;;;2274;1;1;57.817;1.000
turm?s?n;;;2274;1;1;57.817;1.000
turm?s?na;;;2274;1;1;57.817;1.000
turm?s?nda;;;2274;1;1;57.817;1.000
turpay?;;;2274;1;1;57.817;1.000
turpay?l?qt?;;;2274;1;1;57.817;1.000
tur?wsh?l?q;;;2274;1;1;57.817;1.000
tur??iz;;;2274;1;1;57.817;1.000
tur?anda;;;2274;1;1;57.817;1.000
tur?anda??;;;2274;1;1;57.817;1.000
tusindirile;;;2274;1;1;57.817;1.000
tusinik;;;2274;1;1;57.817;1.000
tutas;;;2274;1;1;57.817;1.000
tutas?wsh?;;;2274;1;1;57.817;1.000
tutqan;;;2274;1;1;57.817;1.000
tutqan?;;;2274;1;1;57.817;1.000
tutqas?;;;2274;1;1;57.817;1.000
tutq?nnan;;;2274;1;1;57.817;1.000
tutq?n?a;;;2274;1;1;57.817;1.000
tut?l?w?;;;2274;1;1;57.817;1.000
tut?w?n;;;2274;1;1;57.817;1.000
tuwr?l?q;;;2274;1;1;57.817;1.000
tuw?ld?;;;2274;1;1;57.817;1.000
tuw?l?p;;;2274;1;1;57.817;1.000
tuw?l?w;;;2274;1;1;57.817;1.000
tuw?l?anl???;;;2274;1;1;57.817;1.000
tuw?l?anl???n??;;;2274;1;1;57.817;1.000
tuw?sqan?ma;;;2274;1;1;57.817;1.000
tuw?anlar?;;;2274;1;1;57.817;1.000
tuw??zd?;;;2274;1;1;57.817;1.000
tvorchestvas?n??;;;2274;1;1;57.817;1.000
tvorchestvol?q;;;2274;1;1;57.817;1.000
tyanshan;;;2274;1;1;57.817;1.000
tyulen;;;2274;1;1;57.817;1.000
t?biyatl?;;;2274;1;1;57.817;1.000
t?biyat?n;;;2274;1;1;57.817;1.000
t?biyat?na;;;2274;1;1;57.817;1.000
t?jikstan;;;2274;1;1;57.817;1.000
t?jireybesi;;;2274;1;1;57.817;1.000
t?jiriybeler;;;2274;1;1;57.817;1.000
t?kab?rl?qt?;;;2274;1;1;57.817;1.000
t?limat?;;;2274;1;1;57.817;1.000
t?liymatlard??;;;2274;1;1;57.817;1.000
t?liymat?na;;;2274;1;1;57.817;1.000
t?miyinlenedi;;;2274;1;1;57.817;1.000
t?miyinlenetu??n;;;2274;1;1;57.817;1.000
t?miyinleniw;;;2274;1;1;57.817;1.000
t?miyinleydi;;;2274;1;1;57.817;1.000
t?miynlenedi;;;2274;1;1;57.817;1.000
t?miynlenip;;;2274;1;1;57.817;1.000
t?miynleydi;;;2274;1;1;57.817;1.000
t?rbiyalan?p;;;2274;1;1;57.817;1.000
t?rbiyalan?an;;;2274;1;1;57.817;1.000
t?rbiyalaw;;;2274;1;1;57.817;1.000
t?rbiyalayman;;;2274;1;1;57.817;1.000
t?rbiyash?s?;;;2274;1;1;57.817;1.000
t?repdarlar?;;;2274;1;1;57.817;1.000
t?repke;;;2274;1;1;57.817;1.000
t?replerin;;;2274;1;1;57.817;1.000
t?repte;;;2274;1;1;57.817;1.000
t?repten;;;2274;1;1;57.817;1.000
t?riplik;;;2274;1;1;57.817;1.000
t?riyipleydi;;;2274;1;1;57.817;1.000
t?riypleydi;;;2274;1;1;57.817;1.000
t?rtibi;;;2274;1;1;57.817;1.000
t?rtiplestiriwler;;;2274;1;1;57.817;1.000
t?sirlendiriwshi;;;2274;1;1;57.817;1.000
t?sirleniw;;;2274;1;1;57.817;1.000
t??irbergen;;;2274;1;1;57.817;1.000
t??dirin;;;2274;1;1;57.817;1.000
t?gin;;;2274;1;1;57.817;1.000
t?lewge;;;2274;1;1;57.817;1.000
t?leyse?;;;2274;1;1;57.817;1.000
t?mendegishe;;;2274;1;1;57.817;1.000
t?meninde;;;2274;1;1;57.817;1.000
t?rde;;;2274;1;1;57.817;1.000
t?re;;;2274;1;1;57.817;1.000
t?resin;;;2274;1;1;57.817;1.000
t?rkini;;;2274;1;1;57.817;1.000
t?rtlenshi;;;2274;1;1;57.817;1.000
t?rtlik;;;2274;1;1;57.817;1.000
t?rtlikler;;;2274;1;1;57.817;1.000
t?rtten;;;2274;1;1;57.817;1.000
t?binde;;;2274;1;1;57.817;1.000
t?birge;;;2274;1;1;57.817;1.000
t?n;;;2274;1;1;57.817;1.000
t?nde;;;2274;1;1;57.817;1.000
t?ni;;;2274;1;1;57.817;1.000
t?p;;;2274;1;1;57.817;1.000
t?rde;;;2274;1;1;57.817;1.000
t?rden;;;2274;1;1;57.817;1.000
t?rge;;;2274;1;1;57.817;1.000
t?rindegi;;;2274;1;1;57.817;1.000
t?rine;;;2274;1;1;57.817;1.000
t?rkler;;;2274;1;1;57.817;1.000
t?rkmenbas?;;;2274;1;1;57.817;1.000
t?rkmenstan;;;2274;1;1;57.817;1.000
t?rkmenstanda;;;2274;1;1;57.817;1.000
t?rkmenstann??;;;2274;1;1;57.817;1.000
t?rkstanda;;;2274;1;1;57.817;1.000
t?rlerden;;;2274;1;1;57.817;1.000
t?rlerge;;;2274;1;1;57.817;1.000
t?rtki;;;2274;1;1;57.817;1.000
t?r??;;;2274;1;1;57.817;1.000
t?si;;;2274;1;1;57.817;1.000
t?sindiriledi;;;2274;1;1;57.817;1.000
t?sindirip;;;2274;1;1;57.817;1.000
t?singen;;;2274;1;1;57.817;1.000
t?singenine;;;2274;1;1;57.817;1.000
t?siniklerge;;;2274;1;1;57.817;1.000
t?siniw;;;2274;1;1;57.817;1.000
t?siniwi;;;2274;1;1;57.817;1.000
t?siniwine;;;2274;1;1;57.817;1.000
t?sipti;;;2274;1;1;57.817;1.000
t?sirdi;;;2274;1;1;57.817;1.000
t?siredi;;;2274;1;1;57.817;1.000
t?slik;;;2274;1;1;57.817;1.000
t?sten;;;2274;1;1;57.817;1.000
t?sti;;;2274;1;1;57.817;1.000
t?yinin;;;2274;1;1;57.817;1.000
t?yini?;;;2274;1;1;57.817;1.000
t?rksoy;;;2274;1;1;57.817;1.000
t?net;;;2274;1;1;57.817;1.000
t?r?sqan;;;2274;1;1;57.817;1.000
t??;;;2274;1;1;57.817;1.000
t??lap;;;2274;1;1;57.817;1.000
t??lawsh?lard??;;;2274;1;1;57.817;1.000
t???z;;;2274;1;1;57.817;1.000
t?hsil;;;2274;1;1;57.817;1.000
t?rif;;;2274;1;1;57.817;1.000
ud;;;2274;1;1;57.817;1.000
ullar?;;;2274;1;1;57.817;1.000
ulm;;;2274;1;1;57.817;1.000
ulu?bek;;;2274;1;1;57.817;1.000
ul?m;;;2274;1;1;57.817;1.000
ul?wmalasqan;;;2274;1;1;57.817;1.000
ul?wmalast?r?w?a;;;2274;1;1;57.817;1.000
umt?lad?;;;2274;1;1;57.817;1.000
um?t?w;;;2274;1;1;57.817;1.000
unamayd?;;;2274;1;1;57.817;1.000
unamaytu??n;;;2274;1;1;57.817;1.000
unams?z;;;2274;1;1;57.817;1.000
unatpad?;;;2274;1;1;57.817;1.000
unesco;;;2274;1;1;57.817;1.000
universall?q;;;2274;1;1;57.817;1.000
uqsasl?qqa;;;2274;1;1;57.817;1.000
uqt?rmaqsh?;;;2274;1;1;57.817;1.000
uq?b?;;;2274;1;1;57.817;1.000
uq?b?n??;;;2274;1;1;57.817;1.000
uq?pl?;;;2274;1;1;57.817;1.000
uq?pl?l?q;;;2274;1;1;57.817;1.000
uq?ps?z;;;2274;1;1;57.817;1.000
uq?ps?zl???na;;;2274;1;1;57.817;1.000
urmaq;;;2274;1;1;57.817;1.000
urpaqlar?;;;2274;1;1;57.817;1.000
ur?slar?;;;2274;1;1;57.817;1.000
ur?sqa;;;2274;1;1;57.817;1.000
ur?sta;;;2274;1;1;57.817;1.000
ur?s?w;;;2274;1;1;57.817;1.000
ur?wlar?;;;2274;1;1;57.817;1.000
ur?w?na;;;2274;1;1;57.817;1.000
ur?an;;;2274;1;1;57.817;1.000
usa?an;;;2274;1;1;57.817;1.000
useynov;;;2274;1;1;57.817;1.000
ushin;;;2274;1;1;57.817;1.000
ushq?nlar?;;;2274;1;1;57.817;1.000
ushrasqan;;;2274;1;1;57.817;1.000
ush?pt?;;;2274;1;1;57.817;1.000
ush?rasam?z;;;2274;1;1;57.817;1.000
ush?ras?p;;;2274;1;1;57.817;1.000
ush?ratam?z;;;2274;1;1;57.817;1.000
ush?rat?w;;;2274;1;1;57.817;1.000
ush?ra?an;;;2274;1;1;57.817;1.000
ush?rma;;;2274;1;1;57.817;1.000
usta;;;2274;1;1;57.817;1.000
ustalar?n??;;;2274;1;1;57.817;1.000
ustavta;;;2274;1;1;57.817;1.000
ustav?;;;2274;1;1;57.817;1.000
ustav?nda;;;2274;1;1;57.817;1.000
ustav?nda??;;;2274;1;1;57.817;1.000
ustazdan;;;2274;1;1;57.817;1.000
ustazd??;;;2274;1;1;57.817;1.000
ustazlar?na;;;2274;1;1;57.817;1.000
ustazl?q;;;2274;1;1;57.817;1.000
ustaz?;;;2274;1;1;57.817;1.000
ustaz?na;;;2274;1;1;57.817;1.000
us?l;;;2274;1;1;57.817;1.000
us?lay?nsha;;;2274;1;1;57.817;1.000
us?llar?;;;2274;1;1;57.817;1.000
us?nad?;;;2274;1;1;57.817;1.000
us?nda;;;2274;1;1;57.817;1.000
us?nd?;;;2274;1;1;57.817;1.000
us?n?s?;;;2274;1;1;57.817;1.000
utad?;;;2274;1;1;57.817;1.000
utanishadlar;;;2274;1;1;57.817;1.000
utanishadlard??;;;2274;1;1;57.817;1.000
ut?w;;;2274;1;1;57.817;1.000
uya;;;2274;1;1;57.817;1.000
uyal?;;;2274;1;1;57.817;1.000
uyat;;;2274;1;1;57.817;1.000
uyqasatu??n;;;2274;1;1;57.817;1.000
uyqas?ml?;;;2274;1;1;57.817;1.000
uyqlap;;;2274;1;1;57.817;1.000
uyrenedi;;;2274;1;1;57.817;1.000
uyreniwdi?;;;2274;1;1;57.817;1.000
uy?tq?s?;;;2274;1;1;57.817;1.000
uy?art?w?nsha;;;2274;1;1;57.817;1.000
uy?ur;;;2274;1;1;57.817;1.000
uy??r;;;2274;1;1;57.817;1.000
uzboy;;;2274;1;1;57.817;1.000
u?lann??;;;2274;1;1;57.817;1.000
valexoshuq;;;2274;1;1;57.817;1.000
valiev;;;2274;1;1;57.817;1.000
valyutas?;;;2274;1;1;57.817;1.000
vandidod;;;2274;1;1;57.817;1.000
vaqif;;;2274;1;1;57.817;1.000
vaqiftin;;;2274;1;1;57.817;1.000
variantlar?;;;2274;1;1;57.817;1.000
variant?n;;;2274;1;1;57.817;1.000
varinat?;;;2274;1;1;57.817;1.000
vayshelmika;;;2274;1;1;57.817;1.000
vaysheshaka;;;2274;1;1;57.817;1.000
vedalarda;;;2274;1;1;57.817;1.000
vedalar?a;;;2274;1;1;57.817;1.000
vedan??;;;2274;1;1;57.817;1.000
veli;;;2274;1;1;57.817;1.000
versiyalar?na;;;2274;1;1;57.817;1.000
veysheshikan??;;;2274;1;1;57.817;1.000
vezirovt??;;;2274;1;1;57.817;1.000
vidadiy;;;2274;1;1;57.817;1.000
videvdat;;;2274;1;1;57.817;1.000
vino;;;2274;1;1;57.817;1.000
virusologiya;;;2274;1;1;57.817;1.000
vishka;;;2274;1;1;57.817;1.000
visperad;;;2274;1;1;57.817;1.000
vozrojdenie;;;2274;1;1;57.817;1.000
vulkan;;;2274;1;1;57.817;1.000
vurgunn??;;;2274;1;1;57.817;1.000
vur?un;;;2274;1;1;57.817;1.000
vyetnam;;;2274;1;1;57.817;1.000
vyurtemberg;;;2274;1;1;57.817;1.000
v?;;;2274;1;1;57.817;1.000
walayat?;;;2274;1;1;57.817;1.000
waqiyalar;;;2274;1;1;57.817;1.000
waqt?;;;2274;1;1;57.817;1.000
waq?tlarda;;;2274;1;1;57.817;1.000
waq?tqa;;;2274;1;1;57.817;1.000
waq?tsha;;;2274;1;1;57.817;1.000
waq?ts?z;;;2274;1;1;57.817;1.000
waq?tt??;;;2274;1;1;57.817;1.000
waq?yalard??;;;2274;1;1;57.817;1.000
waq?yalar?;;;2274;1;1;57.817;1.000
waq?yalar?n;;;2274;1;1;57.817;1.000
waq?yalar?nan;;;2274;1;1;57.817;1.000
waq?yan??;;;2274;1;1;57.817;1.000
waq?yas?;;;2274;1;1;57.817;1.000
waq?ya?a;;;2274;1;1;57.817;1.000
watan;;;2274;1;1;57.817;1.000
watand?;;;2274;1;1;57.817;1.000
watan?n;;;2274;1;1;57.817;1.000
waz?ypalar?n;;;2274;1;1;57.817;1.000
waz?ypalar?a;;;2274;1;1;57.817;1.000
waz?ypas?n;;;2274;1;1;57.817;1.000
wa??nda;;;2274;1;1;57.817;1.000
w?kil;;;2274;1;1;57.817;1.000
w?killeri;;;2274;1;1;57.817;1.000
w?killigi;;;2274;1;1;57.817;1.000
w?layatlar;;;2274;1;1;57.817;1.000
w?layat?;;;2274;1;1;57.817;1.000
w?layat?na;;;2274;1;1;57.817;1.000
w?layat?n??;;;2274;1;1;57.817;1.000
w?ziri;;;2274;1;1;57.817;1.000
w?zirlik;;;2274;1;1;57.817;1.000
x;;;2274;1;1;57.817;1.000
xabar;;;2274;1;1;57.817;1.000
xabarlad?;;;2274;1;1;57.817;1.000
xadjibekovt??;;;2274;1;1;57.817;1.000
xafizi;;;2274;1;1;57.817;1.000
xaganiy;;;2274;1;1;57.817;1.000
xalay?qqa;;;2274;1;1;57.817;1.000
xalidti?;;;2274;1;1;57.817;1.000
xalifal???;;;2274;1;1;57.817;1.000
xalq?nan;;;2274;1;1;57.817;1.000
xal?qlar?n??;;;2274;1;1;57.817;1.000
xal?qlar?a;;;2274;1;1;57.817;1.000
xal?ql?q;;;2274;1;1;57.817;1.000
xal?qt?n;;;2274;1;1;57.817;1.000
xal??;;;2274;1;1;57.817;1.000
xamsalar;;;2274;1;1;57.817;1.000
xamsalar?a;;;2274;1;1;57.817;1.000
xamsan?;;;2274;1;1;57.817;1.000
xamsas?nda;;;2274;1;1;57.817;1.000
xan?m;;;2274;1;1;57.817;1.000
xan?a;;;2274;1;1;57.817;1.000
xarakterdi;;;2274;1;1;57.817;1.000
xarakteri;;;2274;1;1;57.817;1.000
xasan;;;2274;1;1;57.817;1.000
xatlar;;;2274;1;1;57.817;1.000
xatlard??;;;2274;1;1;57.817;1.000
xatoiy;;;2274;1;1;57.817;1.000
xatun;;;2274;1;1;57.817;1.000
xayya;;;2274;1;1;57.817;1.000
xechshaki;;;2274;1;1;57.817;1.000
xibbat;;;2274;1;1;57.817;1.000
ximiyal?q;;;2274;1;1;57.817;1.000
ximiyas?;;;2274;1;1;57.817;1.000
xirat;;;2274;1;1;57.817;1.000
xiratta;;;2274;1;1;57.817;1.000
xiratta??;;;2274;1;1;57.817;1.000
xiywadan;;;2274;1;1;57.817;1.000
xiywada??;;;2274;1;1;57.817;1.000
xojalepes;;;2274;1;1;57.817;1.000
xojal?qt??;;;2274;1;1;57.817;1.000
xojal???nda;;;2274;1;1;57.817;1.000
xojambergenov;;;2274;1;1;57.817;1.000
xojamurat;;;2274;1;1;57.817;1.000
xojaqul;;;2274;1;1;57.817;1.000
xojeke;;;2274;1;1;57.817;1.000
xojelepes;;;2274;1;1;57.817;1.000
xonkandi;;;2274;1;1;57.817;1.000
xonkendi;;;2274;1;1;57.817;1.000
xonkendida;;;2274;1;1;57.817;1.000
xopxopnama;;;2274;1;1;57.817;1.000
xorasanda??;;;2274;1;1;57.817;1.000
xordadbek;;;2274;1;1;57.817;1.000
xor?ma;;;2274;1;1;57.817;1.000
xosh;;;2274;1;1;57.817;1.000
xoshlas?w;;;2274;1;1;57.817;1.000
xristianlard??;;;2274;1;1;57.817;1.000
xronobiologiya;;;2274;1;1;57.817;1.000
xudojnikler;;;2274;1;1;57.817;1.000
xudojniklerinde;;;2274;1;1;57.817;1.000
xudojniklerinen;;;2274;1;1;57.817;1.000
xumanch;;;2274;1;1;57.817;1.000
xurmas?;;;2274;1;1;57.817;1.000
xurramiyler;;;2274;1;1;57.817;1.000
xuseyn;;;2274;1;1;57.817;1.000
x?sraw;;;2274;1;1;57.817;1.000
x?zmetinde;;;2274;1;1;57.817;1.000
x?zmetke;;;2274;1;1;57.817;1.000
ya;;;2274;1;1;57.817;1.000
yadjurved?;;;2274;1;1;57.817;1.000
yakovleva;;;2274;1;1;57.817;1.000
yal?annan;;;2274;1;1;57.817;1.000
yanvar;;;2274;1;1;57.817;1.000
yanvarda;;;2274;1;1;57.817;1.000
yapon;;;2274;1;1;57.817;1.000
yaponiya;;;2274;1;1;57.817;1.000
yaranlar;;;2274;1;1;57.817;1.000
yarur;;;2274;1;1;57.817;1.000
yar?m?n;;;2274;1;1;57.817;1.000
yaskart;;;2274;1;1;57.817;1.000
yasna;;;2274;1;1;57.817;1.000
yassawiyden;;;2274;1;1;57.817;1.000
yemen;;;2274;1;1;57.817;1.000
yenot;;;2274;1;1;57.817;1.000
yer;;;2274;1;1;57.817;1.000
yeri;;;2274;1;1;57.817;1.000
yok;;;2274;1;1;57.817;1.000
yubileyi;;;2274;1;1;57.817;1.000
yurdunu;;;2274;1;1;57.817;1.000
yurisdiktsiyas?;;;2274;1;1;57.817;1.000
yusif;;;2274;1;1;57.817;1.000
yusip;;;2274;1;1;57.817;1.000
yusuf;;;2274;1;1;57.817;1.000
yusup;;;2274;1;1;57.817;1.000
yusupbek;;;2274;1;1;57.817;1.000
y?l;;;2274;1;1;57.817;1.000
zafaron;;;2274;1;1;57.817;1.000
zahhaq;;;2274;1;1;57.817;1.000
zakatala;;;2274;1;1;57.817;1.000
zakatali;;;2274;1;1;57.817;1.000
zal?m;;;2274;1;1;57.817;1.000
zal?nda;;;2274;1;1;57.817;1.000
zamanag?y;;;2274;1;1;57.817;1.000
zamanlarda;;;2274;1;1;57.817;1.000
zamanlar?a;;;2274;1;1;57.817;1.000
zamanlaslar?n??;;;2274;1;1;57.817;1.000
zaman?m?zda;;;2274;1;1;57.817;1.000
zaman?m?z?a;;;2274;1;1;57.817;1.000
zaman?na;;;2274;1;1;57.817;1.000
zamar?q;;;2274;1;1;57.817;1.000
zamar?qlar;;;2274;1;1;57.817;1.000
zamaxshariy;;;2274;1;1;57.817;1.000
zangazur;;;2274;1;1;57.817;1.000
zangilan;;;2274;1;1;57.817;1.000
zangori;;;2274;1;1;57.817;1.000
zapaslar;;;2274;1;1;57.817;1.000
zarafshan;;;2274;1;1;57.817;1.000
zardushtiylik;;;2274;1;1;57.817;1.000
zardushtiylikti;;;2274;1;1;57.817;1.000
zardushtiylikti?;;;2274;1;1;57.817;1.000
zardusht?yl?q;;;2274;1;1;57.817;1.000
zatta;;;2274;1;1;57.817;1.000
zatt?;;;2274;1;1;57.817;1.000
zatt??;;;2274;1;1;57.817;1.000
zat?;;;2274;1;1;57.817;1.000
zavodlar?nan;;;2274;1;1;57.817;1.000
zergeri;;;2274;1;1;57.817;1.000
zergerlikler;;;2274;1;1;57.817;1.000
zeynine;;;2274;1;1;57.817;1.000
zeyni?di;;;2274;1;1;57.817;1.000
zeynul;;;2274;1;1;57.817;1.000
zeytun;;;2274;1;1;57.817;1.000
ziban?m;;;2274;1;1;57.817;1.000
zibold;;;2274;1;1;57.817;1.000
zira;;;2274;1;1;57.817;1.000
ziyat;;;2274;1;1;57.817;1.000
ziywar;;;2274;1;1;57.817;1.000
zonada;;;2274;1;1;57.817;1.000
zonas?;;;2274;1;1;57.817;1.000
zoologiya;;;2274;1;1;57.817;1.000
zsfsr;;;2274;1;1;57.817;1.000
zulayxa;;;2274;1;1;57.817;1.000
zulfiqor;;;2274;1;1;57.817;1.000
zulqarnay?nni?;;;2274;1;1;57.817;1.000
zul?ml?qt?;;;2274;1;1;57.817;1.000
z?rurligi;;;2274;1;1;57.817;1.000
z?r?rli;;;2274;1;1;57.817;1.000
µm;;;2274;1;1;57.817;1.000
?bdisay?t;;;2274;1;1;57.817;1.000
?bdurazaq;;;2274;1;1;57.817;1.000
?dalat;;;2274;1;1;57.817;1.000
?debiyatlar?n??;;;2274;1;1;57.817;1.000
?debiyatqa;;;2274;1;1;57.817;1.000
?debiyatta;;;2274;1;1;57.817;1.000
?debiyatta?;;;2274;1;1;57.817;1.000
?debiyatt?;;;2274;1;1;57.817;1.000
?debiyat?m?z;;;2274;1;1;57.817;1.000
?debiyat?n;;;2274;1;1;57.817;1.000
?debiyat?n?n;;;2274;1;1;57.817;1.000
?depli;;;2274;1;1;57.817;1.000
?dibini?;;;2274;1;1;57.817;1.000
?dil;;;2274;1;1;57.817;1.000
?diy;;;2274;1;1;57.817;1.000
?hmiyetine;;;2274;1;1;57.817;1.000
?hmiyetke;;;2274;1;1;57.817;1.000
?hmiyetliligi;;;2274;1;1;57.817;1.000
?hmiyetlisi;;;2274;1;1;57.817;1.000
?jiniyazdan;;;2274;1;1;57.817;1.000
?j?m;;;2274;1;1;57.817;1.000
?keliwi;;;2274;1;1;57.817;1.000
?keliwin;;;2274;1;1;57.817;1.000
?kesindegi;;;2274;1;1;57.817;1.000
?kesinen;;;2274;1;1;57.817;1.000
?kesini?;;;2274;1;1;57.817;1.000
?lbentti;;;2274;1;1;57.817;1.000
?lem;;;2274;1;1;57.817;1.000
?lemge;;;2274;1;1;57.817;1.000
?leminde;;;2274;1;1;57.817;1.000
?leyhis;;;2274;1;1;57.817;1.000
?lik;;;2274;1;1;57.817;1.000
?lipbesin;;;2274;1;1;57.817;1.000
?liy;;;2274;1;1;57.817;1.000
?mel;;;2274;1;1;57.817;1.000
?meldarlar?na;;;2274;1;1;57.817;1.000
?meliy;;;2274;1;1;57.817;1.000
?meliyat;;;2274;1;1;57.817;1.000
?mirlikleri;;;2274;1;1;57.817;1.000
?miwd?ryada;;;2274;1;1;57.817;1.000
?nar;;;2274;1;1;57.817;1.000
?ngimeni?;;;2274;1;1;57.817;1.000
?njir;;;2274;1;1;57.817;1.000
?piway?lar;;;2274;1;1;57.817;1.000
?psanalar;;;2274;1;1;57.817;1.000
?rman;;;2274;1;1;57.817;1.000
?rmanlard??;;;2274;1;1;57.817;1.000
?sbap;;;2274;1;1;57.817;1.000
?siri;;;2274;1;1;57.817;1.000
?sirlerdi?;;;2274;1;1;57.817;1.000
?sirlik;;;2274;1;1;57.817;1.000
?skerdi;;;2274;1;1;57.817;1.000
?skerini?;;;2274;1;1;57.817;1.000
?ste;;;2274;1;1;57.817;1.000
?tiraplar?nan;;;2274;1;1;57.817;1.000
?tirap?;;;2274;1;1;57.817;1.000
?trap?na;;;2274;1;1;57.817;1.000
?welemen;;;2274;1;1;57.817;1.000
?wladlar?;;;2274;1;1;57.817;1.000
?wladlar?nan;;;2274;1;1;57.817;1.000
?wlad?n;;;2274;1;1;57.817;1.000
?yyemgiligin;;;2274;1;1;57.817;1.000
?zben;;;2274;1;1;57.817;1.000
?zerbayjanda??;;;2274;1;1;57.817;1.000
?zerbayjanlar;;;2274;1;1;57.817;1.000
?zerbayjanl?;;;2274;1;1;57.817;1.000
?zerbayjan?a;;;2274;1;1;57.817;1.000
?giz;;;2274;1;1;57.817;1.000
?jirelerinde;;;2274;1;1;57.817;1.000
?kinedi;;;2274;1;1;57.817;1.000
?ledi;;;2274;1;1;57.817;1.000
?limin;;;2274;1;1;57.817;1.000
?liminen;;;2274;1;1;57.817;1.000
?lip;;;2274;1;1;57.817;1.000
?lshem;;;2274;1;1;57.817;1.000
?lshemin;;;2274;1;1;57.817;1.000
?lsheminde;;;2274;1;1;57.817;1.000
?lshemine;;;2274;1;1;57.817;1.000
?lshemlerde;;;2274;1;1;57.817;1.000
?lshemlerden;;;2274;1;1;57.817;1.000
?lshemlerge;;;2274;1;1;57.817;1.000
?lshemlerini?;;;2274;1;1;57.817;1.000
?lshep;;;2274;1;1;57.817;1.000
?ltiredi;;;2274;1;1;57.817;1.000
?ltirgen;;;2274;1;1;57.817;1.000
?mirde;;;2274;1;1;57.817;1.000
?mirdegi;;;2274;1;1;57.817;1.000
?mirdi;;;2274;1;1;57.817;1.000
?mirim;;;2274;1;1;57.817;1.000
?mirini?;;;2274;1;1;57.817;1.000
?mirino;;;2274;1;1;57.817;1.000
?mirlerinde;;;2274;1;1;57.817;1.000
?ndiriske;;;2274;1;1;57.817;1.000
?ndiriste;;;2274;1;1;57.817;1.000
?ndiristi?;;;2274;1;1;57.817;1.000
?nerdi?;;;2274;1;1;57.817;1.000
?nerin;;;2274;1;1;57.817;1.000
?nerine;;;2274;1;1;57.817;1.000
?nerinen;;;2274;1;1;57.817;1.000
?nermentler;;;2274;1;1;57.817;1.000
?nermentshilik;;;2274;1;1;57.817;1.000
?nermentti?;;;2274;1;1;57.817;1.000
?nim;;;2274;1;1;57.817;1.000
?nimde;;;2274;1;1;57.817;1.000
?nimi;;;2274;1;1;57.817;1.000
?nimler;;;2274;1;1;57.817;1.000
?nimli;;;2274;1;1;57.817;1.000
?nimni?;;;2274;1;1;57.817;1.000
?sh;;;2274;1;1;57.817;1.000
?shpes;;;2274;1;1;57.817;1.000
?simligi;;;2274;1;1;57.817;1.000
?simliklerdi?;;;2274;1;1;57.817;1.000
?simliklerge;;;2274;1;1;57.817;1.000
?simlikli;;;2274;1;1;57.817;1.000
?siwi;;;2274;1;1;57.817;1.000
?siwshi;;;2274;1;1;57.817;1.000
?tepbergen;;;2274;1;1;57.817;1.000
?tesh;;;2274;1;1;57.817;1.000
?tiledi;;;2274;1;1;57.817;1.000
?tilgen;;;2274;1;1;57.817;1.000
?tinish;;;2274;1;1;57.817;1.000
?tinishim;;;2274;1;1;57.817;1.000
?tiw;;;2274;1;1;57.817;1.000
?tiwimiz;;;2274;1;1;57.817;1.000
?tkenlikleri;;;2274;1;1;57.817;1.000
?tkeredi;;;2274;1;1;57.817;1.000
?tkeriledi;;;2274;1;1;57.817;1.000
?tkeriliwi;;;2274;1;1;57.817;1.000
?tkeriwine;;;2274;1;1;57.817;1.000
?tkirligi;;;2274;1;1;57.817;1.000
?tkizgen;;;2274;1;1;57.817;1.000
?tkiziw;;;2274;1;1;57.817;1.000
?tmishin;;;2274;1;1;57.817;1.000
?tse;;;2274;1;1;57.817;1.000
?ytkeni;;;2274;1;1;57.817;1.000
?zek;;;2274;1;1;57.817;1.000
?zgelerdi;;;2274;1;1;57.817;1.000
?zgerislerge;;;2274;1;1;57.817;1.000
?zgertken;;;2274;1;1;57.817;1.000
?zgeshelikke;;;2274;1;1;57.817;1.000
?zgesheliklerin;;;2274;1;1;57.817;1.000
?zgesheliklerini?;;;2274;1;1;57.817;1.000
?zim;;;2274;1;1;57.817;1.000
?zimiz;;;2274;1;1;57.817;1.000
?zimnin;;;2274;1;1;57.817;1.000
?zindey;;;2274;1;1;57.817;1.000
?zinen;;;2274;1;1;57.817;1.000
?zinin;;;2274;1;1;57.817;1.000
?zi?e;;;2274;1;1;57.817;1.000
?zlestirgen;;;2274;1;1;57.817;1.000
?z?eshe;;;2274;1;1;57.817;1.000
?kelerin;;;2274;1;1;57.817;1.000
?lesin;;;2274;1;1;57.817;1.000
?lesti?;;;2274;1;1;57.817;1.000
?lgiler;;;2274;1;1;57.817;1.000
?lke;;;2274;1;1;57.817;1.000
?lkelerdi;;;2274;1;1;57.817;1.000
?lkeni;;;2274;1;1;57.817;1.000
?lkenligi;;;2274;1;1;57.817;1.000
?lkeygende;;;2274;1;1;57.817;1.000
?lkeygennen;;;2274;1;1;57.817;1.000
?lkeytilgen;;;2274;1;1;57.817;1.000
?rdiske;;;2274;1;1;57.817;1.000
?shinshiden;;;2274;1;1;57.817;1.000
?shkilsiz;;;2274;1;1;57.817;1.000
?shlenshi;;;2274;1;1;57.817;1.000
?skene;;;2274;1;1;57.817;1.000
?stindegi;;;2274;1;1;57.817;1.000
?yine;;;2274;1;1;57.817;1.000
?yini?;;;2274;1;1;57.817;1.000
?yi?nen;;;2274;1;1;57.817;1.000
?ylengennen;;;2274;1;1;57.817;1.000
?yleniw;;;2274;1;1;57.817;1.000
?yleniwinde;;;2274;1;1;57.817;1.000
?ylerde;;;2274;1;1;57.817;1.000
?ylespedi;;;2274;1;1;57.817;1.000
?yme;;;2274;1;1;57.817;1.000
?yren;;;2274;1;1;57.817;1.000
?yrenildi;;;2274;1;1;57.817;1.000
?yrenip;;;2274;1;1;57.817;1.000
?yreniw;;;2274;1;1;57.817;1.000
?yreniwine;;;2274;1;1;57.817;1.000
?yretiliwi;;;2274;1;1;57.817;1.000
?yretiwge;;;2274;1;1;57.817;1.000
?yretken;;;2274;1;1;57.817;1.000
?zbewge;;;2274;1;1;57.817;1.000
?ziliske;;;2274;1;1;57.817;1.000
?zilmeydi;;;2274;1;1;57.817;1.000
??ilip;;;2274;1;1;57.817;1.000
?nl?;;;2274;1;1;57.817;1.000
?;;;2274;1;1;57.817;1.000
?laq;;;2274;1;1;57.817;1.000
?lay?ql?;;;2274;1;1;57.817;1.000
?n;;;2274;1;1;57.817;1.000
?ql?md?;;;2274;1;1;57.817;1.000
?ql?mnan;;;2274;1;1;57.817;1.000
?ql?m?na;;;2274;1;1;57.817;1.000
?shq?;;;2274;1;1;57.817;1.000
?ss?l?q;;;2274;1;1;57.817;1.000
?z?ar;;;2274;1;1;57.817;1.000
?iirleri;;;2274;1;1;57.817;1.000
?iirlerinden;;;2274;1;1;57.817;1.000
?ap?lda;;;2274;1;1;57.817;1.000
?arr?;;;2274;1;1;57.817;1.000
?arr?lar;;;2274;1;1;57.817;1.000
?arr?lard??;;;2274;1;1;57.817;1.000
?arr?l?q;;;2274;1;1;57.817;1.000
?arr?n??;;;2274;1;1;57.817;1.000
?ayratkerleri;;;2274;1;1;57.817;1.000
?ay?p;;;2274;1;1;57.817;1.000
?az;;;2274;1;1;57.817;1.000
?azday;;;2274;1;1;57.817;1.000
?aznaviy;;;2274;1;1;57.817;1.000
?a?q?lda?an;;;2274;1;1;57.817;1.000
?iyasatdin;;;2274;1;1;57.817;1.000
?oy;;;2274;1;1;57.817;1.000
?uruj?a;;;2274;1;1;57.817;1.000
??lle;;;2274;1;1;57.817;1.000
??rezli;;;2274;1;1;57.817;1.000
??rezsizligi;;;2274;1;1;57.817;1.000
??rip;;;2274;1;1;57.817;1.000
??zebi;;;2274;1;1;57.817;1.000
??ziynelerinen;;;2274;1;1;57.817;1.000
??ziynesine;;;2274;1;1;57.817;1.000
??zzellerin;;;2274;1;1;57.817;1.000
?d?biyyat?;;;2274;1;1;57.817;1.000
‰‡Ï‡;;;2274;1;1;57.817;1.000
ÔËÍÓ‚‡ˇ;;;2274;1;1;57.817;1.000
Òitologiya;;;2274;1;1;57.817;1.000
?yyemgi;;;2274;1;1;57.817;1.000
